{"used": 0.00021990104452996153, "conducted": 0.0012135922330097086, "arviointiin\\n\\nmenetelm\u00e4t": 1.0, "p\u00e4\u00e4telmi\u00e4": 0.05263157894736842, "\\n\\nresults": 0.25, "consisted": 0.004545454545454545, "interventio": 0.3333333333333333, "tavoitteet": 0.009174311926605505, "k\u00e4ytt\u00f6\u00f6n": 0.006802721088435374, "finland": 0.0007301935012778386, "liittyy": 0.0033222591362126247, "end": 0.0007022471910112359, "differences": 0.0006176652254478073, "feedback": 0.0032258064516129032, "not": 4.378092027494418e-05, "puolisoille": 1.0, "havaittiin": 0.009433962264150943, "vuosittain": 0.021739130434782608, "mukaan": 0.0003502626970227671, "k\u00e4siteltyj\u00e4": 0.5, "suunnattu": 0.024390243902439025, "applicability": 0.01694915254237288, "tuoreen": 0.125, "occasions": 0.008620689655172414, "meetings": 0.005847953216374269, "vnvis-cg": 1.0, "on": 0.00011956716685598135, "participate": 0.002277904328018223, "cases": 0.0006540222367560497, "but": 8.153946510110893e-05, "form": 0.00028074115665356543, "vuonna": 0.0008403361344537816, "suurta": 0.006711409395973154, "toteutusta": 0.2, "assessing": 0.01098901098901099, "henkil\u00f6n": 0.010526315789473684, "studies": 0.00018583906337112061, "tyytyv\u00e4isyyden": 0.3333333333333333, "kuitenkin": 0.0005058168942842691, "liittyv\u00e4st\u00e4": 0.038461538461538464, "therapy": 0.002105263157894737, "research": 0.00013374348000534973, "monia": 0.007518796992481203, "vain": 0.0007267441860465116, "my\u00f6sk\u00e4\u00e4n": 0.005128205128205128, "toisella": 0.008333333333333333, "diagnosoitu": 0.14285714285714285, "persons": 0.00980392156862745, "available": 0.0006983240223463687, "omia": 0.0049504950495049506, "puheterapiasta": 1.0, "affect": 0.001447178002894356, "now": 0.0007429420505200594, "matter": 0.0008223684210526315, "voida": 0.0070921985815602835, "laajasti": 0.012048192771084338, "sek\u00e4": 0.0007477567298105683, "larger": 0.0009940357852882703, "alzheimerin": 0.5, "these": 9.365926758452749e-05, "ep\u00e4suora": 0.09090909090909091, "muistisairaiden": 1.0, "treatment": 0.0012091898428053204, "kohteena": 0.00558659217877095, "koostui": 0.01639344262295082, "osallistumista": 0.025, "only": 0.000259302476338649, "methods": 0.00030807147258163895, "ja": 0.00029489101319637285, "that": 7.947546195112258e-05, "couples": 0.02857142857142857, "sis\u00e4lt\u00f6j\u00e4": 0.05, "jotka": 0.0005461496450027307, "saatavilla": 0.008771929824561403, "some": 0.00013610997686130393, "felt": 0.0034482758620689655, "kuitenkaan": 0.001584786053882726, "found": 0.0005686664771111743, "k\u00e4ytettyj\u00e4": 0.02702702702702703, "usefulness": 0.011627906976744186, "tutkimuksen": 0.0008149959250203749, "all": 0.00020633446817290828, "were": 0.00012665442340573744, "esitell\u00e4": 0.05555555555555555, "j\u00e4lkeen": 0.0009319664492078285, "apply": 0.0026455026455026454, "vuorovaikutuksen": 0.029850746268656716, "method": 0.0007288629737609329, "l\u00e4heisten": 0.16666666666666666, "perceptions": 0.012345679012345678, "dementia-associated": 1.0, "ole": 0.0008261049153242462, "omaan": 0.005405405405405406, "objectives": 0.007874015748031496, "most": 0.0001503307276007216, "partner": 0.013157894736842105, "aiheesta": 0.008928571428571428, "kohdalla": 0.0028653295128939827, "speech": 0.0009157509157509158, "between": 0.00010150223304912708, "diseases": 0.006172839506172839, "samalla": 0.00202020202020202, "suomalaista": 0.01282051282051282, "ei": 0.00013294336612603032, "are": 8.506294658046955e-05, "aikana": 0.001091703056768559, "tasaavan": 1.0, "pariskuntaa": 1.0, "analyysiin": 0.019230769230769232, "their": 0.00023232401455897158, "is": 5.9492823678143824e-05, "purpose": 0.0017271157167530224, "soveltuvuutta": 0.047619047619047616, "tehd\u00e4": 0.002242152466367713, "definitely": 0.012987012987012988, "tapaustutkimus": 0.03225806451612903, "dementia": 0.07142857142857142, "vaikuttaneen": 0.05, "videoaineiston": 0.1, "suomennetun": 1.0, "k\u00e4sitysten": 0.029411764705882353, "kielen": 0.00234192037470726, "osapuolille": 0.16666666666666666, "tulee": 0.0014727540500736377, "made": 0.000437636761487965, "pariskuntien": 1.0, "even": 0.00017777777777777779, "with": 0.00017067273503057888, "to": 4.4579967545783626e-05, "vaikuttaa": 0.0015748031496062992, "content": 0.00046882325363338024, "this": 6.921373200442968e-05, "eroja": 0.006535947712418301, "hy\u00f6dyllisen\u00e4": 0.125, "couple\u2019s": 0.3333333333333333, "ep\u00e4suorasta": 0.5, "muokata": 0.058823529411764705, "osalta": 0.0024813895781637717, "execution": 0.02702702702702703, "widely": 0.002145922746781116, "examined": 0.002004008016032064, "data": 0.00013083867591259977, "osallistujat": 0.02631578947368421, "hokeva-menetelm\u00e4n": 1.0, "many": 0.00023272050267628578, "jatkossa": 0.022222222222222223, "vaikuttavuuden": 0.2, "yksil\u00f6llisi\u00e4": 0.041666666666666664, "t\u00e4m\u00e4n": 0.0007412898443291327, "tutkia": 0.0056179775280898875, "tutkimukseen": 0.003937007874015748, "vuorovaikutusstrategioiden": 1.0, "muistisairauksiin": 1.0, "jatkotutkimus": 0.3333333333333333, "during": 0.00022114108801415304, "there": 0.00022067747986317997, "participated": 0.0036363636363636364, "juuri": 0.002028397565922921, "whom": 0.0029940119760479044, "sairastuneen": 0.25, "interaction": 0.004461440407903123, "kokivat": 0.011235955056179775, "number": 0.00026616981634282674, "tutkittavien": 0.10869565217391304, "eik\u00e4": 0.0024009603841536613, "v\u00e4lisi\u00e4": 0.012987012987012988, "\\n\\nmethod": 1.0, "neededvuorovaikutuksen": 1.0, "finnish": 0.00042069835927639884, "uusia": 0.003389830508474576, "of": 8.53315129277242e-05, "indirect": 0.0031746031746031746, "sivuaa": 0.14285714285714285, "filled": 0.009174311926605505, "tutkielman": 0.0049261083743842365, "palautelomakkeella": 1.0, "language": 0.00022619316896629722, "comparison": 0.0008680555555555555, "k\u00e4ytt\u00e4mien": 0.2, "14500": 1.0, "new": 0.00016894745734076703, "behavior": 0.0035149384885764497, "verrokkiryhm\u00e4ll\u00e4": 1.0, "henkil\u00f6iden": 0.02666666666666667, "kuntoutusta": 1.0, "strategioita": 0.09090909090909091, "healthy": 0.00558659217877095, "tutkimusaineistoa": 0.09090909090909091, "tauti": 0.1, "kolme": 0.002967359050445104, "atin": 1.0, "aimed": 0.009345794392523364, "yksi": 0.0012578616352201257, "tyytyv\u00e4isyys": 0.1, "modified": 0.0021413276231263384, "observed": 0.0004601932811780948, "p\u00e4\u00e4ttyess\u00e4": 0.16666666666666666, "individual": 0.00045558086560364467, "translated": 0.0018867924528301887, "toimintaansa": 0.027777777777777776, "ilmaantuu": 0.3333333333333333, "at": 0.0003904470618858593, "tutkielma": 0.004694835680751174, "reported": 0.0008628127696289905, "mutta": 0.0003211303789338471, "type": 0.00044822949350067237, "approximately": 0.00196078431372549, "yleisin": 0.02040816326530612, "affected": 0.002178649237472767, "yksitt\u00e4isi\u00e4": 0.02127659574468085, "strategies": 0.004092769440654843, "interventiosta": 0.09090909090909091, "ett\u00e4": 0.00010797969981643452, "well": 0.0004506534474988734, "kyselylomakkeella": 0.16666666666666666, "six": 0.0014044943820224719, "addressed": 0.004291845493562232, "vaikuttavuutta": 0.058823529411764705, "osallistui": 0.013333333333333334, "puheterapiainterventio": 1.0, "koskevien": 0.06666666666666667, "tukeminen": 0.027777777777777776, "and": 7.605941995916194e-05, "tutkimuksessa": 0.0014124293785310734, "also": 0.00023943493355680593, "interventiota": 0.14285714285714285, "muutoksista": 0.041666666666666664, "kuudesta": 0.058823529411764705, "isommalla": 1.0, "future": 0.0006858710562414266, "johtop\u00e4\u00e4t\u00f6kset": 0.010309278350515464, "year": 0.0010559662090813093, "tarkoitus": 0.005747126436781609, "vuorovaikutusta": 0.04, "separate": 0.0013458950201884253, "hokeva-menetelm\u00e4ll\u00e4": 1.0, "kovin": 0.00641025641025641, "tarkastellaan": 0.006993006993006993, "n\u00e4iss\u00e4": 0.00819672131147541, "analyzing": 0.007194244604316547,