{"long": 0.0007173601147776184, "hierarchical": 0.0058823529411764705, "kroonisten": 0.14285714285714285, "tulehdusmerkkiaineen": 1.0, "used": 0.0005497526113249038, "personality": 0.013054830287206266, "c-reaktiiviseen": 1.0, "regression": 0.004032258064516129, "objective": 0.002688172043010753, "vuonna": 0.0008403361344537816, "yhteytt\u00e4": 0.008333333333333333, "tavoitteet": 0.009174311926605505, "tutkittiin": 0.00909090909090909, "muodosta": 0.043478260869565216, "that": 7.947546195112258e-05, "not": 4.378092027494418e-05, "model": 0.00018416206261510129, "predicted": 0.0028089887640449437, "inventory": 0.006802721088435374, "havaittiin": 0.009433962264150943, "inconsistent": 0.013157894736842105, "underlying": 0.002702702702702703, "vakioinnin": 1.0, "muuttujien": 0.04, "contrary": 0.004048582995951417, "joskin": 0.019230769230769232, "erin\u00e4isiin": 0.3333333333333333, "finding": 0.0022123893805309734, "piirteiden": 0.03571428571428571, "well": 0.0002253267237494367, "crp-pitoisuuteen": 1.0, "adjusting": 0.0196078431372549, "cryfs": 1.0, "korkeaan": 0.125, "on": 0.00015942288914130845, "rajoitteisen": 1.0, "eiv\u00e4t": 0.0015420200462606013, "muut": 0.0031746031746031746, "hyvinvointiin": 0.03571428571428571, "stressihaavoittuvuuteen": 1.0, "kypsyyteen": 1.0, "results": 0.00018747656542932134, "cardiovascular": 0.011627906976744186, "tutkimuksesta": 0.01694915254237288, "current": 0.0007401924500370096, "low-grade": 0.5, "niukan": 1.0, "mahdollinen": 0.012048192771084338, "ovat": 0.00025673940949935817, "study": 0.000527203711514129, "tulosten": 0.00819672131147541, "term": 0.000779423226812159, "paljon": 0.0010570824524312897, "several": 0.0003832886163280951, "analyyseiss\u00e4": 0.25, "examine": 0.002364066193853428, "studies": 0.00018583906337112061, "temperament": 0.1111111111111111, "johtop\u00e4\u00e4t\u00f6kset": 0.010309278350515464, "regressio-analyysill\u00e4": 1.0, "nor": 0.0020964360587002098, "whether": 0.0005078720162519045, "kuitenkin": 0.0005058168942842691, "variety": 0.0015873015873015873, "factor": 0.0008818342151675485, "depression": 0.006944444444444444, "levels": 0.0033715441672285905, "useiden": 0.014925373134328358, "aineisto": 0.0038461538461538464, "crp-tasoon": 1.0, "muotoihin": 0.14285714285714285, "merkitt\u00e4v\u00e4\u00e4": 0.01639344262295082, "little": 0.001288659793814433, "tarkoituksena": 0.004608294930875576, "v\u00e4h\u00e4n": 0.0020408163265306124, "itseohjautuvuus": 0.375, "olivat": 0.001142204454597373, "perusteella": 0.0015313935681470138, "proteiiniin": 1.0, "assessment": 0.0010183299389002036, "present": 0.0007390983000739098, "as": 4.2153184673102054e-05, "k\u00e4ytetyn": 0.03333333333333333, "terveysk\u00e4ytt\u00e4ytymisen": 1.0, "tiedoilla": 0.3333333333333333, "suggests": 0.0014367816091954023, "i\u00e4lt\u00e4\u00e4n": 0.07142857142857142, "weakly": 0.007518796992481203, "young": 0.0007987220447284345, "variables": 0.001152073732718894, "2012\\n\\nresults": 1.0, "health": 0.0010775862068965517, "toistaiseksi": 0.02040816326530612, "harmin-v\u00e4ltt\u00e4minen": 1.0, "design\\n\\nmethods": 1.0, "biomarker": 0.007633587786259542, "these": 0.0002809778027535825, "able": 0.0006385696040868455, "associations": 0.008130081300813009, "level": 0.0003599712023038157, "c-reactive": 0.2857142857142857, "persoonallisuuden": 0.047619047619047616, "psychological": 0.00516795865633075, "was": 0.00019809040846242225, "only": 0.0001296512381693245, "harminv\u00e4ltt\u00e4mist\u00e4": 1.0, "persoonallisuus": 0.05263157894736842, "ja": 0.00029489101319637285, "different": 0.00020833333333333335, "tci-kyselyll\u00e4": 1.0, "masennukseen": 0.2, "aspects": 0.0009107468123861566, "adjustment": 0.016129032258064516, "epidemiological": 0.02857142857142857, "tulehduksen": 0.4, "stress": 0.0018281535648994515, "lasten": 0.002777777777777778, "tulokset": 0.0035335689045936395, "kuitenkaan": 0.001584786053882726, "assessed": 0.00784313725490196, "matala-asteiseen": 1.0, "yhteydess\u00e4": 0.0015267175572519084, "predict": 0.004310344827586207, "potential": 0.0006341154090044388, "riski\u00e4": 0.09090909090909091, "tiedet\u00e4\u00e4n": 0.017241379310344827, "crp": 0.43478260869565216, "2012": 0.0011827321111768185, "tutkimuksen": 0.0032599837000814994, "epidemiologisesti": 1.0, "suggest": 0.001394700139470014, "were": 0.0002533088468114749, "analysis": 0.0005947660586835844, "alkaneesta": 0.5, "j\u00e4lkeen": 0.0009319664492078285, "protein": 0.0010570824524312897, "main": 0.00046948356807511736, "muutosta": 0.023529411764705882, "and": 0.00010531304302037807, "vulnerability": 0.022727272727272728, "self-directedness": 1.0, "scores": 0.0025252525252525255, "matala-asteinen": 1.0, "1980": 0.0029985007496251873, "kuten": 0.0005793742757821553, "olevan": 0.0011148272017837235, "ennustavatko": 1.0, "well-being": 0.004310344827586207, "muuttujat": 0.058823529411764705, "oli": 0.0001413827230312456, "hierarkkisella": 1.0, "tulehdukseen": 1.0, "started": 0.001658374792703151, "itse-ohjautuvuus": 1.0, "in": 4.6709951221465225e-05, "mukaan": 0.0003502626970227671, "participants": 0.0010070493454179255, "tulehdus": 0.14285714285714285, "showed": 0.000851063829787234, "other": 9.511128019783147e-05, "arvioitiin": 0.02564102564102564, "aiemman": 0.05555555555555555, "diseases": 0.0030864197530864196, "v\u00e4est\u00f6pohjaisesta": 1.0, "matala-asteiselle": 1.0, "widely": 0.002145922746781116, "c-reaktiivisen": 1.0, "tekij\u00e4": 0.009708737864077669, "hypothesis": 0.0016155088852988692, "dimensions": 0.004739336492890996, "heikosti": 0.05555555555555555, "baseline": 0.00909090909090909, "variable": 0.001379310344827586, "tci": 0.5, "eleven": 0.019230769230769232, "psykologiseen": 0.2, "vuoden": 0.006983240223463687, "previous": 0.0014992503748125937, "keskiarvona": 1.0, "vakioitiin": 0.5, "related": 0.0008159934720522236, "longitudinal": 0.004201680672268907, "er\u00e4s": 0.008771929824561403, "selvitt\u00e4\u00e4": 0.005291005291005291, "avoidance": 0.05982905982905983, "keskeinen": 0.006666666666666667, "tunnettu": 0.018867924528301886, "vakioidut": 1.0, "wide": 0.00196078431372549, "serum": 0.027210884353741496, "mean": 0.0006821282401091405, "yhteydest\u00e4": 0.041666666666666664, "perspectiveharminv\u00e4ltt\u00e4mistemperamentin": 1.0, "aim": 0.0009871668311944718, "covariates": 0.11764705882352941, "for": 4.17641162712997e-05, "by": 3.515803536898358e-05, "years": 0.0008385744234800838, "p\u00e4\u00e4asiassa": 0.00546448087431694, "harminv\u00e4ltt\u00e4minen": 1.0, "however": 0.00028348688873139615, "prospektiivisesta": 1.0, "finns": 0.003952569169960474, "known": 0.001272264631043257, "\\n\\nmenetelm\u00e4t": 0.14285714285714285, "with": 8.533636751528944e-05, "taustalla": 0.008888888888888889, "1191": 0.047619047619047616, "yhdistetty": 0.06451612903225806, "factors": 0.0017964071856287425, "yhteydet": 0.024390243902439025, "tautiryhmien": 1.0, "cloningerin": 1.0, "kanssa": 0.0006476683937823834, "findings": 0.0022522522522522522, "investigate": 0.002652519893899204, "per\u00e4isin": 0.02247191011235955, "luonnepiirteist\u00e4": 1.0, "risk": 0.005555555555555556, "an": 5.180810278727593e-05, "dependent": 0.0017543859649122807, "mainly": 0.0011013215859030838, "population-based": 0.034482758620689655, "tutkitut": 0.09090909090909091, "ajalta": 0.017241379310344827, "seurantatutkimus": 0.25, "itsen\u00e4ist\u00e4": 0.05555555555555555, "underlies": 0.14285714285714285, "prospective": 0.01680672268907563, "ristiriidassa": 0.023255813953488372, "yhteys": 0.005649717514124294, "harm": 0.09210526315789473, "stressiin": 0.3333333333333333, "eg": 0.0002589331952356292, "\\n\\ntulokset": 0.058823529411764705, "itseohjautuvuutta": 0.3333333333333333, "is": 7.436602959767977e-05, "ainoastaan": 0.002145922746781116, "neither": 0.002631578947368421, "trait": 0.02127659574468085, "35-50-vuotiaita": 1.0, "t\u00e4m\u00e4n": 0.0007412898443291327, "research": 0.00026748696001069946, "temperamenttipiirteist\u00e4": 1.0,