{"university": 0.0010482180293501049, "l\u00e4hdemolekyylien": 1.0, "kahden": 0.0017574692442882249, "intramolekulaarinen": 1.0, "reaktiokinetiikka-analyysi": 1.0, "katalysoimisessa": 1.0, "library": 0.037037037037037035, "niit\u00e4": 0.0006246096189881324, "tutkittiin": 0.014492753623188406, "platina": 1.0, "mutta": 0.0001437607820586544, "aktivointi": 0.1111111111111111, "parantamaan": 0.02857142857142857, "jo": 0.0002802690582959641, "valittiin": 0.006134969325153374, "kyseisten": 0.014705882352941176, "muokkaamalla": 0.2, "katalyyttien": 1.0, "havaittiin": 0.008064516129032258, "toisiintumisen": 1.0, "funktionalisointi": 1.0, "helsingin": 0.0003757985719654265, "s\u00e4\u00e4nn\u00f6n": 0.0625, "aktiivisuus": 0.014492753623188406, "ett\u00e4": 4.9679566794177554e-05, "aktivointienergioiden": 1.0, "haluttua": 0.047619047619047616, "jolloin": 0.0005165289256198347, "tietoa": 0.0008695652173913044, "on": 5.854115443156539e-05, "laskennallinen": 0.125, "kohdemolekyyli\u00e4": 1.0, "p\u00e4\u00e4huomio": 0.1111111111111111, "helka-tietokannasta": 0.09090909090909091, "tavoiteltiin": 0.05263157894736842, "kolmoissidoksiin": 1.0, "vastoin": 0.008403361344537815, "ovat": 9.516558812333461e-05, "tulosten": 0.002369668246445498, "selvitt\u00e4miseen": 0.0625, "vallitseva": 0.01818181818181818, "kokeellisten": 0.14285714285714285, "helsinki": 0.00025926886180969663, "pyrittiin": 0.004016064257028112, "reaktiivisuuseroja": 1.0, "siirtym\u00e4metalliaktivoituun": 1.0, "at": 0.002932551319648094, "k\u00e4\u00e4nt\u00e4\u00e4": 0.010416666666666666, "avhandlingen": 0.09090909090909091, "kirjastossa": 0.030303030303030304, "reaktiivisuus": 0.14285714285714285, "hydridinsiirron": 1.0, "luettavissa": 0.01639344262295082, "p\u00e4\u00e4tettiin": 0.01, "oikealla": 0.013157894736842105, "selektiivisyytt\u00e4": 1.0, "osoittautunut": 0.02631578947368421, "use": 0.006896551724137931, "tutkimiseen": 0.011111111111111112, "ynonin": 1.0, "perusteella": 0.0006165228113440197, "alkyynien": 1.0, "vaikutti": 0.002188183807439825, "silt\u00e4": 0.0034482758620689655, "bibliotek": 0.07142857142857142, "whole": 0.04, "molekyylinsis\u00e4isen": 1.0, "sek\u00e4": 0.0001905306277984186, "saavuttaa": 0.006060606060606061, "tavoitellun": 0.16666666666666666, "abstract": 0.009900990099009901, "\\n\\nn\u00e4ill\u00e4": 1.0, "valinnalla": 0.07142857142857142, "suoritetun": 0.1111111111111111, "hydridinsiirto": 1.0, "opinn\u00e4ytteiden": 0.07142857142857142, "only": 0.0136986301369863, "l\u00e4sesalsbruk": 0.09090909090909091, "t\u00e4h\u00e4n": 0.0009794319294809011, "ja": 0.00010014938950601314, "huomattavan": 0.018867924528301886, "varsin": 0.0019230769230769232, "perinteisin": 0.3333333333333333, "terti\u00e4\u00e4risille": 1.0, "koska": 0.0003281916639317361, "avhandlingens": 0.09090909090909091, "luovuttajille": 1.0, "tiivistelm\u00e4": 0.010869565217391304, "tulokset": 0.0016891891891891893, "ty\u00f6ss\u00e4": 0.00702576112412178, "hae": 0.07142857142857142, "kuitenkaan": 0.0008, "huomio": 0.006578947368421052, "lewishapot": 1.0, "endast": 0.04, "kirjallisuusvertailun": 1.0, "sammandrag": 0.038461538461538464, "available": 0.03571428571428571, "toimintaa": 0.0011123470522803114, "l\u00e4ht\u00f6aineen": 1.0, "onnistuttu": 0.037037037037037035, "aktivoitujen": 1.0, "katalyytin": 0.5, "vasta": 0.0010121457489878543, "reaktion": 0.05, "luovuttajien": 1.0, "vuosituhannen": 0.02702702702702703, "f\u00f6r": 0.0033003300330033004, "hankalaksi\\n\\nkultakatalyyttien": 1.0, "kilpailevan": 0.14285714285714285, "copy": 0.09090909090909091, "oli": 4.9952545082171936e-05, "etup\u00e4\u00e4ss\u00e4": 0.02040816326530612, "reaktiivisuutta": 0.6666666666666666, "reaktioita": 0.03125, "kattavasti\\n\\nt\u00e4ss\u00e4": 1.0, "varmistivat": 0.5, "homogeenisessa": 0.08333333333333333, "mittaustuloksille": 1.0, "room": 0.029411764705882353, "tarkastelun": 0.004048582995951417, "nmr": 0.5, "tukeva": 0.043478260869565216, "ei": 5.779010633379565e-05, "toisiintumiseen": 1.0, "monitoroitiin": 1.0, "avulla": 0.00032268473701193933, "vain": 0.0002464268112370626, "finns": 0.02631578947368421, "monin": 0.006666666666666667, "puolella": 0.005681818181818182, "yliopiston": 0.0008051529790660225, "bimolekulaarinen": 1.0, "platinakatalyyttien": 1.0, "mukaiselle": 0.3333333333333333, "additiolle": 1.0, "koordinoituvat": 0.5, "httpwwwhelsinkifihelkaindexhtmalkyynien": 1.0, "vastaavuus": 0.05263157894736842, "molekyylinsis\u00e4isten": 1.0, "csp3-h\u2013sidoksien": 1.0, "mittauksia": 0.02857142857142857, "arkistokappaleet": 0.08333333333333333, "for": 0.0009165902841429881, "pappersexemplaret": 0.09090909090909091, "alkyyneja": 1.0, "httpwwwhelsinkifihelkaindexhtm": 0.09090909090909091, "tehtiin": 0.0027397260273972603, "reading": 0.02631578947368421, "ep\u00e4reaktiivisten": 1.0, "uudelleenj\u00e4rjestymiseen": 1.0, "helsingfors": 0.0027397260273972603, "molekyylinsis\u00e4iseen": 1.0, "tarkastelu": 0.0043859649122807015, "kanssa": 0.0002678810608090008, "nukleofiilien": 1.0, "reaktiivisuuden": 0.14285714285714285, "helka-databasen": 0.09090909090909091, "aktivoivan": 0.3333333333333333, "toisiintuminen": 1.0, "kattavan": 0.02564102564102564, "markovnikovin": 1.0, "menetelmin": 0.023809523809523808, "search": 0.03225806451612903, "mahdollista": 0.0009285051067780873, "reaktiomekanismin": 1.0, "esitetty\u00e4": 0.013888888888888888, "is": 0.0009124087591240876, "siirtoon": 0.16666666666666666, "antamat": 0.029411764705882353, "catalog": 0.09090909090909091, "t\u00e4m\u00e4n": 0.0009768804949527841, "prim\u00e4\u00e4risten": 1.0, "av": 0.004524886877828055, "menness\u00e4": 0.005025125628140704, "tutkittu": 0.0037735849056603774, "kolmoissidokseen": 1.0, "1h": 0.5, "helposti": 0.0026595744680851063, "the": 0.00032726082687902256, "hiili-hiili": 1.0, "helka": 0.058823529411764705, "v\u00e4lill\u00e4": 0.0005991611743559018, "lis\u00e4ksi": 0.0002651113467656416, "sekund\u00e4\u00e4risille": 1.0, "kirjallisuudessa": 0.006756756756756757, "erityisesti": 0.0004982561036372695, "of": 0.00013250298131707962, "aktivaatiossa": 1.0, "aktivoiden": 1.0, "online": 0.011627906976744186, "olevan": 0.0005047955577990914, "ynonien": 1.0, "sijaan": 0.0007898894154818325, "kilpaileva": 0.14285714285714285, "pehme\u00e4t": 0.125, "kohdereaktioksi": 1.0, "katalyysiss\u00e4": 1.0, "kulta": 0.15384615384615385, "tapahtui": 0.003484320557491289, "l\u00f6ydettiin": 0.043478260869565216, "kiinnitettiin": 0.017241379310344827, "hydridin": 1.0, "sill\u00e4": 0.0003313452617627568, "keinoin": 0.004524886877828055, "s\u00f6k": 0.08333333333333333, "hela": 0.010309278350515464, "leimauskokeen": 1.0, "laskennallisten": 0.5, "universitets": 0.07692307692307693, "thesis": 0.01639344262295082, "laskennallisen": 0.125, "paper": 0.02040816326530612}