{"aineisto": 0.0038461538461538464, "ruokakasvatukselle": 1.0, "material\\n\\nmethods": 1.0, "environment": 0.0012437810945273632, "mukaan": 0.0003502626970227671, "muuttaa": 0.010526315789473684, "games": 0.01020408163265306, "oppimateriaalista": 1.0, "more": 8.86053517632465e-05, "research": 0.00026748696001069946, "life": 0.0003769317753486619, "ovat\\n1\\ta": 1.0, "tavoitteet": 0.009174311926605505, "kehitysehdotuksina": 1.0, "niit\u00e4": 0.0014347202295552368, "teemoja": 0.018518518518518517, "laadullinen": 0.0196078431372549, "objectives": 0.007874015748031496, "heid\u00e4n": 0.001336898395721925, "class": 0.0022002200220022, "kouluruokailussa": 1.0, "could": 0.0002090738030524775, "analyysi": 0.0048543689320388345, "sis\u00e4lt\u00f6j\u00e4": 0.05, "view": 0.0005282620179609086, "interviews": 0.0012987012987012987, "examination": 0.0029239766081871343, "tai": 0.00020855057351407716, "terveellisyys": 1.0, "\\n1\\ta": 1.0, "uusimaa": 0.03333333333333333, "haluaisivat": 0.25, "n\u00e4kemyksi\u00e4": 0.03333333333333333, "compiled": 0.01098901098901099, "systemic": 0.008333333333333333, "n\u00e4kyy": 0.017543859649122806, "on": 0.0001394950279986449, "tukea": 0.004032258064516129, "piirteit\u00e4": 0.006060606060606061, "interviewees": 0.008264462809917356, "antaa": 0.002544529262086514, "osallistui": 0.013333333333333334, "compounded": 0.2, "complete": 0.001466275659824047, "ruokakasvatuksesta": 1.0, "healthiness": 0.25, "koulusta": 0.043478260869565216, "economics": 0.014925373134328358, "ovat": 0.0005134788189987163, "lapsen": 0.002881844380403458, "behaviour": 0.0014492753623188406, "pit\u00e4v\u00e4t": 0.01282051282051282, "arvokas": 0.06666666666666667, "\\nb": 1.0, "opettajaa": 0.045454545454545456, "they": 9.879470460383324e-05, "electric": 0.0015082956259426848, "oppimateriaali": 1.0, "johtop\u00e4\u00e4t\u00f6kset": 0.010309278350515464, "tutkimustulosten": 0.05, "yhdistyksen": 0.038461538461538464, "testej\u00e4": 0.1111111111111111, "tukee": 0.009174311926605505, "muodostuu": 0.011363636363636364, "added": 0.002962962962962963, "get": 0.0010604453870625664, "tarkastelusta": 0.1111111111111111, "oppimateriaalien": 1.0, "meals": 0.01282051282051282, "multidimensionality": 0.14285714285714285, "hyvin": 0.0007057163020465773, "questions": 0.0005770340450086555, "kuten": 0.0005793742757821553, "semi-structured": 0.008, "oppimateriaalia": 0.4, "context": 0.0008543357539513029, "like": 0.0003403675970047651, "further": 0.0004084967320261438, "itse": 0.0013531799729364006, "primary": 0.005766062602965404, "oppimisymp\u00e4rist\u00f6jen": 0.07692307692307693, "perusteella": 0.0030627871362940277, "how": 0.0005817335660267597, "methods": 0.00030807147258163895, "lis\u00e4\u00e4": 0.004807692307692308, "present": 0.0011086474501108647, "teht\u00e4v\u00e4n\u00e4": 0.023255813953488372, "as": 0.00012645955401930617, "asset": 0.04, "value": 0.00117096018735363, "study": 0.0006326444538169548, "tutkimusaineiston": 0.03125, "t\u00e4rkeimpin\u00e4": 0.2, "experience": 0.0008984725965858042, "tuo": 0.003937007874015748, "meta-combination": 1.0, "eri": 0.0005861664712778429, "sek\u00e4": 0.002243270189431705, "want": 0.0011641443538998836, "valmista": 0.1111111111111111, "se": 0.00044260843906757157, "ruokak\u00e4ytt\u00e4ytyminen": 1.0, "learning": 0.0016238159675236806, "valmistama": 1.0, "point": 0.0004701457451810061, "videosalakoulun": 1.0, "education": 0.0027041644131963224, "teachers": 0.007853403141361256, "erilaisia": 0.002531645569620253, "school": 0.0023998080153587713, "opettajien": 0.019138755980861243, "ja": 0.00029489101319637285, "different": 0.00020833333333333335, "ruokakasvatus": 0.3333333333333333, "nine": 0.004901960784313725, "executed": 0.022727272727272728, "sen": 0.0008305647840531562, "toteuttavat": 0.05555555555555555, "sovelluksia": 0.08333333333333333, "child": 0.0011074197120708748, "mik\u00e4": 0.0009182736455463728, "mitk\u00e4": 0.006134969325153374, "be": 3.209448616727646e-05, "questionnaires": 0.013513513513513514, "analysis": 0.0003965107057890563, "videoita": 0.14285714285714285, "develop": 0.001589825119236884, "find": 0.002926829268292683, "tutkimuksen": 0.0032599837000814994, "pitk\u00e4lti": 0.012048192771084338, "valuable": 0.003205128205128205, "t\u00e4rkeit\u00e4": 0.01020408163265306, "were": 6.332721170286872e-05, "published": 0.0008873114463176575, "viitekehys": 0.02631578947368421, "noudattaa": 0.022222222222222223, "reitti": 0.42857142857142855, "and": 0.00010531304302037807, "nature": 0.0005649717514124294, "region": 0.0008244023083264633, "out": 0.0002701242571582928, "tavoin": 0.007142857142857143, "systemaattisen": 0.1, "applications": 0.0010706638115631692, "kokemuksien": 0.1, "analysis\\n\\nresults": 0.3333333333333333, "opetuksessaan\\n2\\tmill\u00e4": 1.0, "alakoulun": 0.15, "t\u00e4rke\u00e4\u00e4": 0.0033444816053511705, "pelej\u00e4": 0.14285714285714285, "\\n3\\thow": 1.0, "millaista": 0.016129032258064516, "most": 0.0001503307276007216, "curriculum": 0.008695652173913044, "what": 0.0008138351983723296, "proposal": 0.007194244604316547, "haastateltavien": 0.010309278350515464, "menetelmi\u00e4\\n\\nmenetelm\u00e4t": 1.0, "applies": 0.004310344827586207, "effectuate": 1.0, "t\u00e4rkein\u00e4": 0.05555555555555555, "principles": 0.0018214936247723133, "\\n3\\tmill\u00e4": 1.0, "koulussaan": 0.25, "teoreettinen": 0.015873015873015872, "opetuksessa": 0.03225806451612903, "kolmesta": 0.021739130434782608, "kind": 0.0005470459518599562, "opinions": 0.006134969325153374, "are": 8.506294658046955e-05, "qualitative": 0.0012121212121212121, "conclusions": 0.0016611295681063123, "based": 0.00023629489603024575, "haastatteluilla": 0.16666666666666666, "materials": 0.0009285051067780873, "their": 0.0001548826763726477, "tutkimus": 0.0030441400304414, "it": 0.00011585695527921527, "mielest\u00e4\\nb": 1.0, "purpose": 0.0017271157167530224, "within": 0.0011811023622047244, "selvitt\u00e4\u00e4": 0.010582010582010581, "material": 0.003289473684210526, "aims": 0.0016501650165016502, "arki": 0.02564102564102564, "support": 0.0004201680672268908, "lis\u00e4arvoa": 0.16666666666666666, "would": 0.00014253135689851768, "development": 0.00032414910858995135, "aim": 0.0009871668311944718, "which": 5.7283611158847455e-05, "s\u00e4hk\u00f6isi\u00e4": 0.16666666666666666, "by": 3.515803536898358e-05, "ruokakasvatusta": 0.2, "ruokatieto": 1.0, "opetussuunnitelman": 0.03333333333333333, "food": 0.007246376811594203, "t\u00e4rkeimm\u00e4t": 0.045454545454545456, "aforementioned": 0.009259259259259259, "or": 4.915454187966968e-05, "to": 6.241195456409707e-05, "kehitt\u00e4\u00e4": 0.014814814814814815, "themselves": 0.0010799136069114472, "sis\u00e4ll\u00f6nanalyysin": 0.018518518518518517, "sille": 0.006211180124223602, "day-to-day": 0.07142857142857142, "kotitalousopetuksen": 0.07142857142857142, "developed": 0.0008718395815170009, "my\u00f6s": 0.00014112334180073385, "this": 0.00013842746400885935, "ker\u00e4ttiin": 0.01639344262295082, "koulussa": 0.006172839506172839, "main": 0.00046948356807511736, "hoping": 0.06666666666666667, "yhdeks\u00e4n": 0.027777777777777776, "mainly": 0.0011013215859030838, "was": 7.92361633849689e-05, "ymp\u00e4rist\u00f6": 0.015384615384615385, "does": 0.0002782415136338342, "metakombinaationa\\n\\ntulokset": 1.0, "aspects": 0.0009107468123861566, "conforms": 0.07692307692307693, "apu": 0.06666666666666667, "is": 0.00011898564735628765, "asiat": 0.012738853503184714, "themes": 0.002583979328165375, "materiaalia": 0.012048192771084338, "theoretical": 0.0007342143906020558, "t\u00e4m\u00e4n": 0.0007412898443291327, "uudeltamaalta": 0.25, "tekstianalyysin": 0.5, "tutkimukseen": 0.003937007874015748, "luonteeltaan": 0.017857142857142856, "important": 0.001188707280832095, "tapaustutkimuksen": 0.05, "during": 0.00022114108801415304, "viel\u00e4": 0.0011976047904191617, "tutkimuskysymykset": 0.014705882352941176, "joita": 0.0018552875695732839, "from": 0.00012533946104031752,