{"university": 0.00024449877750611245, "kukaan": 0.011111111111111112, "simultaneous": 0.007407407407407408, "sis\u00e4lt\u00e4mien": 0.16666666666666666, "than": 0.0002848597065945022, "ovat": 0.0005134788189987163, "these": 9.365926758452749e-05, "allow": 0.002136752136752137, "we": 0.00022009464069549907, "vuosia": 0.025, "aktiivisesti": 0.010869565217391304, "tarkasti": 0.011764705882352941, "tulokset": 0.0035335689045936395, "kylm\u00e4\u00e4n": 0.14285714285714285, "objects": 0.0010111223458038423, "not": 4.378092027494418e-05, "helsingfors": 0.00625, "yet": 0.0009199632014719411, "atomin": 1.0, "nuclei": 0.007352941176470588, "korkean": 0.017857142857142856, "bibliotek": 0.1111111111111111, "fermi": 0.03571428571428571, "examination": 0.0029239766081871343, "entisest\u00e4\u00e4nkin": 1.0, "helsingin": 0.0007716049382716049, "havaintomenetelm\u00e4t": 1.0, "library": 0.0019157088122605363, "tutkielmalla": 1.0, "voidaan": 0.0007057163020465773, "enough": 0.0010277492291880781, "neutronit\u00e4htiin": 1.0, "much": 0.00047961630695443646, "hiukkasten": 0.16666666666666666, "polytrooppien": 1.0, "n\u00e4m\u00e4": 0.0017985611510791368, "yliopiston": 0.0037313432835820895, "valottaa": 0.1, "on": 0.00017935075028397202, "tiheyksill\u00e4": 1.0, "been": 9.237875288683603e-05, "pyrkinyt": 0.015384615384615385, "tutkimuksille": 0.25, "current": 0.0014803849000740192, "aineella": 1.0, "pappersexemplaret": 0.2, "mittausmenetelmien": 1.0, "aineen": 0.11764705882352941, "since\\nthis": 1.0, "saadut": 0.034482758620689655, "httpwwwhelsinkifihelkaindexhtmneutron": 1.0, "left": 0.001201923076923077, "vain": 0.0007267441860465116, "paljon": 0.0010570824524312897, "calculations": 0.0053475935828877, "hy\u00f6dynt\u00e4en": 0.045454545454545456, "pit\u00e4isi": 0.005917159763313609, "helsinki": 0.00027948574622694243, "kylm\u00e4ll\u00e4": 0.2, "fashion": 0.004878048780487805, "tilanyht\u00e4l\u00f6n": 1.0, "at": 0.00019522353094292966, "kuitenkin": 0.0005058168942842691, "avhandlingen": 0.05263157894736842, "kylm\u00e4n": 0.09090909090909091, "opinn\u00e4ytteiden": 0.2, "s\u00e4demittauksia": 1.0, "riippuu": 0.02040816326530612, "luettavissa": 0.04, "detailed": 0.0015527950310559005, "us": 0.0005847953216374269, "research": 0.00013374348000534973, "liittyv\u00e4n": 0.009615384615384616, "very": 0.00027800945232137893, "use": 0.00020403999183840033, "fysiikkaa": 0.3333333333333333, "cold": 0.011267605633802818, "particles": 0.00046707146193367583, "neutronit\u00e4hdille": 1.0, "n\u00e4ill\u00e4": 0.015151515151515152, "until": 0.0015060240963855422, "k\u00e4yt\u00f6s": 0.045454545454545456, "no-one": 0.1111111111111111, "available": 0.0013966480446927375, "p\u00e4\u00e4tarkoitusta": 1.0, "state": 0.0018438844499078057, "unfortunately": 0.004366812227074236, "whole": 0.0007142857142857143, "sammandrag": 0.2, "have": 5.3556126820908315e-05, "massa-s\u00e4de": 1.0, "neutronit\u00e4htien": 1.0, "matter": 0.004934210526315789, "pqcd": 1.0, "httpwwwhelsinkifihelkaindexhtm": 0.2, "tuleville": 0.07692307692307693, "knowledge": 0.00039541320680110717, "tilanyht\u00e4l\u00f6st\u00e4": 1.0, "engl": 0.0136986301369863, "abstract": 0.001658374792703151, "tarkoitetaan": 0.0070921985815602835, "pystytty": 0.058823529411764705, "teoreettisiin": 0.1, "denser": 0.058823529411764705, "bayesian": 0.0051813471502590676, "bayesilaista": 1.0, "kirjastossa": 0.2, "only": 0.0001296512381693245, "l\u00e4sesalsbruk": 0.2, "possible\\nbecause": 1.0, "mittaamaan": 0.16666666666666666, "ja": 7.372275329909321e-05, "finns": 0.003952569169960474, "vaikka": 0.000864304235090752, "study": 0.00010544074230282581, "want": 0.002328288707799767, "koska": 0.0017777777777777779, "tiivistelm\u00e4": 0.006493506493506494, "measurements": 0.002067539627842867, "dense": 0.030303030303030304, "avhandlingens": 0.2, "some": 0.00013610997686130393, "be": 3.209448616727646e-05, "hae": 0.08333333333333333, "kinds": 0.001152073732718894, "yhteydess\u00e4": 0.0015267175572519084, "smaller": 0.001519756838905775, "tarkempi": 0.041666666666666664, "tutkiminen": 0.02127659574468085, "fermienergiaa": 1.0, "universe": 0.0030581039755351682, "tihe\u00e4\u00e4n": 0.14285714285714285, "endast": 0.013888888888888888, "tutkimuksen": 0.0008149959250203749, "esimerkiksi": 0.0005227391531625719, "were": 6.332721170286872e-05, "voimakkaasti": 0.010416666666666666, "kohteisiin": 0.14285714285714285, "main": 0.00046948356807511736, "vasta": 0.0032258064516129032, "and": 2.9253623061216132e-05, "should": 0.0002760143527463428, "l\u00e4mp\u00f6energia": 1.0, "uudenlaisten": 0.1, "haluttu": 0.02564102564102564, "harvoihin": 1.0, "tapa": 0.004484304932735426, "metodin": 0.05555555555555555, "energy": 0.000657030223390276, "method": 0.00036443148688046647, "f\u00f6r": 0.0010277492291880781, "combined": 0.001607717041800643, "copy": 0.005747126436781609, "star": 0.005747126436781609, "ole": 0.0008261049153242462, "two": 0.00013950892857142856, "qcd-laskelmiin": 1.0, "new": 0.00016894745734076703, "neutron": 0.13333333333333333, "havainnoista": 0.027777777777777776, "polytropes": 1.0, "quantum": 0.007936507936507936, "room": 0.0028011204481792717, "atomic": 0.003968253968253968, "still": 0.00048520135856380397, "thermal": 0.002785515320334262, "restrict": 0.014925373134328358, "ei": 0.00026588673225206064, "\\n\\nt\u00e4ll\u00e4": 1.0, "toisaalta": 0.0014326647564469914, "avulla": 0.002635046113306983, "kind": 0.0005470459518599562, "helka-tietokannasta": 0.2, "are": 2.8354315526823182e-05, "precise": 0.005154639175257732, "materiaa": 1.0, "kvanttiv\u00e4ridynamiikkalaskelmiin": 1.0, "perturbative": 0.03225806451612903, "going": 0.0020833333333333333, "t\u00e4ss\u00e4": 0.0014214641080312722, "k\u00e4yt\u00f6st\u00e4": 0.010526315789473684, "their": 7.744133818632385e-05, "kehitysasteella": 1.0, "it": 3.861898509307175e-05, "tehd\u00e4": 0.002242152466367713, "tiheyden": 0.09090909090909091, "mass-radius": 1.0, "physics": 0.000980392156862745, "niihin": 0.005681818181818182, "ollut": 0.0005291005291005291, "few": 0.0009174311926605505, "development": 0.00032414910858995135, "arkistokappaleet": 0.2, "which": 0.00011456722231769491, "for": 4.17641162712997e-05, "functions": 0.0006675567423230974, "esitell\u00e4\u00e4n": 0.01818181818181818, "this": 0.00013842746400885935, "kuin": 0.00034223134839151266, "radius": 0.005263157894736842, "hy\u00f6dynt\u00e4minen": 0.03571428571428571, "with": 2.844545583842981e-05, "to": 4.4579967545783626e-05, "reading": 0.0009569377990430622, "mittaustuloksia": 0.3333333333333333, "tihe\u00e4mp\u00e4\u00e4": 0.3333333333333333, "tarkastelu": 0.010638297872340425, "future": 0.0006858710562414266, "yhdist\u00e4\u00e4": 0.01282051282051282, "present": 0.0003695491500369549, "developed": 0.0008718395815170009, "my\u00f6s": 0.00014112334180073385, "nevertheless": 0.0014084507042253522, "helka-databasen": 0.2, "depends": 0.0020325203252032522, "massoja": 1.0, "p\u00e4\u00e4ttely\u00e4": 0.125, "sis\u00e4lt\u00e4m\u00e4n": 0.25, "stars": 0.003826530612244898, "search": 0.00186219739292365, "mahdollista": 0.0038240917782026767, "further": 0.0004084967320261438, "moment": 0.0029585798816568047, "nykytilaa": 0.2, "example\\n\\nthis": 1.0, "is": 8.923923551721573e-05, "saatuja": 0.038461538461538464, "catalog": 0.07692307692307693, "hela": 0.009345794392523364, "t\u00e4m\u00e4n": 0.0014825796886582653, "when": 0.00013176966662274345, "t\u00e4rkeill\u00e4": 0.5, "possible": 0.00029239766081871346, "ytimi\u00e4": 1.0, "av": 0.0006289308176100629, "muutamia": 0.0125, "studies": 0.00018583906337112061, "astronomical": 0.0053475935828877, "neutronit\u00e4htipopulaation": 1.0, "tihe\u00e4ll\u00e4": 1.0, "observations": 0.0008038585209003215, "ty\u00f6ss\u00e4": 0.0045871559633027525, "by": 3.515803536898358e-05, "helka": 0.2, "yleistytty\u00e4": 1.0, "kaksi": 0.001644736842105263, "results": 0.00018747656542932134, "t\u00e4htitieteellisist\u00e4": 1.0, "yhdist\u00e4m\u00e4\u00e4n": 0.1111111111111111,