{"ka\u0308sitella\u0308a\u0308n": 0.3333333333333333, "edustavasti": 0.5, "onnistumisen": 0.024390243902439025, "myo\u0308s": 0.2222222222222222, "museona\u0308yttelyn": 1.0, "ovat": 0.00025673940949935817, "useimmat": 0.027777777777777776, "vuonna": 0.0008403361344537816, "kolmella": 0.03571428571428571, "saatiin": 0.006993006993006993, "eiva\u0308t": 0.16666666666666666, "mutta": 0.0006422607578676942, "kohteista": 0.1, "na\u0308yttelytoteutusesimerkeissa\u0308": 1.0, "muinaisja\u0308a\u0308nno\u0308ksiin": 1.0, "na\u0308kemyksia\u0308": 1.0, "eritella\u0308a\u0308n": 1.0, "ka\u0308ytetta\u0308vissa\u0308": 0.5, "na\u0308yttelyssa\u0308a\u0308n": 1.0, "tasaus": 1.0, "helsingin": 0.0007716049382716049, "esitta\u0308misva\u0308lineet": 1.0, "kattavammin": 1.0, "tapasivat": 0.25, "esiteta\u0308a\u0308n": 1.0, "silma\u0308lla\u0308": 1.0, "kullekin": 0.045454545454545456, "rakennushistoria": 1.0, "na\u0308yttelyyn": 1.0, "voidaan": 0.0007057163020465773, "on": 7.971144457065423e-05, "keinoihin": 0.07142857142857142, "ilmio\u0308na\u0308": 1.0, "mahdolliset": 0.022727272727272728, "erityisesti": 0.0028653295128939827, "ja\u0308tinkirkot": 1.0, "mahdollisia": 0.0410958904109589, "toiveet": 0.038461538461538464, "positioon": 0.14285714285714285, "etta\u0308": 0.07692307692307693, "numeerisesti": 0.3333333333333333, "korreloivat": 0.25, "suunnitelmat": 0.045454545454545456, "johtaja": 0.014492753623188406, "ruumishautauksen": 1.0, "kertovaksi": 1.0, "tutkimushistoriaan": 0.5, "onnistumista": 0.15384615384615385, "parhaiten": 0.011363636363636364, "kahteen": 0.010526315789473684, "oleteta": 1.0, "kuuluvaksi": 0.06666666666666667, "satunnaisten": 0.5, "osa-alueet": 0.08333333333333333, "pita\u0308en": 1.0, "ka\u0308yta\u0308nno\u0308llinen": 1.0, "tarkastellaan": 0.006993006993006993, "na\u0308yttelykohteena": 1.0, "arkeoastronomisiin": 1.0, "hyva\u0308a\u0308n": 1.0, "potentiaaliset": 0.2, "lisa\u0308ksi": 0.3333333333333333, "kulttuurisesta": 0.0625, "oletettuihin": 0.5, "sovittua\\n\\nastronomisista": 1.0, "perusteella": 0.004594180704441042, "merkitys": 0.0024752475247524753, "na\u0308yttelya\u0308": 1.0, "tapahtumia\\n\\nhuomiota": 1.0, "metodiikasta": 1.0, "esitetyksi": 0.3333333333333333, "na\u0308yttelytoteutusten": 1.0, "avulla\\n\\nesimerkkina\u0308": 1.0, "merkityksesta\u0308": 1.0, "kiinteisiin": 0.5, "tutkielmassa": 0.005988023952095809, "todetaan": 0.046511627906976744, "arkeologian": 0.25, "auringon": 0.05263157894736842, "se": 0.00014753614635585718, "soveltuvuutta": 0.047619047619047616, "luodaan": 0.041666666666666664, "rautakautisen": 1.0, "kohteena": 0.00558659217877095, "pohjustava": 1.0, "ilmeinen": 0.16666666666666666, "tehty": 0.0033112582781456954, "otteeseen": 0.018867924528301886, "planeetat": 1.0, "arviointiin": 0.04, "ja": 0.00044233651979455927, "tila": 0.015384615384615385, "tarjoamaan": 0.034482758620689655, "arkeoastronomiasta": 1.0, "eika\u0308": 0.5, "olevia": 0.023529411764705882, "tasangolla": 0.25, "resurssila\u0308hto\u0308isia\u0308": 1.0, "millainen": 0.009900990099009901, "yhdisteta\u0308a\u0308n": 1.0, "na\u0308ma\u0308": 0.25, "huomio": 0.014925373134328358, "va\u0308lille": 1.0, "tutkimuksen": 0.0016299918500407497, "pedagogisuus": 1.0, "esimerkiksi": 0.0005227391531625719, "metodi": 0.038461538461538464, "na\u0308yttelylle": 1.0, "hyva\u0308": 1.0, "liittyva\u0308t": 1.0, "kohteisiin": 0.42857142857142855, "jonka": 0.0008123476848090983, "rajattu": 0.04, "arkeologiaa": 1.0, "rakenteista": 0.05263157894736842, "kuu": 0.03333333333333333, "korreloivasta": 1.0, "museologian": 1.0, "aurinko": 0.16666666666666666, "astronomisia": 1.0, "yliopistomuseon": 1.0, "kaikkia": 0.005988023952095809, "liittyvia\u0308": 0.5, "ole": 0.0004130524576621231, "odotuksett\u00e4hdellist\u00e4": 1.0, "kuun": 0.047619047619047616, "huomioi": 0.038461538461538464, "la\u0308pi": 1.0, "minka\u0308": 1.0, "huomioidaan": 0.05263157894736842, "muinaisja\u0308a\u0308nno\u0308ksesta\u0308": 1.0, "arkeoastronomisia": 1.0, "ta\u0308htisuuntauksista": 1.0, "tarjotuista": 1.0, "kertovan": 0.08333333333333333, "aikana": 0.001091703056768559, "tehda\u0308a\u0308n": 1.0, "kursorisesti": 1.0, "esitta\u0308misen": 1.0, "kerrottavaksi": 1.0, "gizan": 1.0, "liittyva\u0308na\u0308": 1.0, "na\u0308yttelyssa\u0308": 1.0, "johtuen": 0.011494252873563218, "tunnettu": 0.018867924528301886, "muinaisja\u0308a\u0308nno\u0308kselle": 1.0, "tulla": 0.006172839506172839, "niihin": 0.017045454545454544, "siihen": 0.0008984725965858042, "seka\u0308": 0.29411764705882354, "jaottelu": 0.06666666666666667, "tutkimushistoria": 0.2, "ka\u0308sitteleva\u0308a\u0308": 1.0, "tutkimusprosessin": 0.1, "aikataulusta": 0.2, "esitta\u0308a\u0308": 1.0, "tulee": 0.0014727540500736377, "taivaantapahtumien": 1.0, "vertailla": 0.04, "ilmansuunnat": 1.0, "suuntaviivoista": 1.0, "kaikki": 0.0010460251046025104, "ka\u0308yda\u0308a\u0308n": 1.0, "tekija\u0308": 0.5, "oleva": 0.0049261083743842365, "kanssa": 0.0006476683937823834, "suuntalinjoja": 1.0, "suunnittelusta": 0.0625, "arkeoastronomian": 1.0, "faarao": 1.0, "astronomiset": 1.0, "na\u0308iden": 0.6666666666666666, "syklisten": 1.0, "luetaan": 0.06060606060606061, "n\u00e4yttelyn": 0.0196078431372549, "toteutustapoja": 0.6666666666666666, "osalta": 0.004962779156327543, "avattavalle": 1.0, "lo\u0308ydetta\u0308vissa\u0308": 1.0, "arkeoastronomisena": 1.0, "joihin": 0.005747126436781609, "esitella\u0308a\u0308n": 1.0, "tiukasti": 0.03225806451612903, "mahdollisuudet": 0.014285714285714285, "metodia": 0.14285714285714285, "eli": 0.0008539709649871904, "observatoriolla": 1.0, "ohitetaan": 0.5, "ajanlaskulle": 1.0, "tutkimustuloksiin": 0.2, "mielenkiintoisuus": 1.0, "suuntauksia": 0.125, "kiinniteta\u0308a\u0308n": 1.0, "ka\u0308sitykseen": 1.0, "siita\u0308": 0.3333333333333333, "kategorioihin": 0.1, "suuntaukset": 0.5, "aihetta": 0.014285714285714285, "jotta": 0.002183406113537118, "toteutustapojen": 1.0, "taivaankohteita": 1.0, "virtuaalitodellisuuden": 1.0, "astronomiaan": 1.0, "observatorio": 1.0, "seisauspa\u0308iviin": 1.0, "toteutettavaksi": 0.5, "miten": 0.0007513148009015778, "lunaariset": 1.0, "tyo\u0308": 1.0, "relevantteihin": 1.0, "khufun": 0.5, "valossa": 0.006666666666666667, "liittyva\u0308n": 1.0, "ta\u0308htiin": 1.0, "esimerkeista\u0308": 1.0, "observatorion": 1.0, "osa-alueella": 0.14285714285714285, "sovelletaan": 0.06666666666666667, "na\u0308yttelyn": 1.0, "yhteistyo\u0308ssa\u0308": 1.0, "na\u0308ihin": 1.0, "planeettasuuntaukset": 1.0, "epa\u0308varmuuden": 1.0, "ilmio\u0308t": 1.0, "suhteessa": 0.0029069767441860465, "pa\u0308a\u0308opas": 1.0, "liittyva\u0308sta\u0308": 1.0, "kohti": 0.004739336492890996, "stonehenge": 1.0, "katsaus": 0.03333333333333333, "ilmansuuntien": 1.0, "funktioihin": 0.5, "kohteet": 0.047619047619047616, "muinaisja\u0308a\u0308nno\u0308ksia\u0308": 1.0, "egyptissa\u0308\\n\\ntutkielmassa": 1.0, "ta\u0308hdet": 1.0, "na\u0308yttely\\n\\ntutkielma": 1.0, "arvioidaan": 0.05555555555555555, "2018": 0.125, "ansaitsee": 0.08333333333333333, "missa\u0308": 0.5, "museologisia": 1.0, "pyramidia": 1.0, "useampia": 0.041666666666666664, "ka\u0308vija\u0308t": 1.0, "informatiivisuus": 1.0, "puitteissa": 0.016666666666666666, "tuloksena": 0.015151515151515152, "arkeoastronomia": 1.0, "joiden": 0.008032128514056224}