{"university": 0.00024449877750611245, "order": 0.0003204101249599487, "calculation": 0.004545454545454545, "observed": 0.0004601932811780948, "geometrical": 0.025, "httpwwwhelsinkifihelkaindexhtmdensity": 1.0, "anion": 0.037037037037037035, "abstract": 0.001658374792703151, "work": 0.0002181500872600349, "library": 0.0019157088122605363, "dissolve": 0.06666666666666667, "av": 0.0006289308176100629, "simulations": 0.0012091898428053204, "1-butyl-3-methylimidazolium": 1.0, "vapour": 0.01694915254237288, "bibliotek": 0.1111111111111111, "helsingin": 0.0007716049382716049, "\\n": 0.09090909090909091, "ion": 0.005145797598627788, "molecular": 0.001976284584980237, "artificial": 0.00558659217877095, "on": 9.963930571331779e-05, "conductivity": 0.012987012987012988, "and": 5.2656521510189036e-05, "ionic": 0.03015075376884422, "intermolecular": 0.008130081300813009, "helka-tietokannasta": 0.2, "four": 0.0007288629737609329, "peculiar": 0.01694915254237288, "ovat": 0.00025673940949935817, "pairs": 0.00702576112412178, "small": 0.00102880658436214, "spectroscopy": 0.003389830508474576, "structure": 0.0010476689366160294, "pbeh-3cdef2-msvp": 1.0, "phase": 0.0006493506493506494, "helsinki": 0.00027948574622694243, "kirjastossa": 0.2, "noble": 0.011695906432748537, "at": 0.00019522353094292966, "provided": 0.0009319664492078285, "levels": 0.0006743088334457181, "opinn\u00e4ytteiden": 0.2, "revealed": 0.0018867924528301887, "energies": 0.0037593984962406013, "moieties": 0.03571428571428571, "confirms": 0.02040816326530612, "ions": 0.003861003861003861, "been": 9.237875288683603e-05, "cage-like": 1.0, "use": 0.00020403999183840033, "ability": 0.002688172043010753, "dynamics": 0.003875968992248062, "properties": 0.001392757660167131, "temperature": 0.0007309941520467836, "available": 0.0006983240223463687, "as": 2.1076592336551027e-05, "whole": 0.0007142857142857143, "activity": 0.0004478280340349306, "finns": 0.003952569169960474, "\\ncomputational": 1.0, "chloride": 0.03125, "ab": 0.003125, "avhandlingen": 0.05263157894736842, "low": 0.0011142061281337048, "or": 4.915454187966968e-05, "larger": 0.0009940357852882703, "suggested": 0.0010471204188481676, "these": 9.365926758452749e-05, "liquids": 0.052083333333333336, "calculations": 0.00267379679144385, "level": 0.0003599712023038157, "stability": 0.0025252525252525255, "multiscale": 0.2, "atom": 0.0045045045045045045, "imidazolium-based": 0.06666666666666667, "only": 0.0001296512381693245, "methods": 0.00030807147258163895, "l\u00e4sesalsbruk": 0.2, "nmr": 0.008, "are": 5.6708631053646363e-05, "cation": 0.008, "avhandlingens": 0.2, "tiivistelm\u00e4": 0.006493506493506494, "liquid": 0.008097165991902834, "be": 0.00012837794466910585, "some": 0.00013610997686130393, "consisting": 0.006644518272425249, "luettavissa": 0.04, "both": 0.00016142050040355126, "approach": 0.0004470272686633885, "experimentally": 0.016666666666666666, "found": 0.0002843332385555871, "that": 1.9868865487780646e-05, "endast": 0.013888888888888888, "sammandrag": 0.2, "evaluations": 0.003367003367003367, "polar": 0.010471204188481676, "allows": 0.0017889087656529517, "solvation": 0.09090909090909091, "this": 3.460686600221484e-05, "non-covalent": 0.09090909090909091, "complex": 0.0005837711617046118, "hae": 0.08333333333333333, "energy": 0.000328515111695138, "f\u00f6r": 0.0010277492291880781, "copy": 0.005747126436781609, "can": 0.0002070107645597571, "including": 0.0007892659826361484, "molecules": 0.0011668611435239206, "theory": 0.0012112403100775194, "cluster": 0.0020325203252032522, "room": 0.0056022408963585435, "showed": 0.000851063829787234, "between": 0.00010150223304912708, "thermodynamic": 0.043478260869565216, "thermal": 0.002785515320334262, "compounds": 0.0016194331983805667, "density": 0.0014367816091954023, "vain": 0.0007267441860465116, "different": 0.00020833333333333335, "based": 0.00023629489603024575, "yliopiston": 0.0037313432835820895, "internal": 0.0016835016835016834, "interactions": 0.004739336492890996, "systems": 0.0005931198102016608, "have": 0.00010711225364181663, "suitable": 0.0018796992481203006, "gas": 0.0032, "good": 0.0005151983513652757, "inorganic": 0.016666666666666666, "which": 0.00011456722231769491, "particular": 0.0008375209380234506, "by": 0.00010547410610695074, "interest": 0.000550357732526142, "system": 0.00030721966205837174, "bulk": 0.003968253968253968, "httpwwwhelsinkifihelkaindexhtm": 0.2, "with": 0.00017067273503057888, "to": 5.349596105494035e-05, "reading": 0.0009569377990430622, "helsingfors": 0.00625, "give": 0.0017196904557179708, "kcalmol": 0.043478260869565216, "helka-databasen": 0.2, "confirmed": 0.0053475935828877, "an": 0.00015542430836182778, "embedded": 0.0045045045045045045, "rise": 0.006097560975609756, "gives": 0.0013774104683195593, "below": 0.001075268817204301, "was": 7.92361633849689e-05, "search": 0.00186219739292365, "imidazolium": 0.05555555555555555, "calculating": 0.008064516129032258, "is": 5.9492823678143824e-05, "functional": 0.0031446540880503146, "catalog": 0.07692307692307693, "high-level": 0.04, "arkistokappaleet": 0.2, "studies": 0.0005575171901133618, "clusters": 0.0016474464579901153, "for": 6.264617440694954e-05, "the": 5.9646135743760204e-05, "atoms": 0.003003003003003003, "helka": 0.2, "class": 0.00055005500550055, "existence": 0.0016891891891891893, "pair": 0.0022222222222222222, "electrical": 0.011235955056179775, "non-polar": 0.4, "of": 7.110959410643684e-05, "specific": 0.001389854065323141, "chemical": 0.0022371364653243847, "isolated": 0.0021691973969631237, "129xe": 1.0, "parameters": 0.0008936550491510277, "performed": 0.0010319917440660474, "common": 0.0004816955684007707, "xenon": 0.0449438202247191, "initio": 0.013513513513513514, "catalytic": 0.0072992700729927005, "in": 3.336425087247516e-05, "universitets": 0.2, "symmetry": 0.003745318352059925, "interaction": 0.0019120458891013384, "pappersexemplaret": 0.2, "manifested": 0.017543859649122806, "favourable": 0.019230769230769232, "online": 0.0013717421124828531, "using": 0.0004062563477554337, "s\u00f6k": 0.2, "hela": 0.009345794392523364, "optimized": 0.011235955056179775, "its": 0.000152114390021296, "investigated": 0.00516795865633075, "pressure": 0.0016556291390728477, "avoid": 0.0024875621890547263, "distribution": 0.0015174506828528073, "thesis": 0.0003616636528028933, "cavities": 0.02857142857142857, "paper": 0.0004995004995004995}