{"university": 0.0004889975550122249, "kvinnor": 0.5, "tongue": 0.005291005291005291, "differences": 0.0006176652254478073, "visade": 0.05555555555555555, "than": 0.0001424298532972511, "skillnaderna": 0.06666666666666667, "\u00e4n": 0.006172839506172839, "statistics": 0.002320185614849188, "den": 0.0013236267372600927, "consisted": 0.004545454545454545, "example": 0.0002099517111064455, "regression\\nresultaten": 1.0, "at": 0.00019522353094292966, "v\u00e4ckt": 0.5, "age": 0.0008904719501335708, "inskription": 0.3333333333333333, "finland": 0.0029207740051113546, "family": 0.0011627906976744186, "h\u00f6gskolestuderande": 1.0, "mycket": 0.008547008547008548, "talas": 0.1111111111111111, "av": 0.0012578616352201257, "type": 0.00044822949350067237, "not": 4.378092027494418e-05, "snedrekrytering": 1.0, "sociala": 0.21739130434782608, "att": 0.0039198606271777, "degree": 0.007751937984496124, "skillnader\\nmaterialet": 1.0, "fortfarande": 0.08, "disadvantaged": 0.038461538461538464, "inte": 0.0013333333333333333, "erlagda": 1.0, "desto": 0.05263157894736842, "finl\u00e4ndska": 0.2857142857142857, "sizes": 0.004048582995951417, "compiled": 0.01098901098901099, "small": 0.00051440329218107, "granskades": 1.0, "graduation": 0.21428571428571427, "ses": 0.01910828025477707, "gender": 0.0009416195856873823, "despite": 0.0014347202295552368, "on": 0.0001394950279986449, "studerar": 0.06666666666666667, "programs": 0.006369426751592357, "universitet": 0.030303030303030304, "diskussion": 0.021739130434782608, "social": 0.002157497303128371, "examina": 1.0, "studielinjer": 1.0, "denna": 0.0125, "levels": 0.0006743088334457181, "bakgrundsvariablerna": 1.0, "more": 0.0002658160552897395, "\u00e5r": 0.03164556962025317, "and": 7.020869534691872e-05, "examine": 0.002364066193853428, "sample": 0.0007407407407407407, "examen": 0.75, "women": 0.0005605381165919282, "questions": 0.0005770340450086555, "higher": 0.0008920606601248885, "outcomes": 0.0028653295128939827, "test": 0.0007716049382716049, "studerandenas": 1.0, "chi-square": 0.02531645569620253, "men": 0.0020060180541624875, "logistic": 0.010526315789473684, "effektstorlekarna": 1.0, "diskuteras": 0.25, "form": 0.00028074115665356543, "om": 0.0035502958579881655, "kunna": 0.029411764705882353, "although": 0.0004952947003467063, "research": 0.00013374348000534973, "l\u00e5ng": 0.03225806451612903, "master\u2019s": 0.007874015748031496, "when": 0.0002635393332454869, "grad": 0.02040816326530612, "huruvida": 0.16666666666666666, "dock": 0.008547008547008548, "f\u00f6rklarande": 1.0, "backgrounds": 0.011904761904761904, "ju": 0.015151515151515152, "have": 5.3556126820908315e-05, "\u00e4r": 0.0032017075773745998, "as": 2.1076592336551027e-05, "significant": 0.0008084074373484236, "class-based": 0.3333333333333333, "finns": 0.003952569169960474, "study": 0.0003163222269084774, "background": 0.004370629370629371, "s\u00e4rskilt": 0.07142857142857142, "samh\u00e4llsklassers": 1.0, "\u00e5lder": 0.25, "variabeln": 1.0, "f\u00f6rstag\u00e5ngsstuderande": 1.0, "j\u00e4mlikhet": 1.0, "exempelvis": 0.022727272727272728, "utbildningendegree": 1.0, "se": 0.00014753614635585718, "samtliga": 0.08695652173913043, "barn": 0.08, "deras": 0.013333333333333334, "following": 0.0004570383912248629, "level": 0.0003599712023038157, "sin": 0.0022271714922048997, "enrolled": 0.13636363636363635, "dessutom": 0.023809523809523808, "f\u00f6r\u00e4ldrar": 0.5, "that": 1.9868865487780646e-05, "analyserna": 1.0, "focus": 0.000851063829787234, "are": 8.506294658046955e-05, "med": 0.0027578599007170436, "regression\\nthe": 1.0, "basis": 0.000859106529209622, "hur": 0.005376344086021506, "h\u00f6gskoleniv\u00e5": 1.0, "till": 0.004352557127312296, "dropout": 0.058823529411764705, "socially": 0.005681818181818182, "visar": 0.015873015873015872, "f\u00f6r\u00e4ldrarnas": 1.0, "genomstr\u00f6mningen": 1.0, "h\u00f6gskolor": 1.0, "universities": 0.028846153846153848, "tema": 0.007462686567164179, "under": 0.0011148272017837235, "instance": 0.0009900990099009901, "alla": 0.0012626262626262627, "st\u00f6rre": 0.030303030303030304, "2012": 0.0003942440370589395, "all": 0.0005158361704322707, "selektion": 0.3333333333333333, "were": 0.0002533088468114749, "analysis": 0.00019825535289452815, "difference": 0.0011918951132300357, "declining": 0.037037037037037035, "relation": 0.0007022471910112359, "10-year": 0.14285714285714285, "2002": 0.0006435006435006435, "main": 0.00046948356807511736, "father": 0.002531645569620253, "genomstr\u00f6mning": 1.0, "families": 0.0014858841010401188, "s\u00e4tter": 0.3333333333333333, "fr\u00e5n": 0.010101010101010102, "mother": 0.004123711340206186, "utexamineras": 1.0, "utbildning": 0.16666666666666666, "ten": 0.004434589800443459, "f\u00f6r": 0.003083247687564234, "betona": 0.14285714285714285, "fakultetsvisa": 1.0, "rates": 0.0035714285714285713, "modersm\u00e5l": 0.2857142857142857, "tradition": 0.0018050541516245488, "angavs": 1.0, "underrepresented": 0.1, "tio": 0.16666666666666666, "halvseklet": 1.0, "showed": 0.000851063829787234, "trots": 0.02, "utexaminerade": 1.0, "new": 0.00016894745734076703, "studietid": 1.0, "data": 0.00026167735182519954, "utbildningspolitiken": 0.5, "unders\u00f6kningen": 0.043478260869565216, "och": 0.003411910669975186, "if": 0.0001416029453412631, "avhandling": 0.05555555555555555, "between": 0.0004060089321965083, "p\u00e5": 0.009732360097323601, "senaste": 0.2, "addition": 0.00038714672861014324, "m\u00e4tt": 0.5, "fairly": 0.005681818181818182, "de": 0.0003204511952829584, "pr\u00e4gel": 0.3333333333333333, "bakgrundens": 1.0, "different": 0.000625, "put": 0.002257336343115124, "variable": 0.001379310344827586, "their": 0.0001548826763726477, "is": 5.9492823678143824e-05, "sannolikhet": 0.2, "bakgrund": 0.13793103448275862, "within": 0.0011811023622047244, "har": 0.00398406374501992, "discussion": 0.0007501875468867217, "variablernas": 1.0, "retention": 0.007751937984496124, "emellertid": 0.16666666666666666, "parents": 0.0009033423667570009, "discussed": 0.0006983240223463687, "sambandet": 0.3333333333333333, "bourdieuan": 1.0, "k\u00f6n": 0.6666666666666666, "for": 6.264617440694954e-05, "granska": 1.0, "tagit": 0.1111111111111111, "huvudfokus": 1.0, "system": 0.00030721966205837174, "utbildningen": 0.5, "educational": 0.004158004158004158, "hade": 0.003205128205128205, "ett": 0.004878048780487805, "framework": 0.0012195121951219512, "tog": 0.015625, "with": 0.00019911819086900867, "to": 4.4579967545783626e-05, "likely": 0.0012706480304955528, "slutliga": 0.5, "using": 0.00020312817387771684, "kan": 0.002197802197802198, "detta": 0.0049261083743842365, "var": 0.0070126227208976155, "measured": 0.0008771929824561404, "education": 0.0008112493239588967, "appears": 0.001718213058419244, "examensstatus": 1.0, "this": 0.00010382059800664452, "association": 0.004705882352941176, "l\u00e5ngt": 0.09090909090909091, "variablerna": 1.0, "statistically": 0.002277904328018223, "andelen": 0.02857142857142857, "\u00f6ver": 0.011764705882352941, "utbildningspolitiskt": 1.0, "mellan": 0.006535947712418301, "analyserades": 0.3333333333333333, "was": 0.0001584723267699378, "sambanden": 1.0, "inskrivna": 0.3333333333333333, "granskas": 0.5, "equivalent": 0.00303951367781155, "individens": 1.0, "utexaminerings\u00e5lder": 1.0, "2000-talet": 0.6666666666666666, "en": 0.0008396305625524769, "still": 0.0009704027171276079, "dependent": 0.0017543859649122807, "university-students": 1.0, "or": 9.830908375933936e-05, "sm\u00e5": 0.14285714285714285, "vissa": 0.0196078431372549, "studerade": 0.3333333333333333, "of": 5.2147035678053686e-05, "graduate": 0.029411764705882353, "tested": 0.004728132387706856, "olika": 0.0055248618784530384, "examined": 0.002004008016032064, "vad": 0.006369426751592357, "studielinje": 1.0, "utexamineringsgraden": 1.0, "\u00f6verrepresenterade": 1.0, "faculties": 0.14285714285714285, "magnitude": 0.003861003861003861, "valdes": 0.14285714285714285,