{"national": 0.00558659217877095, "used": 0.010309278350515464, "than": 0.017543859649122806, "doc-gradient": 1.0, "joten": 0.0009191176470588235, "decrease": 1.0, "lakes": 0.5625, "utsjoen": 1.0, "alueiden": 0.002551020408163265, "finland": 0.0016722408026755853, "lis\u00e4\u00e4ntyy": 0.027777777777777776, "end": 0.019230769230769232, "vaikuttaa": 0.001658374792703151, "increases": 0.5, "pidempi": 0.043478260869565216, "l\u00e4hde": 0.0033444816053511705, "chlorophyll-a": 1.0, "m\u00e4\u00e4ritettiin": 0.02631578947368421, "t\u00e4ss\u00e4": 0.00028538812785388126, "future": 0.01694915254237288, "tuottavuuteen": 0.2, "precipitation": 0.5, "c1-c4": 1.0, "on": 0.00023416461772626156, "vaivaiskoivuvaltaiset": 1.0, "pinta-ala": 0.016129032258064516, "valuma-alueet": 0.1, "arktinen": 1.0, "shallow": 1.0, "hi-index": 1.0, "soilta": 0.3333333333333333, "pintasedimenttin\u00e4ytteist\u00e4": 1.0, "kannalta": 0.0006345177664974619, "v\u00e4lilt\u00e4": 0.017543859649122806, "limnologiaan": 0.75, "situ": 0.125, "kasvillisuus": 0.125, "impact": 0.13953488372093023, "length": 1.0, "areas": 0.043478260869565216, "transport": 0.045454545454545456, "loss-on-ignition": 0.6666666666666666, "suot": 0.1111111111111111, "tuloksissa": 0.015384615384615385, "increase": 0.26666666666666666, "expect": 0.16666666666666666, "organic": 0.043478260869565216, "limnologiaan\\np\u00e4\u00e4komponenttianalyysin": 1.0, "lake": 0.01680672268907563, "sensitive": 0.14285714285714285, "my\u00f6t\u00e4": 0.0012195121951219512, "matter": 0.011494252873563218, "humification": 1.0, "due": 0.037037037037037035, "suo": 0.03488372093023256, "phosphorus": 0.16666666666666666, "tuotanto": 0.02127659574468085, "ecosystem\\nwater": 1.0, "land": 0.010638297872340425, "wetlands": 1.0, "season": 0.3333333333333333, "topography": 0.5, "selvitet\u00e4\u00e4n": 0.0196078431372549, "that": 0.004219409282700422, "ja": 0.0002587192562238673, "vaikuttavat": 0.005199306759098787, "kiinnitet\u00e4\u00e4n": 0.03225806451612903, "most": 0.030303030303030304, "t\u00e4rke\u00e4": 0.0017953321364452424, "jotka": 0.00023969319271332693, "result": 0.038461538461538464, "alue": 0.00303951367781155, "avovesikausi": 1.0, "analyzed": 0.07142857142857142, "chlorophyll-a-water": 1.0, "n\u00e4kyv\u00e4t": 0.008928571428571428, "suottomat": 1.0, "kasvamaan": 0.038461538461538464, "were": 0.016611295681063124, "heijastaen": 0.3333333333333333, "hetkell\u00e4": 0.0055248618784530384, "olettaa": 0.010256410256410256, "ne": 0.0002703433360367667, "catchment": 0.6666666666666666, "column": 0.6666666666666666, "fjells": 1.0, "ilmastonmuutokselle": 1.0, "yl\u00f6s": 0.013888888888888888, "muuttujat": 0.015873015873015872, "examines": 0.04, "yhdess\u00e4": 0.001201923076923077, "type": 0.10344827586206896, "j\u00e4rvet": 0.045454545454545456, "alueille": 0.012195121951219513, "j\u00e4rvien": 0.1111111111111111, "wetland": 0.8, "siirtym\u00e4\u00e4n": 0.045454545454545456, "m\u00e4\u00e4r\u00e4": 0.0026041666666666665, "meteorological": 0.1111111111111111, "jolloin": 0.0005165289256198347, "kirkkaita": 0.5, "addition": 0.029411764705882353, "hajoamiseen": 0.25, "toisaalta": 0.0013054830287206266, "avulla": 0.0006453694740238787, "are": 0.008928571428571428, "principal": 0.18181818181818182, "ivalo": 0.09090909090909091, "fi-index": 1.0, "variable": 0.2, "vaikutus": 0.0029498525073746312, "lis\u00e4\u00e4ntynyt": 0.015873015873015872, "other": 0.007272727272727273, "mean": 0.13333333333333333, "water": 0.03, "lakesvaluma-alueen": 1.0, "assess": 0.14285714285714285, "spread": 0.14285714285714285, "hi-indeksin": 1.0, "hi-indeksi": 1.0, "j\u00e4rviss\u00e4\\nilmastonmuutoksen": 1.0, "tulevaan": 0.02, "analysoitiin": 0.02857142857142857, "kasvukautta": 1.0, "huomiota": 0.0016207455429497568, "dissolved": 0.04081632653061224, "sedimentin": 0.03125, "total": 0.125, "with": 0.00392156862745098, "to": 0.0046130189646335215, "likely": 0.16666666666666666, "ennakoidaan": 0.2, "vesipatsaassa": 0.5, "clearly": 0.07692307692307693, "cdom": 0.18181818181818182, "measured": 0.5, "index": 0.23529411764705882, "this": 0.005319148936170213, "ker\u00e4ttiin": 0.008620689655172414, "yleens\u00e4": 0.0009328358208955224, "m\u00e4\u00e4r\u00e4\u00e4": 0.004878048780487805, "july": 0.1111111111111111, "reflect": 0.2, "klorofylli-an": 1.0, "affects": 0.125, "valuma-alue": 0.1, "pca": 1.0, "institute": 0.02, "impacts": 0.09090909090909091, "is": 0.004562043795620438, "mets\u00e4": 0.01282051282051282, "j\u00e4rven": 0.022222222222222223, "etsittiin": 0.025, "kuin": 0.00013000520020800833, "tp": 0.125, "ice-free": 1.0, "0-2": 0.18181818181818182, "when": 0.011494252873563218, "during": 0.008928571428571428, "mets\u00e4tyyppi": 1.0, "we": 0.01282051282051282, "mineralization": 1.0, "2014": 0.00145985401459854, "will": 0.14285714285714285, "rinteill\u00e4": 0.1111111111111111, "uv-absorbance": 1.0, "raster": 0.6, "arktisten": 1.0, "levi\u00e4m\u00e4\u00e4n": 0.2, "miten": 0.000351493848857645, "environmental": 0.02040816326530612, "results": 0.02127659574468085, "field": 0.014084507042253521, "finnish": 0.002207505518763797, "of": 0.002120047701073274, "m\u00e4\u00e4rin\u00e4": 0.16666666666666666, "lis\u00e4\u00e4ntym\u00e4\u00e4n": 0.5, "suuresti": 0.010101010101010102, "vegetation": 0.8, "survey": 0.020833333333333332, "pohjoisemmaksi": 0.5, "vesipatsaan": 1.0, "tn": 0.06896551724137931, "effective": 0.1, "forest": 0.038461538461538464, "c6": 1.0, "j\u00e4rvi": 0.012658227848101266, "mets\u00e4tyypin": 0.5, "boundaries": 0.1111111111111111, "utsjoki": 0.3333333333333333, "digitoitiin": 1.0, "nykytilannetta": 0.25, "geographical": 0.05263157894736842, "samples": 0.08695652173913043, "v\u00e4henem\u00e4\u00e4n": 0.25, "puuntiheys": 1.0, "kentt\u00e4havaintojen": 0.5, "map": 0.05263157894736842, "substantial": 0.5, "orgaanisen": 0.025974025974025976, "jonka": 0.00029069767441860465, "thesis": 0.03278688524590164, "productivity": 1.0, "aineisto": 0.001392757660167131, "l\u00e4mp\u00f6tilan": 0.04, "69\u00b055": 1.0, "observed": 0.07142857142857142, "t\u00e4ll\u00e4": 0.0017699115044247787, "trees": 0.3333333333333333, "heijastuvat": 0.03333333333333333, "and": 0.004446561854851517, "at": 0.002932551319648094, "amount": 0.1111111111111111, "its": 0.005154639175257732, "komponenttien": 0.02564102564102564, "j\u00e4rveen": 0.1111111111111111, "sadannan": 0.3333333333333333, "doc-gradientti": 1.0, "rakenteeseen": 0.03125, "area": 0.03076923076923077, "component": 0.15384615384615385, "general": 0.043478260869565216, "docin": 0.029411764705882353, "characteristics": 0.04, "peruskarttarasterin": 1.0, "alueen": 0.001652892561983471, "ett\u00e4": 9.935913358835511e-05, "j\u00e4rviss\u00e4": 0.4, "chlorophyll-a-sediment": 1.0, "fluorescence": 0.5, "thus": 0.07692307692307693, "dwarf": 1.0, "voidaan": 0.00022794620469569182, "higher": 0.04878048780487805, "shift": 0.05263157894736842, "light": 0.009708737864077669, "docn": 1.0, "altitude": 0.019230769230769232, "altitudi": 1.0, "currently": 0.5, "production": 0.17647058823529413, "mets\u00e4isten": 0.3333333333333333, "ovat": 0.00019033117624666921, "suuruutta": 0.07692307692307693, "tutkimuksessa": 0.0006195786864931846, "stronger": 0.125, "hein\u00e4kuun": 0.058823529411764705, "fi-indeksi": 1.0, "together": 0.03225806451612903, "determine": 0.25, "68\u00b047": 1.0, "matalia": 0.07142857142857142, "tundra": 0.5714285714285714, "components": 0.2857142857142857, "ilmatieteen": 0.25, "up": 0.015151515151515152, "cm": 0.018867924528301886, "hein\u00e4kuussa": 0.029411764705882353, "attention": 0.03225806451612903, "vaivaiskoivuvarvikko": 1.0, "puuraja": 1.0, "seen": 0.01282051282051282, "tree": 0.5, "ravinnepitoisuuksiin": 1.0, "seurailee": 1.0, "ivalon": 0.16666666666666666, "how": 0.005319148936170213, "uusille": 0.02040816326530612, "laskettiin": 0.011363636363636364, "temperature": 0.75, "as": 0.001160092807424594, "tapahtuvat": 0.022222222222222223, "j\u00e4rviin": 0.1111111111111111, "epilimnion": 1.0,