{"kokivat": 0.02247191011235955, "luomisen": 0.045454545454545456, "kahden": 0.0030581039755351682, "nancy": 0.020833333333333332, "ominaisia": 0.05263157894736842, "western": 0.0022935779816513763, "vaimojen": 0.6666666666666666, "asioita": 0.0038314176245210726, "itsest\u00e4\u00e4n": 0.011904761904761904, "teos": 0.006369426751592357, "regiment": 0.3333333333333333, "toteuttaa": 0.013333333333333334, "heid\u00e4n": 0.001336898395721925, "yhdysvaltojen": 0.03636363636363636, "voineet": 0.017857142857142856, "kirjeist\u00e4": 0.08333333333333333, "ihanteellisena": 0.5, "omalla": 0.01282051282051282, "el\u00e4m\u00e4npiirist\u00e4": 1.0, "ajatuksia": 0.021052631578947368, "naisen": 0.031746031746031744, "ymp\u00e4rist\u00f6ns\u00e4": 0.1, "vaikuttivat": 0.010309278350515464, "poiketen": 0.022727272727272728, "varuskunta\\ns\u00e4ilytyspaikka": 1.0, "custerin": 1.0, "tutkimuksensa": 0.08333333333333333, "naisille": 0.10526315789473684, "n\u00e4m\u00e4": 0.0035971223021582736, "ajatuksiltaan": 0.5, "valottaa": 0.1, "on": 3.985572228532711e-05, "k\u00e4sityksi\u00e4": 0.012195121951219513, "eiv\u00e4t": 0.0007710100231303007, "historian": 0.003134796238244514, "mainitun": 0.03571428571428571, "fitzgeraldin": 1.0, "h\u00e4n": 0.00046382189239332097, "v\u00e4lille\\navainsanat": 1.0, "and": 1.1701449224486452e-05, "kodin": 0.014925373134328358, "subject\\nyleinen": 1.0, "institution": 0.0045871559633027525, "officers": 0.09090909090909091, "k\u00e4sitteet": 0.018867924528301886, "syntyper\u00e4\u00e4": 0.2, "hy\u00f6dynt\u00e4m\u00e4ni": 1.0, "perinteisess\u00e4": 0.0625, "rouvat": 0.5, "tarjosi": 0.014285714285714285, "upseerin": 1.0, "taiteiden": 0.02040816326530612, "kuitenkin": 0.0005058168942842691, "edell\u00e4": 0.0034602076124567475, "todellinen": 0.03125, "tarjosiko": 0.5, "1800-luku": 0.5, "olisi": 0.0008123476848090983, "todellisen": 0.10714285714285714, "deposited\\n": 1.0, "ajattelivat": 0.09090909090909091, "ihanne": 0.1111111111111111, "nimi": 0.004291845493562232, "el\u00e4neist\u00e4": 0.5, "eroja": 0.006535947712418301, "h\u00e4nen": 0.0008244023083264633, "pois": 0.0034482758620689655, "tutkielmani": 0.009174311926605505, "tarjoamiin": 0.5, "nacyn": 1.0, "naiseudesta": 0.6666666666666666, "referat": 0.013157894736842105, "kirjasto\\nmuita": 0.5, "1864-1888": 1.0, "pro": 0.0027548209366391185, "joista": 0.002680965147453083, "tutkimusta": 0.004524886877828055, "1865-1890": 1.0, "sek\u00e4": 0.0002492522432701894, "ajatuksista": 0.1111111111111111, "fitzgerald": 0.027777777777777776, "enemm\u00e4n": 0.004160887656033287, "month": 0.004405286343612335, "katsotusta": 1.0, "heille": 0.007042253521126761, "naiseuttaan": 1.0, "nauttii": 0.16666666666666666, "merkitt\u00e4vin": 0.05263157894736842, "poikkeava": 0.034482758620689655, "suhteen": 0.005633802816901409, "ja": 0.0002703167620966751, "ihanteelliseksi": 0.5, "naiset": 0.014084507042253521, "womanhood": 0.038461538461538464, "sen": 0.0002768549280177187, "sukupolvea": 0.07142857142857142, "sopivaksi": 0.05555555555555555, "tarjoamista": 0.25, "mahdollisuuksia": 0.026785714285714284, "art": 0.0015552099533437014, "sukupolven": 0.02, "michele": 0.041666666666666664, "sidoantal": 0.01282051282051282, "1800-luvun": 0.010526315789473684, "el\u00e4m\u00e4npiirin\u00e4": 1.0, "mahdollisuuksiin": 0.08333333333333333, "humanistinen": 0.0196078431372549, "l\u00e4hdeaineistoni": 1.0, "faculty\\n": 1.0, "ne": 0.0007590132827324478, "todellisena": 0.5, "tutkimaani": 0.25, "f\u00f6rfattare": 0.01282051282051282, "k\u00e4sitti": 0.09090909090909091, "haapalinna\\nty\u00f6n": 1.0, "year\\n": 1.0, "osallistua": 0.016129032258064516, "additional": 0.0010683760683760685, "laji": 0.012195121951219513, "442017\\tsivum\u00e4\u00e4r\u00e4": 1.0, "aikaisempaa": 0.02564102564102564, "custer": 0.2, "katsottua": 0.5, "kuvan": 0.0055248618784530384, "theriotin": 1.0, "datum": 0.013157894736842105, "uppgifter": 0.012195121951219513, "kolmen": 0.015625, "tutkimus": 0.0030441400304414, "author\\n": 1.0, "kolme": 0.002967359050445104, "teoreettisena": 0.05, "toimii": 0.003937007874015748, "el\u00e4m\u00e4npiiriss\u00e4\u00e4n": 1.0, "level\\n": 0.5, "varuskuntaan": 1.0, "america": 0.003484320557491289, "edustaa": 0.020833333333333332, "olettamuksen": 0.25, "fakultetsektion": 0.01639344262295082, "yhdysvaltalaisen": 0.047619047619047616, "he": 0.0003290014805066623, "noora": 0.017857142857142856, "asenteita": 0.08333333333333333, "pyrkii": 0.009345794392523364, "tutkimuksen": 0.0008149959250203749, "elinymp\u00e4rist\u00f6n\u00e4\u00e4n\\n\\nvaruskunta": 1.0, "\u00f6vriga": 0.006711409395973154, "hy\u00f6dynn\u00e4n": 0.08333333333333333, "puolestaan": 0.0017921146953405018, "keskiluokkaista": 0.5, "yhdysvalloissa": 0.013157894736842105, "laitos\\ntekij\u00e4": 1.0, "edustajana": 0.05555555555555555, "tiedekuntaosasto": 0.01639344262295082, "tehd\u00e4": 0.002242152466367713, "abstract\\n\\npro": 1.0, "keskiluokkaisen": 0.6666666666666666, "sijoittuu": 0.03125, "gradu\\taika": 1.0, "keywords\\n": 1.0, "naiseus": 0.3333333333333333, "kokemuksia": 0.008928571428571428, "members": 0.0008460236886632825, "innokkaammin": 1.0, "l\u00f6ytyyk\u00f6": 0.16666666666666666, "1864\u20131888\\noppiaine": 1.0, "olevat": 0.007462686567164179, "pages\\n": 1.0, "mit\u00e4": 0.000774593338497289, "emily": 0.05714285714285714, "where": 0.0001984126984126984, "ett\u00e4": 0.00010797969981643452, "construction": 0.0009523809523809524, "nyckelord": 0.011494252873563218, "taas": 0.001851851851851852, "naiseuden": 0.75, "kaikki": 0.0010460251046025104, "rouville": 1.0, "ehk\u00e4": 0.002173913043478261, "luontaisena": 1.0, "tutkielmassani": 0.046875, "my\u00f6s": 0.0004233700254022015, "department\\nfilosofian": 1.0, "l\u00e4ro\u00e4mne": 0.012345679012345678, "tarttuivat": 1.0, "varuskuntael\u00e4m\u00e4st\u00e4": 1.0, "elizabeth": 0.022222222222222223, "titel": 0.011111111111111112, "tavanomaisuudesta": 1.0, "roen": 1.0, "ajattelusta": 0.14285714285714285, "laajantaa": 1.0, "haasteita": 0.009708737864077669, "true": 0.0012091898428053204, "kulttuurin": 0.00390625, "laajalti": 0.02857142857142857, "armeija": 0.0625, "viitekehyksen\u00e4": 0.07142857142857142, "naisten": 0.005434782608695652, "tehd\u00e4\\n\\ntutkimistani": 1.0, "frontier": 0.0625, "l\u00f6ytyy": 0.00881057268722467, "army": 0.021739130434782608, "tutkimieni": 0.3333333333333333, "tarttuvat": 0.2, "tietoja": 0.006622516556291391, "antamaan": 0.02, "haasteellisena": 0.25, "keskustakampuksen": 0.058823529411764705, "vallinneesta": 0.5, "v\u00e4hemm\u00e4n": 0.005319148936170213, "historia\\nty\u00f6n": 1.0, "tahoillaan": 0.25, "gradu": 0.0044444444444444444, "kirjoituksia": 0.02564102564102564, "muistelmista": 0.14285714285714285, "nineteenth-century": 0.034482758620689655, "vuosina": 0.010676156583629894, "elinymp\u00e4rist\u00f6": 0.16666666666666666, "tarkastelen": 0.018633540372670808, "kodinpiirist\u00e4": 1.0, "joita": 0.0018552875695732839, "frances": 0.02247191011235955, "vai": 0.002652519893899204, "the": 8.13356396505821e-06, "mothers": 0.007874015748031496, "vaimot": 0.2, "varuskuntaymp\u00e4rist\u00f6n": 1.0, "number": 0.00026616981634282674, "miten": 0.002253944402704733, "varuskunnissa": 1.0, "rajaseuduilla": 1.0, "v\u00e4lisi\u00e4": 0.012987012987012988, "roe": 0.1111111111111111, "rajaseutujen": 0.6666666666666666, "asenteet": 0.029411764705882353, "kutsumuksena\\n\\ntutkielmassani": 1.0, "76\\ntiivistelm\u00e4": 1.0, "of": 1.4221918821287368e-05, "daughters": 0.018867924528301886, "sukupolvelle": 0.42857142857142855, "wives": 0.025, "aktiviteetteihin": 0.3333333333333333, "\u00e4itiyden": 1.0, "1800-luvulla": 0.05, "biosocial": 1.0, "ihanteesta": 1.0, "pyrkiv\u00e4t": 0.009523809523809525, "upseerien": 1.0, "tehty\u00e4": 0.022222222222222223, "vaimon": 0.05, "sukupolvien": 0.041666666666666664, "in": 6.672850174495032e-06, "kohdallaan": 0.1111111111111111, "maskuliinisiin": 1.0, "femininity": 0.02702702702702703, "el\u00e4m\u00e4npiiri\u00e4": 0.5,