{"kullanmuru": 1.0, "tyyliopillisia": 1.0, "mukaan": 0.0003502626970227671, "olevien": 0.009523809523809525, "ovat": 0.0007702182284980744, "\u010dehovin": 1.0, "deposited\\nkeskustakampuksen": 1.0, "1970-luvulla": 0.029411764705882353, "muodostuu": 0.011363636363636364, "heid\u00e4n": 0.00267379679144385, "poetiikan": 0.16666666666666666, "ljubvi": 1.0, "paikan": 0.017543859649122806, "vivahde": 1.0, "osalta": 0.0024813895781637717, "poikkea": 0.16666666666666666, "kertoja": 0.008, "teoksissa": 0.02857142857142857, "tuotannostaan": 0.5, "aikaisemmissa": 0.09090909090909091, "el\u00e4m\u00e4ntilanteen": 0.25, "lukijan": 0.024691358024691357, "oman": 0.004291845493562232, "t\u00e4ss\u00e4": 0.0007107320540156361, "keywords\\nven\u00e4j\u00e4n": 1.0, "tutkimukseen": 0.003937007874015748, "tilanteiden": 0.1111111111111111, "kamppailee": 1.0, "ett\u00e4": 0.00032393909944930353, "esiintyv\u00e4t": 0.011764705882352941, "rakennettu\\n\u010dehovin": 1.0, "sis\u00e4inen": 0.014492753623188406, "n\u00e4m\u00e4": 0.0035971223021582736, "voidaan": 0.0014114326040931546, "on": 0.00021920647256929912, "muut": 0.0031746031746031746, "l\u00e4hestymistavan": 0.010309278350515464, "suomeksi": 0.023809523809523808, "satiirisia": 1.0, "vastuuta": 0.0196078431372549, "\u010dehov": 1.0, "hillittyyn": 0.5, "l\u00e4pi": 0.003952569169960474, "monimuotoista": 0.125, "suurta": 0.006711409395973154, "kuvaamiseen": 0.05, "tutkimuksessa": 0.0014124293785310734, "tuotantonsa": 0.16666666666666666, "keinoja": 0.008849557522123894, "henkil\u00f6n": 0.010526315789473684, "todeta": 0.01, "huomata": 0.02, "\u010dudakov": 1.0, "kautta": 0.0009505703422053232, "sis\u00e4lt\u00f6ns\u00e4": 0.25, "aihealueena": 1.0, "fraseologisia": 0.5, "suuri": 0.0031645569620253164, "murto-osa": 0.5, "maailmat": 0.5, "satiirinen": 1.0, "pyrki": 0.014084507042253521, "abstract\\n\u010dehovin": 1.0, "nainen": 0.007633587786259542, "l\u00f6yt\u00e4misest\u00e4": 0.5, "kuten": 0.0005793742757821553, "t\u00e4n\u00e4": 0.022727272727272728, "monia": 0.015037593984962405, "vain": 0.0007267441860465116, "tavallinen": 0.06666666666666667, "kirjailijan": 0.10344827586206896, "muuttamisesta": 0.09090909090909091, "h\u00e4nen": 0.0016488046166529267, "kuuluvat": 0.007407407407407408, "polockaja": 1.0, "ulkoinen": 0.05555555555555555, "dama": 0.5, "k\u00e4yd\u00e4\u00e4n": 0.023809523809523808, "referat": 0.013157894736842105, "p\u00e4\u00e4henkil\u00f6t": 0.6666666666666666, "merkitt\u00e4vien": 0.07142857142857142, "tutkitaan": 0.01694915254237288, "k\u00e4sitell\u00e4\u00e4n": 0.006802721088435374, "sulautetun": 1.0, "kohteena": 0.0111731843575419, "voida": 0.0070921985815602835, "laajasti": 0.012048192771084338, "sek\u00e4": 0.0007477567298105683, "teksti": 0.03225806451612903, "kehitt\u00e4misest\u00e4": 0.05555555555555555, "rooli\\navainsanat": 1.0, "\u0445\u0443\u0434\u043e\u0436\u0435\u0441\u0442\u0432\u0435\u043d\u043d\u044b\u0445": 1.0, "yksil\u00f6n": 0.004694835680751174, "se": 0.00014753614635585718, "tulkintaista": 1.0, "v\u00e4lille": 0.009433962264150943, "persoona": 0.03225806451612903, "korostuu": 0.012987012987012988, "erilaisia": 0.005063291139240506, "suhih": 1.0, "kerronta": 0.16666666666666666, "yhdeksi": 0.015625, "k\u00e4ytt\u00e4\u00e4": 0.002188183807439825, "ja": 0.0004914850219939548, "varsin": 0.003472222222222222, "ongelmanratkaisukyvyss\u00e4": 1.0, "sen": 0.0005537098560354374, "p\u00e4iv\u00e4n\u00e4": 0.00819672131147541, "toistoa": 0.125, "vuorovaikutussuhteita": 0.2, "aihealueita": 0.3333333333333333, "tiivistelm\u00e4": 0.006493506493506494, "her\u00e4tt\u00e4\u00e4": 0.02, "ty\u00f6ss\u00e4": 0.0045871559633027525, "edelleen": 0.003472222222222222, "kirjallisuus": 0.0136986301369863, "vastauksia": 0.011627906976744186, "my\u00f6h\u00e4istuotantoon": 1.0, "tapahtumien": 0.014285714285714285, "tutkimuksen": 0.0016299918500407497, "kiinnostaa": 0.045454545454545456, "tutkijoita\\nt\u00e4m\u00e4n": 1.0, "kiinnitt\u00e4\u00e4": 0.014285714285714285, "poetiikka": 0.14285714285714285, "du\u0161e\u010dka": 1.0, "\u0442\u0435\u043a\u0441\u0442\u043e\u0432": 1.0, "\u010dehovia": 1.0, "moraalia": 0.09090909090909091, "runsaasti": 0.005780346820809248, "uppgifter": 0.012195121951219513, "tapa": 0.004484304932735426, "novellit": 1.0, "nyckelord": 0.011494252873563218, "additional": 0.0010683760683760685, "rakentamaan": 0.03125, "soba\u010dkoj": 1.0, "ilmi\u00f6iden": 0.020833333333333332, "johtop\u00e4\u00e4t\u00f6ksi\u00e4": 0.030303030303030304, "luomansa": 0.2, "ole": 0.0004130524576621231, "ihminen": 0.008695652173913044, "huoliensa": 1.0, "nimi": 0.004291845493562232, "ironia": 0.16666666666666666, "my\u00f6h\u00e4istuotannolle": 1.0, "teksteiss\u00e4": 0.038461538461538464, "arkip\u00e4iv\u00e4isten": 0.5, "omissa": 0.037037037037037035, "ominaista": 0.05128205128205128, "novelli": 0.2, "samalla": 0.00202020202020202, "p\u00e4\u00e4henkil\u00f6it\u00e4\u00e4n": 1.0, "ei": 0.00026588673225206064, "ajankohtainen": 0.038461538461538464, "toisaalta": 0.0014326647564469914, "sylikoira": 0.3333333333333333, "parissa\\n\u010dehovin": 1.0, "\u00f6vriga": 0.006711409395973154, "kirjoitti": 0.007692307692307693, "p\u00e4\u00e4henkil\u00f6iden": 0.3333333333333333, "yhdisti": 0.0625, "\u0447\u0435\u0445\u043e\u0432\u0430": 1.0, "n\u00e4ihin": 0.01, "rakkaudesta": 0.125, "esiintyv\u00e4": 0.030303030303030304, "ottaneet": 0.125, "ongelmiin": 0.03125, "p\u00e4\u00e4teht\u00e4v\u00e4n\u00e4": 0.25, "samantyyppisiss\u00e4": 1.0, "logiikkaa": 0.1, "perusteella": 0.0030627871362940277, "hetkisten": 0.5, "novellien": 1.0, "asioiden": 0.009345794392523364, "\u0440\u0430\u0441\u0441\u043a\u0430\u0437\u0430\u0445": 1.0, "seuraavia": 0.08333333333333333, "jossa": 0.0015467904098994587, "vastaavasti": 0.010526315789473684, "novelleissa": 1.0, "kerronnan": 0.1111111111111111, "sattumalla": 0.3333333333333333, "novellin": 0.5, "where": 0.0001984126984126984, "objektiivisesti": 0.05555555555555555, "alettiin": 0.015384615384615385, "monitahoisesti": 0.5, "kiinnostavat": 0.0625, "ymp\u00e4rille": 0.017857142857142856, "kaikki": 0.0010460251046025104, "millaisia": 0.0056179775280898875, "morsian": 0.3333333333333333, "tutkijoita": 0.037037037037037035, "teoksille": 0.3333333333333333, "my\u00f6s": 0.00014112334180073385, "suuntaan": 0.008064516129032258, "tekstianalyysi\u0430\u043d\u0430\u043b\u0438\u0437": 1.0, "yleens\u00e4": 0.0021645021645021645, "kysymys": 0.005208333333333333, "muusta": 0.017241379310344827, "vet\u00e4\u00e4": 0.025, "kuvauksia": 0.022222222222222223, "kuvasi": 0.03571428571428571, "nevesta": 1.0, "l\u00f6yt\u00e4\u00e4": 0.00546448087431694, "sanojen": 0.012048192771084338, "yhteiskunnassa": 0.008403361344537815, "viimeisiss\u00e4": 0.25, "maailmankuvan": 0.2, "tekij\u00e4-kertojan": 1.0, "kertomuksiaan": 1.0, "omia": 0.0049504950495049506, "pen\u00e4\u00e4": 1.0, "ihmistyyppej\u00e4": 1.0, "neutraaliin": 0.14285714285714285, "niiden": 0.0009578544061302681, "sanastollisia": 0.3333333333333333, "tutkijat": 0.011494252873563218, "kuin": 0.00034223134839151266, "tematiikasta": 1.0, "tietoja": 0.006622516556291391, "kuvaus\\ns\u00e4ilytyspaikka": 1.0, "luonteeltaan": 0.017857142857142856, "\u0430\u043f": 1.0, "my\u00f6h\u00e4isvaiheen": 1.0, "maailmansa": 0.5, "toisenlaista": 0.16666666666666666, "kirjasto\\nmuita": 0.5, "t\u00e4rke\u00e4n\u00e4": 0.00980392156862745, "ulkomailla": 0.027777777777777776, "kataev": 1.0, "yksiselitteisi\u00e4": 0.25, "kysymyksi\u00e4": 0.007692307692307693, "miten": 0.002253944402704733, "tuotannon": 0.03333333333333333, "hahmojen": 0.06666666666666667, "eiv\u00e4t": 0.0007710100231303007, "muiden": 0.0018050541516245488, "information\\nty\u00f6n": 1.0, "yksik\u00f6it\u00e4": 0.2, "ihmisen": 0.0041841004184100415, "n\u00e4ht\u00e4viss\u00e4": 0.008849557522123894, "uuden": 0.002881844380403458, "joka": 0.00037593984962406017, "huomiota": 0.004219409282700422, "kysymyksiin": 0.012048192771084338, "omien": 0.006289308176100629,