{"university": 0.0010482180293501049, "outdoor": 0.5, "piha-alueista": 1.0, "used": 0.041237113402061855, "environment": 0.005649717514124294, "la\u0308pikulkualueet": 1.0, "than": 0.03508771929824561, "example": 0.11538461538461539, "tervehtiva\u0308nsa\u0308": 1.0, "erilaista": 0.006896551724137931, "talossa": 0.03614457831325301, "aiemmin": 0.0010799136069114472, "not": 0.013888888888888888, "jotkut": 0.005714285714285714, "erikseen": 0.003246753246753247, "asukaskyselya\u0308": 1.0, "asuinalueen": 0.05555555555555555, "helsingin": 0.000751597143930853, "ka\u0308ytetta\u0308vyydella\u0308": 1.0, "oltiin": 0.009009009009009009, "much": 0.03225806451612903, "them\\naccording": 1.0, "because": 0.05263157894736842, "on": 0.00017562346329469617, "muut": 0.0013280212483399733, "pleased": 1.0, "diminished": 0.25, "older": 0.25, "but": 0.012195121951219513, "pappersexemplaret": 0.09090909090909091, "kohteen": 0.00966183574879227, "etta\u0308": 0.5555555555555556, "vastasivat": 0.009523809523809525, "only": 0.0136986301369863, "small": 0.010869565217391304, "silla\u0308": 1.0, "pienissa\u0308": 1.0, "visited": 0.5, "kirjastossa": 0.030303030303030304, "kahteen": 0.0041841004184100415, "ajateltu": 0.02564102564102564, "kuitenkin": 0.0002455795677799607, "know": 0.03333333333333333, "at": 0.005865102639296188, "cross": 0.05263157894736842, "areas": 0.2391304347826087, "research": 0.00591016548463357, "naturally": 0.25, "ja": 0.00016691564917668857, "use": 0.013793103448275862, "etu-to\u0308o\u0308lo\u0308": 1.0, "na\u0308in": 1.0, "knew": 0.2, "modern": 0.008928571428571428, "niissa\u0308": 1.0, "difference": 0.07692307692307693, "theme": 0.2, "suurimmalla": 0.0625, "na\u0308ytti": 1.0, "greeted": 1.0, "asuneet": 0.045454545454545456, "tehda\u0308": 1.0, "now": 0.05555555555555555, "therefore": 0.07142857142857142, "kaupungeissa": 0.011627906976744186, "amount": 0.1111111111111111, "se": 0.000104942806170637, "aika": 0.0012106537530266344, "nimenomaan": 0.00186219739292365, "kohtaamista": 0.034482758620689655, "public": 0.009174311926605505, "methods": 0.005747126436781609, "s\u00f6k": 0.08333333333333333, "among": 0.03225806451612903, "va\u0308liseen": 1.0, "ollen": 0.004132231404958678, "building": 0.1875, "ma\u0308a\u0308ra\u0308": 1.0, "yhteisista\u0308": 1.0, "jotka": 0.00023969319271332693, "some": 0.01020408163265306, "hae": 0.07142857142857142, "analyzed": 0.07142857142857142, "asukkaat": 0.08333333333333333, "sita\u0308": 1.0, "sammandrag": 0.038461538461538464, "all": 0.006666666666666667, "kevan": 1.0, "jopa": 0.0018744142455482662, "were": 0.029900332225913623, "ensinna\u0308kin": 1.0, "search": 0.03225806451612903, "suunnittelulla": 0.1111111111111111, "jonka": 0.00029069767441860465, "yhteisilla\u0308": 1.0, "istutusten": 0.09090909090909091, "each": 0.2413793103448276, "spontaania": 0.2857142857142857, "events": 0.058823529411764705, "ta\u0308ma\u0308n": 1.0, "olevan": 0.002523977788995457, "bibliotek": 0.07142857142857142, "copy": 0.09090909090909091, "problems": 0.01818181818181818, "yhteisten": 0.08333333333333333, "people": 0.05970149253731343, "kyselyn": 0.01694915254237288, "ole": 0.0001701258931609391, "objective": 0.09090909090909091, "ollutkaan": 0.03125, "most": 0.015151515151515152, "keskustelun": 0.0028011204481792717, "usage": 0.14285714285714285, "room": 0.08823529411764706, "between": 0.005154639175257732, "arvioitiin": 0.012048192771084338, "toistensa": 0.006493506493506494, "ei": 0.0001155802126675913, "fairly": 0.3333333333333333, "made": 0.03225806451612903, "varata": 0.05, "pa\u0308a\u0308sisi": 1.0, "ne": 0.0005406866720735334, "finns": 0.02631578947368421, "vuokratalosta": 1.0, "tutkimusongelma": 0.058823529411764705, "yliopiston": 0.0008051529790660225, "their": 0.004048582995951417, "kulkureitit": 0.3333333333333333, "previous": 0.07692307692307693, "liikkuvat": 0.02857142857142857, "tiedeta\u0308a\u0308n": 1.0, "ka\u0308yto\u0308ssa\u0308": 1.0, "syntyma\u0308a\u0308n\\n\\nta\u0308ssa\u0308": 1.0, "pihatalkoita\\n\\ntutkimuksen": 1.0, "havaittavissa": 0.005494505494505495, "discussed": 0.07692307692307693, "first": 0.009345794392523364, "residents": 1.0, "for": 0.0036663611365719525, "tempting": 1.0, "housing": 0.3333333333333333, "vastaajista": 0.007194244604316547, "httpwwwhelsinkifihelkaindexhtm": 0.09090909090909091, "even": 0.1, "with": 0.0058823529411764705, "to": 0.009226037929267043, "apartment": 1.0, "luonnollisesti": 0.005, "vaikuttaa": 0.001658374792703151, "appears": 0.1111111111111111, "this": 0.007978723404255319, "helka-databasen": 0.09090909090909091, "vuokratalo": 1.0, "especially": 0.04, "possible": 0.058823529411764705, "mainly": 0.038461538461538464, "suhteesta": 0.005235602094240838, "nousee": 0.0048543689320388345, "tiloihin": 0.09523809523809523, "wished": 1.0, "runsaasti": 0.0029940119760479044, "mahdollista": 0.0009285051067780873, "passing": 0.2, "tilaa": 0.004694835680751174, "merkitysta\u0308": 1.0, "is": 0.0072992700729927005, "many": 0.047619047619047616, "safety": 0.16666666666666666, "ihmiset\\n\\ntutkimusten": 1.0, "kuin": 0.00013000520020800833, "porraska\u0308yta\u0308va\u0308t": 1.0, "ajatellaan": 0.02127659574468085, "relatively": 0.25, "when": 0.034482758620689655, "verrattiin": 0.02564102564102564, "corridors": 0.5, "vuorovaikutteisuudella": 1.0, "auttavansa": 0.3333333333333333, "interaction": 0.010526315789473684, "theories": 0.02702702702702703, "kokivat": 0.007168458781362007, "helka": 0.058823529411764705, "whenever": 0.5, "jakautuu": 0.021739130434782608, "results": 0.02127659574468085, "httpwwwhelsinkifihelkaindexhtmyhteis\u00f6llisyys": 1.0, "yhteiso\u0308llisyyden": 1.0, "toisensa": 0.01904761904761905, "appropriate": 0.14285714285714285, "building\\nsense": 1.0, "designing": 0.05263157894736842, "who": 0.007352941176470588, "longest": 1.0, "relationship": 0.029411764705882353, "freely": 1.0, "ka\u0308ynyt": 1.0, "survey": 0.020833333333333332, "kun": 0.00017358097552508245, "vajaaka\u0308yto\u0308lla\u0308": 1.0, "rental": 1.0, "joka": 0.00013340448239060833, "tilojen": 0.07792207792207792, "f\u00f6r": 0.0033003300330033004, "reserved": 1.0, "of": 0.0034450775142440705, "things": 0.047619047619047616, "building\\nbased": 1.0, "everyone": 0.16666666666666666, "selvitta\u0308a\u0308": 0.3333333333333333, "there": 0.006097560975609756, "toivottiin": 0.015873015873015872, "pathways": 0.5, "hela": 0.010309278350515464, "tuovan": 0.03571428571428571, "tiloja": 0.07462686567164178, "observation": 0.016129032258064516, "yhteiso\u0308llisyyteen\\n\\ntutkimuskohde": 1.0, "placed": 0.2, "vuorovaikutteisuutta": 0.6666666666666666, "effects": 0.04878048780487805, "enemma\u0308n": 1.0, "paper": 0.02040816326530612, "neighborhood": 0.6, "compared": 0.07692307692307693, "kohtaavat": 0.012345679012345678, "observed": 0.07142857142857142, "mukaan": 0.00016353229762878168, "and": 0.002540892488486581, "districts": 1.0, "more": 0.03333333333333333, "yhteiso\u0308llisyyteen": 1.0, "library": 0.037037037037037035, "homes": 0.1, "age": 0.009615384615384616, "manner": 0.16666666666666666, "neighborhoods": 1.0, "walking": 0.3333333333333333, "mutta": 0.0001437607820586544, "ulos": 0.007407407407407408, "frequent": 0.14285714285714285, "av": 0.004524886877828055, "that": 0.008438818565400843, "then": 0.06451612903225806, "vapaassa": 0.08333333333333333, "said": 0.18181818181818182, "vaan": 0.0002914602156805596, "kohdattiin": 0.14285714285714285, "occur\\nthis": 1.0, "yhteiso\u0308llisyytta\u0308": 1.0, "evaluated\\nthe": 1.0, "yhteiset": 0.03225806451612903, "general": 0.021739130434782608, "tuloksiin\\n\\ntulosten": 1.0, "ka\u0308yto\u0308lla\u0308": 1.0, "syntymiseen": 0.08333333333333333, "contributes": 1.0, "kertookin": 0.16666666666666666, "tutkimuskohteen": 0.02857142857142857, "kanssaka\u0308ymista\u0308": 1.0, "tyytyva\u0308isia\u0308": 1.0, "thus": 0.07692307692307693, "talon": 0.007874015748031496, "voidaan": 0.0009117848187827673, "ollaan": 0.012987012987012988, "new-comers": 1.0,