{"minitablets": 0.8888888888888888, "than": 0.0001424298532972511, "erityisasiantuntemuksesta": 1.0, "flavoured": 0.058823529411764705, "vapaaehtoisen": 0.2, "valmistettujen": 0.3333333333333333, "entisest\u00e4\u00e4n": 0.019230769230769232, "tutkittiin": 0.00909090909090909, "l\u00e4\u00e4kevalmistukseen": 1.0, "l\u00e4\u00e4kkeen": 0.07692307692307693, "tarkoitetuilta": 1.0, "coatings": 0.08695652173913043, "choice": 0.0009398496240601503, "tukevat": 0.012987012987012988, "mukaan": 0.0003502626970227671, "selvitettiin": 0.06976744186046512, "jatai": 0.029411764705882353, "l-metioniini": 1.0, "peroral": 1.0, "minitablet": 1.0, "pinnoituskalvoihin": 1.0, "thiamine": 0.09090909090909091, "excipients": 1.0, "on": 0.00017935075028397202, "tukea": 0.004032258064516129, "parantaa": 0.014705882352941176, "valmistusta": 0.1, "maunpeittotekniikoin": 1.0, "muiden": 0.0018050541516245488, "kissaa": 0.3333333333333333, "kehitys": 0.009615384615384616, "more": 0.0002658160552897395, "erilaisin": 0.06666666666666667, "tulosten": 0.00819672131147541, "vapaaehtoisesti": 0.05, "\\n\\nnew": 1.0, "l\u00e4\u00e4kevalmisteita": 1.0, "small": 0.00051440329218107, "valmistaa": 0.043478260869565216, "makuaine-ehdokkaiksi": 1.0, "l-leusiini": 1.0, "lemmikkiomistajan": 1.0, "taloudellisesti": 0.027777777777777776, "paitsi": 0.008771929824561403, "pitoisuuksina": 0.5, "intake": 0.009523809523809525, "kuitenkin": 0.0010116337885685382, "ensimm\u00e4isess\u00e4": 0.010526315789473684, "sitoutumista": 0.15384615384615385, "kaikista": 0.007751937984496124, "introduced": 0.0017006802721088435, "maittavuus": 1.0, "therapy": 0.004210526315789474, "convenient": 0.011494252873563218, "incorporated": 0.008849557522123894, "joukko": 0.013888888888888888, "unacceptability": 1.0, "pit\u00e4\u00e4": 0.0032310177705977385, "meat": 0.008130081300813009, "l-leucine": 1.0, "hajua": 0.5, "vain": 0.0007267441860465116, "amino": 0.0028735632183908046, "annosteltavaksi": 1.0, "pienin\u00e4": 0.16666666666666666, "minitabletit": 1.0, "varsin": 0.010416666666666666, "tablettien": 0.5, "heterogeneous": 0.007518796992481203, "dogs": 0.0196078431372549, "joustavaa": 0.05, "esitettiin": 0.015151515151515152, "t\u00e4st\u00e4": 0.004246284501061571, "tunnetusti": 0.15384615384615385, "se": 0.00014753614635585718, "\\n\\ntoisessa": 0.5, "osaty\u00f6ss\u00e4": 0.25, "issues": 0.0011273957158962795, "synthetic": 0.006430868167202572, "point": 0.0004701457451810061, "treatment": 0.0048367593712212815, "drugs": 0.0033783783783783786, "terveydentilamuutoksen": 1.0, "that": 1.9868865487780646e-05, "\\n\\nnelj\u00e4nness\u00e4": 0.5, "ja": 0.0007372275329909321, "l\u00e4\u00e4kehoito": 0.125, "did": 0.0003698224852071006, "tarjottuja": 0.5, "result": 0.0006591957811470006, "l\u00e4\u00e4kevalmisteilta": 1.0, "not": 4.378092027494418e-05, "develop": 0.001589825119236884, "acids": 0.002207505518763797, "kissal\u00e4\u00e4kint\u00e4\u00e4n": 1.0, "vahvistamiseksi": 0.1, "lis\u00e4vaatimuksia": 1.0, "hoitomy\u00f6ntyvyyden": 0.6666666666666666, "found": 0.0008529997156667614, "niille": 0.015151515151515152, "\\n\\ntutkimuksen": 0.05, "tutkimuksen": 0.0024449877750611247, "kissal\u00e4\u00e4kkeiden": 1.0, "sitoutumisen": 0.13333333333333333, "k\u00e4ytettyin\u00e4": 0.5, "2-asetyylitiatsoli": 1.0, "having": 0.001, "liittyvi\u00e4": 0.005, "minitabletein": 1.0, "efficacy": 0.006756756756756757, "osoittautuivat": 0.14285714285714285, "mik\u00e4li": 0.005319148936170213, "cats": 0.14814814814814814, "method": 0.00036443148688046647, "ep\u00e4miellytt\u00e4v\u00e4n\u00e4": 0.25, "forms": 0.0009615384615384616, "oleellista": 0.019230769230769232, "palatability": 0.6666666666666666, "luontaisin": 1.0, "l\u00e4\u00e4kkeenoton": 1.0, "most": 0.0001503307276007216, "evident": 0.002777777777777778, "considered": 0.0008673026886383347, "conclusion": 0.002109704641350211, "l\u00e4\u00e4kkeenottoon": 1.0, "\\n\\ntutkimustulokset": 1.0, "diseases": 0.0030864197530864196, "maittavuutta": 1.0, "l\u00e4\u00e4keannostelua": 1.0, "ei": 0.00013294336612603032, "suun": 0.23529411764705882, "ottamasta": 1.0, "should": 0.0005520287054926856, "joukkoon": 0.022222222222222223, "their": 7.744133818632385e-05, "safe": 0.006578947368421052, "other": 9.511128019783147e-05, "n\u00e4ihin": 0.01, "masking": 0.16666666666666666, "\\n\\nin": 0.017241379310344827, "related": 0.0004079967360261118, "increased": 0.0016406890894175555, "suitable": 0.005639097744360902, "hoitomy\u00f6ntyvyytt\u00e4": 1.0, "were": 0.00044329048192008104, "for": 0.0002505846976277982, "tailor-made": 0.2, "unpalatable": 1.0, "copolymer": 0.03125, "2-asetyylipyridiini": 1.0, "however": 0.00042523033309709425, "l\u00e4\u00e4kehoitoon": 0.5, "tasting": 0.2, "thin": 0.0056179775280898875, "with": 0.00019911819086900867, "products": 0.0014619883040935672, "kissalle": 1.0, "well": 0.0002253267237494367, "kissan": 1.0, "pharmaceutical": 0.004830917874396135, "lacking": 0.006756756756756757, "sille": 0.006211180124223602, "product": 0.003629764065335753, "pet": 0.08571428571428572, "investigate": 0.002652519893899204, "\\n\\nkolmannessa": 0.25, "form": 0.00028074115665356543, "bitter": 0.06451612903225806, "voluntary": 0.006993006993006993, "polymer": 0.0036363636363636364, "makuaineista": 1.0, "maittavina": 1.0, "ep\u00e4onnistuu": 0.16666666666666666, "mahdollista": 0.0019120458891013384, "hydrochloride": 0.1, "containing": 0.0015698587127158557, "apuaineeksi": 1.0, "haasteellisena": 0.25, "dosing": 0.125, "key": 0.0010214504596527069, "safety": 0.004524886877828055, "overcome": 0.007352941176470588, "medicines": 0.004149377593360996, "kuin": 0.00034223134839151266, "important": 0.00029717682020802375, "when": 0.00013176966662274345, "complications": 0.029411764705882353, "tulisi": 0.0025188916876574307, "veterinary": 0.25, "kustannustehokkaasti": 1.0, "soveltuviksi": 0.6666666666666666, "minitablettikoostumuksia": 1.0, "kissa": 0.4, "jatkotutkimuksia": 0.2, "miten": 0.0007513148009015778, "particularly": 0.002797202797202797, "perinteisesti": 0.013513513513513514, "feline": 0.6666666666666666, "natural": 0.0007057163020465773, "edellytet\u00e4\u00e4n": 0.09090909090909091, "of": 6.162831489224527e-05, "minitablettipinnoittein": 1.0, "parantamiseksi": 0.10526315789473684, "evaluated": 0.002976190476190476, "animals": 0.0036496350364963502, "tiamiini": 1.0, "deposition": 0.007168458781362007, "hyv\u00e4ksytt\u00e4v\u00e4mpi\u00e4": 1.0, "flavours": 0.5714285714285714, "effective": 0.00196078431372549, "new": 0.00016894745734076703, "el\u00e4in": 0.14285714285714285, "perinteisten": 0.043478260869565216, "markkinoilla": 0.058823529411764705, "taste-masking": 1.0, "vapaaehtoiseen": 0.5, "huolimatta": 0.0035714285714285713, "hoitoon": 0.14285714285714285, "minitablettien": 1.0, "over": 0.00032206119162640903, "miellytt\u00e4vi\u00e4": 0.5, "lemmikkikissoille": 1.0, "chronic": 0.00510204081632653, "kielt\u00e4ytyy": 0.25, "hoidossa": 0.08695652173913043, "jatkotutkimuksiin": 0.5, "composed": 0.0037593984962406013, "odour": 0.5, "\\n\\nfeline-specific": 1.0, "investigated": 0.00516795865633075, "substance": 0.011904761904761904, "kroonisten": 0.14285714285714285, "osoittautui": 0.016129032258064516, "l-methionine": 1.0, "applicable": 0.012345679012345678, "focus": 0.000851063829787234, "palatable": 1.0, "pinnoitepoly-meerin": 1.0, "behavioural": 0.00510204081632653, "purposes": 0.0045871559633027525, "pit\u00e4nyt": 0.01639344262295082, "animal": 0.002898550724637681, "flexible": 0.00909090909090909, "el\u00e4inl\u00e4\u00e4kkeiden": 1.0, "domestic": 0.006329113924050633, "valittiin": 0.0136986301369863, "kissal\u00e4\u00e4kint\u00e4\u00e4": 1.0, "model": 0.00018416206261510129, "vaikeuttaa": 0.058823529411764705, "view": 0.0005282620179609086, "2-acetylpyridine": 1.0, "acceptability": 0.14285714285714285, "characteristics": 0.0011402508551881414, "maunpeittotekniikaksi": 1.0, "ett\u00e4": 0.00043191879926573806, "likely": 0.0006353240152477764, "also": 5.985873338920148e-05,