{"kysymyksist\u00e4": 0.04, "emt-merkint\u00e4": 1.0, "projektin": 0.023255813953488372, "translation": 0.0004108463434675431, "p\u00e4ivi": 0.008547008547008548, "emt-projektin": 1.0, "k\u00e4\u00e4nt\u00e4j\u00e4nkoulutusohjelmissa": 1.0, "kyselylomake": 0.041666666666666664, "muassa": 0.001953125, "laadullinen": 0.0196078431372549, "yleisimm\u00e4n": 0.16666666666666666, "mutta": 0.0003211303789338471, "apuv\u00e4lineiden": 1.0, "tiedot": 0.016666666666666666, "toisiinsa": 0.005917159763313609, "heid\u00e4n": 0.001336898395721925, "uudistukset": 0.14285714285714285, "ammatissa": 0.2, "tietoteknisten": 1.0, "saaduista": 0.14285714285714285, "ty\u00f6el\u00e4m\u00e4valmiudet": 1.0, "mukaan": 0.0003502626970227671, "ja": 0.0004177622686948615, "temaattiseen": 1.0, "yliopistolaki": 1.0, "sis\u00e4ltyvi\u00e4": 0.2857142857142857, "opintojen": 0.02702702702702703, "k\u00e4ytet\u00e4\u00e4n": 0.0026246719160104987, "kompetenssiprofiiliin": 1.0, "esitettyihin": 0.0625, "tiedonhakukompetenssien": 1.0, "ammattitaidon": 0.0625, "pidet\u00e4\u00e4n": 0.00819672131147541, "alku": 0.017857142857142856, "opettaa": 0.021739130434782608, "voidaan": 0.0007057163020465773, "on": 7.971144457065423e-05, "k\u00e4ytt\u00f6\u00e4": 0.007462686567164179, "avoimista": 0.3333333333333333, "j\u00e4rjest\u00f6jen": 0.030303030303030304, "joten": 0.0019193857965451055, "ty\u00f6el\u00e4m\u00e4opetuksen": 1.0, "pohjautuvat": 0.04, "komission": 0.3333333333333333, "ulkopuolisten": 0.045454545454545456, "ovat": 0.0005134788189987163, "vuorovaikutusulottuvuuteen": 1.0, "k\u00e4\u00e4nt\u00e4j\u00e4n": 0.38461538461538464, "pit\u00e4v\u00e4t": 0.01282051282051282, "tynj\u00e4l\u00e4": 0.058823529411764705, "aiempi": 0.023255813953488372, "asiantuntemuksen": 0.16666666666666666, "yksiselitteist\u00e4": 0.09090909090909091, "tuotantoulottuvuuteen": 1.0, "maisteriopintojen": 1.0, "emt": 0.002347417840375587, "toimimisen": 0.05263157894736842, "2008": 0.0002190580503833516, "ohjaavat": 0.015873015873015872, "k\u00e4\u00e4nt\u00e4misen": 0.07692307692307693, "tiedostonhallintaa": 1.0, "markkinointia": 0.2, "yliopistojen": 0.09090909090909091, "eroavatko": 0.25, "n\u00e4kemykset": 0.034482758620689655, "emt-profiili": 1.0, "ettei": 0.0019455252918287938, "ty\u00f6el\u00e4m\u00e4k\u00e4sitteen": 1.0, "k\u00e4\u00e4nn\u00f6salan": 1.0, "my\u00f6nt\u00e4\u00e4": 0.047619047619047616, "master\u2019s": 0.007874015748031496, "teknologisen": 0.125, "2012\\n\\ntutkimuksen": 1.0, "muussa": 0.03225806451612903, "k\u00e4sitteen": 0.011235955056179775, "perusteella": 0.0015313935681470138, "kehitt\u00e4miseksi": 0.03225806451612903, "alaisuuteen": 0.0625, "emt-merkint\u00e4\u00e4\\n\\nk\u00e4\u00e4nn\u00f6salan": 1.0, "omia": 0.0049504950495049506, "pohjana": 0.02040816326530612, "v\u00e4hiten": 0.10526315789473684, "emt-profiilin": 1.0, "kartoittaa": 0.045454545454545456, "sek\u00e4": 0.0014955134596211367, "tiettyjen": 0.03571428571428571, "liu": 0.003257328990228013, "roolia": 0.011111111111111112, "mallejaan": 1.0, "suomalaisten": 0.0070921985815602835, "heille": 0.007042253521126761, "sis\u00e4iset": 0.058823529411764705, "suomalaisessa": 0.024691358024691357, "kohteena": 0.00558659217877095, "s\u00e4hk\u00f6isen": 0.1, "tapaustutkimuskohteena": 1.0, "osa-alueisiin": 0.18181818181818182, "opettavansa": 0.5, "opettavat": 0.25, "kategoriaksi": 0.25, "tutkimuksia": 0.007874015748031496, "tekee": 0.004081632653061225, "esitt\u00e4neet": 0.09090909090909091, "vastaajien": 0.034482758620689655, "opetusta": 0.013888888888888888, "jotka": 0.0010922992900054614, "keskuudessa": 0.008333333333333333, "palvelukompetenssin": 1.0, "nykyp\u00e4iv\u00e4n\u00e4": 0.058823529411764705, "yhteydess\u00e4": 0.0015267175572519084, "monipuolisia": 0.08333333333333333, "opetus": 0.017543859649122806, "kelly": 0.01020408163265306, "tutkimuksen": 0.0008149959250203749, "jaotellaan": 0.5, "ajoittuu": 0.1, "opetetaan": 0.21052631578947367, "yhten\u00e4": 0.007936507936507936, "todella": 0.006369426751592357, "ty\u00f6el\u00e4m\u00e4valmiuksia": 1.0, "ty\u00f6el\u00e4m\u00e4osaaminen": 1.0, "analysoida": 0.015384615384615385, "heill\u00e4": 0.00819672131147541, "mik\u00e4li": 0.005319148936170213, "opettamista": 0.18181818181818182, "olevan": 0.0011148272017837235, "kompetenssien": 1.0, "seija": 0.05263157894736842, "mahdollistavat": 0.029411764705882353, "ole": 0.0008261049153242462, "yliopistolle": 0.5, "vaadittu": 0.25, "teoreettisena": 0.05, "miss\u00e4": 0.002890173410404624, "vastauksissa": 0.03333333333333333, "tutkijat": 0.011494252873563218, "k\u00e4\u00e4nt\u00e4j\u00e4nkoulutusta": 1.0, "kulttuuri": 0.011111111111111112, "laadittuun": 1.0, "ei": 0.0003988300983780909, "kompetenssiin": 0.5, "kvalitatiivinen": 0.0625, "avulla": 0.003952569169960474, "opettajien": 0.014354066985645933, "tutkimusmateriaali": 0.14285714285714285, "kriteerit": 0.047619047619047616, "tutkimuskysymyksen\u00e4": 0.09090909090909091, "laaja-alainen": 0.0625, "yliopiston": 0.007462686567164179, "konek\u00e4\u00e4nt\u00e4mist\u00e4ty\u00f6el\u00e4m\u00e4valmiuksien": 1.0, "tutkimus": 0.0015220700152207, "vastaajan": 0.04, "dorothy": 0.058823529411764705, "vastauksista": 0.03125, "kokonaisuus": 0.017543859649122806, "k\u00e4sitt\u00e4v\u00e4t": 0.05263157894736842, "kasvuprosessissa": 1.0, "sijoittuu": 0.03125, "k\u00e4yt\u00e4nn\u00f6n": 0.005555555555555556, "osa-alueita": 0.043478260869565216, "opettaminen": 0.07692307692307693, "kasvatus": 0.0196078431372549, "tutkimusotteella": 0.3333333333333333, "kokevat": 0.0196078431372549, "esitt\u00e4v\u00e4t": 0.022222222222222223, "mukaisten": 0.2, "monipuolisesti": 0.02564102564102564, "monivalinta": 1.0, "nyk\u00e4nen": 0.041666666666666664, "tahojen": 0.02631578947368421, "sen": 0.0005537098560354374, "muutokset": 0.010416666666666666, "osaamisen": 0.017857142857142856, "kompetenssin": 0.25, "vaikuttaa": 0.0015748031496062992, "k\u00e4\u00e4nt\u00e4j\u00e4opiskelijoille": 1.0, "tapaustutkimus": 0.03225806451612903, "2015": 0.00032206119162640903, "m\u00e4\u00e4ritelm\u00e4n": 0.018867924528301886, "vastaajat": 0.03333333333333333, "m\u00e4\u00e4rittely": 0.024390243902439025, "toisistaan": 0.0055248618784530384, "muun": 0.001610305958132045, "bin": 0.015873015873015872, "e-lomakkeen": 0.3333333333333333, "moniulotteisuus": 0.3333333333333333, "erilaisten": 0.006622516556291391, "oman": 0.001430615164520744, "selvitet\u00e4\u00e4n": 0.034482758620689655, "opetussuunnitelmat": 0.16666666666666666, "kaavaa": 0.07142857142857142, "k\u00e4\u00e4nt\u00e4j\u00e4lt\u00e4": 0.3333333333333333, "ty\u00f6el\u00e4m\u00e4valmiuksien": 1.0, "sosiologian": 0.06666666666666667, "european": 0.0011441647597254005, "alan": 0.006802721088435374, "eritt\u00e4in": 0.0031545741324921135, "kuudeksi": 0.3333333333333333, "koostuu": 0.012578616352201259, "yleisimmin": 0.034482758620689655, "vaiheessa": 0.005, "kartoitetaan": 0.14285714285714285, "asiakashankintaa": 1.0, "vastaako": 0.3333333333333333, "saama": 0.1111111111111111, "\\n\\nl\u00e4hes": 1.0, "tai": 0.0008342022940563086, "loppuvaiheeseen": 1.0, "korostetaan": 0.030303030303030304, "ty\u00f6el\u00e4m\u00e4taitojen": 1.0, "emt-profiilissa": 1.0, "m\u00e4\u00e4rittelyst\u00e4": 0.125, "vaikuta": 0.017857142857142856, "tapaansa": 0.25, "euroopan": 0.004975124378109453, "osaamista": 0.022222222222222223, "t\u00e4rke\u00e4n\u00e4": 0.029411764705882353, "osa": 0.0010869565217391304, "ty\u00f6el\u00e4m\u00e4opetuksesta": 1.0, "eniten": 0.006535947712418301, "kompetenssimallien": 1.0, "t\u00e4ytt\u00e4v\u00e4lle": 1.0, "k\u00e4\u00e4nn\u00f6stieteen": 0.5, "noudata": 0.16666666666666666, "taidot": 0.016129032258064516, "kokee": 0.0125, "tarkoituksena": 0.004608294930875576, "vastausten": 0.017241379310344827, "kysymyksiin": 0.012048192771084338, "yliopisto": 0.003003003003003003, "eritell\u00e4\u00e4n": 0.1, "tutkielman": 0.0049261083743842365, "kieli": 0.006622516556291391, "sijaan": 0.002066115702479339, "taidoista": 0.0625,