{"nuorilla": 0.029411764705882353, "muassa": 0.00390625, "peoples": 0.029411764705882353, "used": 0.00021990104452996153, "conducted": 0.0012135922330097086, "siten": 0.001524390243902439, "seurauksena": 0.0064516129032258064, "piirteit\u00e4": 0.006060606060606061, "huolestuttavaa": 0.5, "consisted": 0.004545454545454545, "understanding": 0.0006802721088435374, "tavoitteet": 0.009174311926605505, "voivat": 0.0021598272138228943, "ajattelu": 0.02, "gathered": 0.006369426751592357, "observed": 0.0009203865623561896, "p\u00e4iv\u00e4n\u00e4": 0.00819672131147541, "not": 4.378092027494418e-05, "nuori": 0.006493506493506494, "havaittiin": 0.009433962264150943, "opiskeluviikolla": 1.0, "mun": 0.015625, "t\u00e4ss\u00e4": 0.0014214641080312722, "built": 0.004, "ammatillista": 0.14285714285714285, "p\u00e4iv\u00e4t": 0.06666666666666667, "ennakoitavuutta": 1.0, "on": 0.00011956716685598135, "ymm\u00e4rryst\u00e4": 0.013888888888888888, "see": 0.00018178512997636792, "n\u00e4kyi": 0.01098901098901099, "nuorilta": 0.2, "challenges": 0.001941747572815534, "laittautumisena": 1.0, "ilmeist\u00e4": 0.1111111111111111, "16\u201317": 0.043478260869565216, "studies": 0.0007433562534844825, "ensin": 0.005076142131979695, "diversity": 0.0024096385542168677, "media-time": 1.0, "kuitenkin": 0.0005058168942842691, "joista": 0.002680965147453083, "gain": 0.006097560975609756, "aineisto": 0.0038461538461538464, "alle": 0.0021598272138228943, "my\u00f6s": 0.0004233700254022015, "actions": 0.0016339869281045752, "t\u00e4n\u00e4": 0.022727272727272728, "little": 0.001288659793814433, "among": 0.0005136106831022085, "collages": 0.5, "time": 0.0005187618882932734, "obvious": 0.002583979328165375, "sujumista": 0.25, "kokoavaa": 1.0, "vaiheita": 0.02857142857142857, "etenemiselle": 1.0, "part": 0.0005733944954128441, "kiinnittymist\u00e4": 0.07692307692307693, "diskurssianalyysin": 0.047619047619047616, "traditional": 0.0012239902080783353, "suurimmalla": 0.16666666666666666, "kuvaa": 0.00303951367781155, "young": 0.010383386581469648, "tutkimusmenetelmin": 1.0, "opintojen": 0.08108108108108109, "ilmi\u00f6n": 0.01639344262295082, "society": 0.0014316392269148174, "analysoinnissa": 0.09090909090909091, "thinking": 0.0009541984732824427, "was": 0.0006338893070797512, "only": 0.0001296512381693245, "methods": 0.00030807147258163895, "uhkana": 0.05555555555555555, "ja": 0.0002457425109969774, "sekvenssirakenne": 1.0, "building": 0.007575757575757576, "need": 0.000591016548463357, "jotka": 0.0005461496450027307, "my\u00f6h\u00e4isen\u00e4": 1.0, "mahdollisuuksia": 0.008928571428571428, "edist\u00e4misen": 0.14285714285714285, "rhythm": 0.017391304347826087, "analyzed": 0.002457002457002457, "reviewed": 0.011111111111111112, "found": 0.0002843332385555871, "that": 0.00013908205841446454, "tutkimuksen": 0.0008149959250203749, "sekvenssimenetelm\u00e4st\u00e4": 1.0, "kavereita": 0.2, "jopa": 0.0017543859649122807, "were": 6.332721170286872e-05, "having": 0.001, "mobile": 0.0011467889908256881, "j\u00e4lkeen": 0.0009319664492078285, "liittyvi\u00e4": 0.005, "pulmia": 0.3333333333333333, "siirtym\u00e4vaiheissa": 0.3333333333333333, "el\u00e4vien": 0.07692307692307693, "delimit": 0.14285714285714285, "p\u00e4\u00e4kaupunkiseudulla": 0.04, "koulutusta": 0.023809523809523808, "constructing": 0.006024096385542169, "method": 0.00036443148688046647, "opinnot": 0.04, "capitol": 1.0, "management": 0.0017064846416382253, "problems": 0.0013029315960912053, "oppitunneilta": 0.3333333333333333, "m\u00e4": 0.002680965147453083, "objectives": 0.007874015748031496, "oppilaitoksessa": 0.1, "late": 0.0027137042062415195, "monimuotoisuuden": 0.1111111111111111, "tekij\u00e4": 0.0048543689320388345, "syrj\u00e4ytymist\u00e4": 0.25, "going": 0.0020833333333333333, "esiin": 0.0018018018018018018, "eleven": 0.019230769230769232, "30-vuotiasta": 1.0, "re-sults": 1.0, "kavereiden": 0.2, "rutiinien": 0.3333333333333333, "discourse": 0.000931098696461825, "first": 0.00023342670401493932, "aim": 0.0019743336623889436, "discussion": 0.0007501875468867217, "for": 4.17641162712997e-05, "years": 0.0008385744234800838, "made": 0.000437636761487965, "opiskelevan": 0.25, "known": 0.0006361323155216285, "\\n\\nmenetelm\u00e4t": 0.14285714285714285, "or": 9.830908375933936e-05, "to": 7.13279480732538e-05, "rakentumista": 0.15, "ohjasi": 0.029411764705882353, "kehitetyst\u00e4": 1.0, "koulutuksen": 0.004, "lacking": 0.006756756756756757, "nuorta": 0.034482758620689655, "content": 0.00046882325363338024, "this": 0.00013842746400885935, "kaveriajan": 1.0, "today": 0.0021691973969631237, "gives": 0.0013774104683195593, "haasteita": 0.009708737864077669, "worrying": 0.06666666666666667, "revealed": 0.0018867924528301887, "data": 0.0003925160277377993, "\\n\\nmethods": 0.2, "is": 0.00010411244143675169, "enemm\u00e4n\u2026": 0.5, "many": 0.00023272050267628578, "exclusion": 0.006134969325153374, "safety": 0.004524886877828055, "yhdess\u00e4olon": 0.25, "base": 0.0016129032258064516, "friends": 0.0022222222222222222, "majority": 0.0022988505747126436, "relatively": 0.0011627906976744186, "when": 0.00013176966662274345, "toimintojen": 0.023809523809523808, "during": 0.00022114108801415304, "week": 0.004975124378109453, "haasteista": 0.07692307692307693, "rhyth-ming": 1.0, "daytime": 0.037037037037037035, "tarkasteltiin": 0.018867924528301886, "tuttujen": 0.1111111111111111, "people": 0.003589375448671931, "six": 0.0014044943820224719, "arjen": 0.055944055944055944, "ajanhallinnassa": 1.0, "theoretically": 0.010638297872340425, "tekij\u00f6ist\u00e4": 0.02127659574468085, "talk": 0.003134796238244514, "joka": 0.00037593984962406017, "holistinen": 0.5, "photo": 0.008264462809917356, "ammatillisissa": 0.5, "kun": 0.00043956043956043956, "sovellettiin": 0.058823529411764705, "opiskelevilta": 1.0, "phases": 0.003745318352059925, "threat": 0.005952380952380952, "2003": 0.0006240249609984399, "tarvi": 0.09090909090909091, "vapaa-ajan": 0.037037037037037035, "muun": 0.00322061191626409, "addition": 0.00038714672861014324, "osalla": 0.1, "consequence": 0.004149377593360996, "illan": 0.041666666666666664, "ilman": 0.0016366612111292963, "rytmitt\u00e4misen": 1.0, "by": 0.0001406321414759343, "oppilaitoksissa": 0.14285714285714285, "tuen": 0.008264462809917356, "todettu": 0.01639344262295082, "appear": 0.0016207455429497568, "yksi": 0.0012578616352201257, "media-ajan": 1.0, "attachment": 0.008403361344537815, "life": 0.003769317753486619, "at": 0.00019522353094292966, "age": 0.0026714158504007124, "tulosten": 0.00819672131147541, "kertomusten": 0.125, "could": 0.000418147606104955, "via": 0.0010515247108307045, "pohjalta": 0.01079136690647482, "routines": 0.014705882352941176, "proceeding": 0.05, "n\u00e4ytt\u00e4yty\u00e4": 0.16666666666666666, "p\u00e4iv\u00e4aikainen": 1.0, "sis\u00e4ll\u00f6n": 0.010416666666666666, "transition": 0.0016366612111292963, "lis\u00e4\u00e4v\u00e4": 0.1111111111111111, "interviews": 0.0012987012987012987, "kuva-avusteisten": 1.0, "ett\u00e4": 0.00021595939963286903, "puutetta": 0.023255813953488372, "regular": 0.003125, "especially": 0.000482392667631452, "nuorten": 0.020618556701030927, "pyrkimyksen\u00e4": 0.034482758620689655, "living": 0.0018975332068311196, "antaa": 0.002544529262086514, "tukemiseksi": 0.07692307692307693, "days": 0.0016313213703099511, "voisin": 0.020833333333333332, "gathering": 0.011904761904761904, "everyday": 0.023952095808383235, "and": 5.8507246122432263e-05, "collage": 0.05555555555555555, "tutkimuksessa": 0.00423728813559322, "also": 5.985873338920148e-05, "structure": 0.0010476689366160294, "anticipation": 0.038461538461538464, "16\u201317-vuotiailta": 1.0, "yhdelt\u00e4toista": 1.0, "phe-nomenon": 1.0, "kautta": 0.0009505703422053232, "puhua": 0.011904761904761904, "factors": 0.0011976047904191617, "media-aika": 1.0, "nuoren": 0.011235955056179775, "elicitation": 0.034482758620689655, "the": 0.00015453771533610597, "familiar": 0.0031645569620253164,