{"aineisto": 0.0038461538461538464, "k\u00e4sitteeseen\\n\\nmenetelm\u00e4t": 1.0, "conducted": 0.0024271844660194173, "may": 0.00018477457501847746, "\\n\\nresults": 0.25, "decrease": 0.002320185614849188, "tavoitteet": 0.009174311926605505, "tutkimuksena": 0.2, "nostettiin": 0.038461538461538464, "cooking": 0.03, "choice": 0.0018796992481203006, "told": 0.002777777777777778, "explore": 0.0045662100456621, "oman": 0.001430615164520744, "ostoskerralla": 1.0, "prosenttia": 0.009900990099009901, "fish": 0.0037174721189591076, "kitchen": 0.01020408163265306, "instrument": 0.0040650406504065045, "k\u00e4ytt\u00e4v\u00e4t": 0.031578947368421054, "lead": 0.0011135857461024498, "on": 9.963930571331779e-05, "pyrit\u00e4\u00e4n": 0.006097560975609756, "tuntuivat": 0.06666666666666667, "moneyruokakassipalvelu": 1.0, "positiivisiksi": 0.5, "female": 0.000946073793755913, "uusi": 0.0030581039755351682, "largest": 0.006042296072507553, "miellytt\u00e4v\u00e4mp\u00e4\u00e4": 0.5, "ruokakassipalvelut": 1.0, "vapaaehtoisesti": 0.05, "turhien": 1.0, "only": 0.000259302476338649, "positive": 0.0006858710562414266, "this": 0.00010382059800664452, "skills": 0.000749063670411985, "helpottavina": 0.5, "several": 0.0007665772326561902, "its": 0.000304228780042592, "children": 0.0003843197540353574, "hallinnan": 0.10526315789473684, "impact": 0.0011961722488038277, "joista": 0.002680965147453083, "another": 0.0004784688995215311, "ruokapalveluita": 1.0, "research": 0.00026748696001069946, "age": 0.0008904719501335708, "n\u00e4ke-m\u00e4\u00e4n": 1.0, "increase": 0.0007547169811320754, "time": 0.0005187618882932734, "aikaa": 0.006042296072507553, "an": 5.180810278727593e-05, "onnistuneet": 0.0625, "millaiset": 0.05263157894736842, "vaikutuksia": 0.012195121951219513, "form": 0.00028074115665356543, "pois": 0.0034482758620689655, "my\u00f6t\u00e4": 0.0033112582781456954, "experience": 0.0008984725965858042, "vastaajaa": 0.045454545454545456, "p\u00e4\u00e4asiallisesti": 0.05, "laadullisena": 0.2, "utilizing": 0.010309278350515464, "sek\u00e4": 0.0009970089730807576, "unnecessary": 0.015384615384615385, "k\u00e4ymisen": 0.3333333333333333, "57": 1.0, "aikai-sempiin": 1.0, "own": 0.0004253509145044662, "eas-ier": 1.0, "next": 0.0010362694300518134, "kuluttajat": 0.029850746268656716, "selvitet\u00e4\u00e4n": 0.034482758620689655, "recipes": 0.0006915629322268327, "methods": 0.00030807147258163895, "ja": 0.0002457425109969774, "vaikuttavat": 0.0038022813688212928, "yhdell\u00e4": 0.022222222222222223, "46-65-vuotiaita": 1.0, "diet": 0.015873015873015872, "that": 5.9606596463341945e-05, "tutkimuksen": 0.0024449877750611247, "goal": 0.0008680555555555555, "pur-chases": 1.0, "be-tween": 1.0, "were": 0.0005066176936229498, "waste": 0.01, "vastaajista": 0.05405405405405406, "distinguishing": 0.010309278350515464, "liisa": 0.007874015748031496, "earlier": 0.0009049773755656109, "perceived": 0.003003003003003003, "forms": 0.0004807692307692308, "management": 0.005119453924914676, "k\u00e4ytt\u00e4jien": 0.14285714285714285, "appear": 0.0016207455429497568, "ruokataloutta": 1.0, "el\u00e4m\u00e4nlaatua": 0.08333333333333333, "vastaajia": 0.16666666666666666, "ruokakassipalvelun": 1.0, "ruokakassipalvelua": 1.0, "jatkuvasti": 0.009615384615384616, "k\u00e4yt\u00f6ll\u00e4": 0.058823529411764705, "avulla": 0.0013175230566534915, "are": 5.6708631053646363e-05, "parantavan": 0.1111111111111111, "seemed": 0.002976190476190476, "their": 0.00046464802911794315, "tutkimus": 0.0015220700152207, "other": 9.511128019783147e-05, "selvitt\u00e4\u00e4": 0.005291005291005291, "grocery": 0.7857142857142857, "kahdeksan": 0.015384615384615385, "suggest": 0.001394700139470014, "monipuolisemman": 0.16666666666666666, "saada": 0.0028089887640449437, "for": 8.35282325425994e-05, "framework": 0.0012195121951219512, "aineiston": 0.0024937655860349127, "concept": 0.0008210180623973727, "made": 0.00087527352297593, "k\u00e4ytt\u00e4j\u00e4t": 0.0625, "18-30": 0.5, "or": 4.915454187966968e-05, "to": 0.0001337399026373509, "ways": 0.0007980845969672786, "ohjasi": 0.029411764705882353, "vaikuttaa": 0.0031496062992125984, "include": 0.0007621951219512195, "values": 0.0004008016032064128, "mo-nenlaisia": 1.0, "content": 0.00046882325363338024, "yli": 0.003745318352059925, "diverse": 0.002403846153846154, "k\u00e4ytt\u00e4ji\u00e4\u00e4n": 1.0, "vaikutukset": 0.014925373134328358, "mainly": 0.0011013215859030838, "valintaan": 0.03225806451612903, "ruokakassi-palvelu": 1.0, "osalta": 0.0024813895781637717, "aspects": 0.0009107468123861566, "mahdollista": 0.0019120458891013384, "ruoka-aineet": 1.0, "data": 0.00026167735182519954, "is": 2.9746411839071912e-05, "many": 0.00023272050267628578, "s\u00e4\u00e4st\u00f6": 0.5, "theoretical": 0.0007342143906020558, "t\u00e4m\u00e4n": 0.0007412898443291327, "ruokah\u00e4vikin": 1.0, "tai": 0.0004171011470281543, "palvelun": 0.08333333333333333, "maaliskuussa": 0.03571428571428571, "economical": 0.05263157894736842, "studies": 0.00018583906337112061, "ruokapalveluiden": 1.0, "vuotta": 0.002840909090909091, "ruokakassipalvelu": 1.0, "v\u00e4lineen\u00e4": 0.01694915254237288, "tulokset": 0.0035335689045936395, "six": 0.0014044943820224719, "arjen": 0.027972027972027972, "anton": 0.16, "ruoka-kassin": 1.0, "save": 0.009174311926605505, "ruoka-kassipalvelun": 1.0, "of": 0.0001374785486057779, "30\u201345-vuotiaita": 1.0, "aikaisempaa": 0.02564102564102564, "tutkimuksiin": 0.047619047619047616, "arvomaailman": 0.16666666666666666, "decreased": 0.003076923076923077, "k\u00e4ymisest\u00e4": 1.0, "henkil\u00f6t": 0.014492753623188406, "new": 0.0006757898293630681, "kuluttajan": 0.04, "henkil\u00f6\u00e4": 0.018867924528301886, "ruokiin": 0.3333333333333333, "according": 0.000641025641025641, "there": 0.00011033873993158998, "healthy": 0.00558659217877095, "over": 0.00032206119162640903, "t\u00e4ytt\u00e4-neit\u00e4": 1.0, "users": 0.014218009478672985, "n\u00e4kyminen": 0.14285714285714285, "types": 0.0006172839506172839, "rahallinen": 0.16666666666666666, "everyday": 0.015968063872255488, "haverisen": 0.5, "ilmestyy": 0.16666666666666666, "yksi": 0.0025157232704402514, "lapsi": 0.00819672131147541, "ruokavalinnoissa": 1.0, "osoittivat": 0.02, "ruoanvalmistustaitoja": 1.0, "puolet": 0.015151515151515152, "ovat": 0.0005134788189987163, "ar-jessa": 1.0, "more": 0.0002658160552897395, "make": 0.0005530973451327434, "life": 0.0018846588767433095, "ruoanvalmistuksen": 0.14285714285714285, "typeform": 1.0, "va-lintaan": 1.0, "heid\u00e4n": 0.001336898395721925, "analyysi": 0.0048543689320388345, "antonin": 0.5, "2016": 0.0011947431302270011, "directed": 0.005076142131979695, "sis\u00e4ll\u00f6n": 0.010416666666666666, "viisitoista": 0.2, "useamman": 0.018867924528301886, "looking": 0.0034129692832764505, "ett\u00e4": 0.00010797969981643452, "well": 0.0002253267237494367, "regular": 0.003125, "service": 0.03367875647668394, "v\u00e4hentyess\u00e4": 0.16666666666666666, "successful": 0.002277904328018223, "k\u00e4ytt\u00e4m\u00e4\u00e4n": 0.015151515151515152, "terveellisemm\u00e4n": 1.0, "typeform-internetsovellusta": 1.0, "os-tosten": 1.0, "results": 0.00018747656542932134, "1996": 0.0006381620931716656, "days": 0.0016313213703099511, "vegetables": 0.058823529411764705, "effects": 0.001195457262402869, "k\u00e4yt\u00f6n": 0.016260162601626018, "ease": 0.0136986301369863, "and": 8.77608691836484e-05, "quality": 0.0006756756756756757, "tutkimuksessa": 0.002824858757062147, "also": 0.00011971746677840296, "why": 0.0008312551953449709, "vaikutusta": 0.0056179775280898875, "1996\\n\\ndata": 1.0, "questions": 0.0005770340450086555, "year": 0.0021119324181626186, "s\u00e4\u00e4styi": 0.5, "kotitalouden": 0.010752688172043012, "does": 0.0002782415136338342, "18\u201330-vuotiaita": 1.0, "experiments": 0.001277139208173691, "encouraged": 0.006622516556291391, "consumers": 0.0625, "do": 0.00016767270288397049, "kappaletta": 0.023255813953488372, "had": 0.00016753224995811694,