{"aineisto": 0.0038461538461538464, "samaa": 0.006535947712418301, "t\u00e4rke\u00e4\u00e4internetwerbung": 1.0, "joten": 0.0019193857965451055, "vuonna": 0.0008403361344537816, "tutkielma": 0.004694835680751174, "markkinoinnissa": 1.0, "heid\u00e4n": 0.001336898395721925, "kehityssuuntia": 0.5, "valittiin": 0.0136986301369863, "kohdentaa": 0.3333333333333333, "kattaa": 0.024390243902439025, "jatai": 0.058823529411764705, "mainokset": 0.08571428571428572, "pohjalta": 0.007194244604316547, "saksalaisista": 1.0, "ett\u00e4": 0.0005398984990821725, "toimivaa": 0.07142857142857142, "l\u00e4hteist\u00e4": 0.030303030303030304, "yritysten": 0.009615384615384616, "voidaan": 0.0007057163020465773, "on": 0.0001394950279986449, "tavallisia": 0.05263157894736842, "ensi": 0.015625, "mainosvideosta": 1.0, "mielekk\u00e4it\u00e4": 0.14285714285714285, "mahdollisia": 0.0136986301369863, "nettikauppojen": 0.5, "potentiaalisia": 0.16666666666666666, "ovat": 0.00025673940949935817, "tieteellisin\u00e4": 1.0, "tutkimuksessa": 0.0014124293785310734, "mainontaansa": 0.3333333333333333, "pohtii": 0.03225806451612903, "nettimainonnalla": 1.0, "joista": 0.002680965147453083, "todetaan": 0.023255813953488372, "tarkastellaan": 0.006993006993006993, "sana": 0.007142857142857143, "vain": 0.0007267441860465116, "mahdollisuuksien": 0.03125, "perusteella": 0.0015313935681470138, "osan": 0.007575757575757576, "syyskuun": 0.058823529411764705, "vaikutti": 0.0055248618784530384, "kielellisesti": 0.1, "tavaratalojen": 1.0, "tarjoamien": 0.14285714285714285, "konteksteja": 0.16666666666666666, "neologismeille": 1.0, "muotialan": 1.0, "voida": 0.0070921985815602835, "sek\u00e4": 0.0009970089730807576, "sen": 0.0002768549280177187, "varmistettiin": 0.1111111111111111, "entwicklungstendenzen": 1.0, "luodaan": 0.020833333333333332, "poikkeuksetta": 0.013333333333333334, "mainosten": 0.038461538461538464, "rakenteellisesti": 0.125, "internetsivuilla": 0.25, "l\u00e4hestymistapoina": 1.0, "nettimainonnan": 1.0, "internetsivustoille": 1.0, "millaisista": 0.125, "ja": 0.00036861376649546606, "niiss\u00e4": 0.006711409395973154, "kehittymismahdollisuuksia": 1.0, "osoittaa": 0.003367003367003367, "yrityksen": 0.011904761904761904, "median": 0.003816793893129771, "tutkimuksen": 0.0008149959250203749, "jokainen": 0.006802721088435374, "internetin": 0.030303030303030304, "esimerkiksi": 0.0005227391531625719, "etenkin": 0.002890173410404624, "sosiaalisessa": 0.02702702702702703, "neologismeista": 1.0, "k\u00e4sittelee": 0.005847953216374269, "houkutella": 0.08333333333333333, "ymm\u00e4rt\u00e4minen": 0.025, "nykyhetkeen": 0.14285714285714285, "nettimainontaa": 1.0, "kokonaismarkkinointia": 1.0, "mainoksista": 0.3333333333333333, "noudattavat": 0.04, "huomattavaa": 0.030303030303030304, "zur": 0.004889975550122249, "literaturbasierte": 1.0, "zum": 0.0035460992907801418, "mode-bereich": 1.0, "etusivulta\\naineistossa": 1.0, "asiakkaitaan": 0.5, "tulevaisuudessa": 0.0136986301369863, "nettimainokset": 1.0, "p\u00e4\u00e4osin": 0.011111111111111112, "ei": 0.00013294336612603032, "kirjallisuuspohjainen": 1.0, "neologismen": 1.0, "aineistosta": 0.005952380952380952, "mobiilikanavien": 1.0, "muotitavaratalon": 1.0, "ajankohtaista": 0.09090909090909091, "tarkastella": 0.005847953216374269, "analysoitiin": 0.02, "muotitavarataloista": 1.0, "l\u00e4hes": 0.002857142857142857, "tutkimus": 0.0015220700152207, "hakukonen\u00e4kyvyyden": 1.0, "esiintyvien": 0.0625, "silm\u00e4yksell\u00e4": 1.0, "tehd\u00e4": 0.002242152466367713, "it\u00e4valtalaisista": 1.0, "neologismeja": 1.0, "lukeutuu": 0.2, "eine": 0.0021231422505307855, "sanakirjoja": 0.5, "kuuden": 0.027777777777777776, "omille": 0.0625, "untersuchung": 0.0136986301369863, "internetmainonta": 1.0, "mit\u00e4": 0.000774593338497289, "it\u00e4valtaisen": 1.0, "merkitys": 0.0024752475247524753, "elementeist\u00e4": 0.0625, "taustalla": 0.0044444444444444444, "tulevaisuuden": 0.007518796992481203, "l\u00f6ytyvi\u00e4": 0.25, "l\u00e4hteisiin": 0.06666666666666667, "mainonta": 0.0625, "2015": 0.00032206119162640903, "helppo": 0.014084507042253521, "my\u00f6s": 0.00014112334180073385, "suotuisia": 0.5, "ainestoon": 1.0, "viestint\u00e4tiedett\u00e4": 1.0, "sellaisille": 0.3333333333333333, "mediassa": 0.024390243902439025, "bausteine": 1.0, "rakennetta": 0.03125, "n\u00e4kymiin\\ntutkielma-aineisto": 1.0, "menneisyyteen": 0.14285714285714285, "mahdollisuus": 0.0058823529411764705, "listaa": 0.05555555555555555, "koostuu": 0.006289308176100629, "niiden": 0.0009578544061302681, "valikoituneet": 0.125, "und": 0.0005284015852047556, "tutkimusaineisto": 0.02564102564102564, "ker\u00e4ttiin": 0.01639344262295082, "kuin": 0.00034223134839151266, "digitaalisia": 0.2, "mainoksesta": 0.25, "sivuille\\ntutkimuksen": 1.0, "yleistyksi\u00e4": 0.0625, "osa": 0.0010869565217391304, "tarkasteltiin": 0.018867924528301886, "mobiilikanavissa": 1.0, "mode-internetwerbung": 1.0, "sosiaalisen": 0.007575757575757576, "aineiston": 0.0024937655860349127, "huomioiminen": 0.043478260869565216, "niin": 0.00042301184433164127, "nettikaupoista": 0.3333333333333333, "blogien": 0.00641025641025641, "nettikaupan": 0.25, "m\u00f6glichen": 0.043478260869565216, "analyse": 0.0034602076124567475, "neologismien": 1.0, "rakentuvat": 0.03125, "saksalaisen": 0.0625, "joka": 0.00037593984962406017, "eri": 0.0005861664712778429, "medialingvistiikkaa": 1.0, "katsaus": 0.03333333333333333, "neologismilta": 1.0, "nettimainosten": 1.0, "saksankielist\u00e4": 0.5, "p\u00e4ivitt\u00e4v\u00e4": 1.0, "tavoitteena": 0.003355704697986577, "yhdest\u00e4": 0.02702702702702703, "ihre": 0.005376344086021506, "sanoa": 0.004651162790697674, "mik\u00e4": 0.0009182736455463728, "lis\u00e4ksi": 0.000574052812858783, "internet-sivusto": 1.0, "loppupuolella": 0.02631578947368421}