{"pahimmista": 1.0, "k\u00e4ytt\u00f6": 0.013157894736842105, "uskottuja": 1.0, "kokemattomuus": 1.0, "uhraaminen": 0.5, "kerrottiin": 0.034482758620689655, "p\u00e4\u00e4l\u00e4hteet": 1.0, "k\u00e4ytett\u00e4v\u00e4n": 0.06666666666666667, "mutta": 0.0006422607578676942, "kreikankielisi\u00e4": 0.25, "siki\u00f6ist\u00e4": 1.0, "ekr": 0.03571428571428571, "irti": 0.02040816326530612, "saattoi": 0.004694835680751174, "poikia": 0.05555555555555555, "ennustavan": 1.0, "rooman": 0.005434782608695652, "arvoisia": 0.125, "syyt\u00f6slistan": 1.0, "kaikkein": 0.013157894736842105, "ajallisesti": 0.04, "maagikkojen": 1.0, "hautakirjoituksia": 1.0, "maantieteellisesti": 0.09090909090909091, "statukseltaan": 0.5, "k\u00e4ytt\u00e4v\u00e4t": 0.010526315789473684, "syyt\u00f6ksist\u00e4": 0.2, "uskottiin": 0.15, "lapsimediumeina": 1.0, "siveett\u00f6miin": 1.0, "on": 5.978358342799067e-05, "k\u00e4ytt\u00f6\u00e4": 0.007462686567164179, "roomalaiseen": 0.2, "puhtaus": 0.04, "mustamaalattiin": 1.0, "k\u00e4ytettiin": 0.00816326530612245, "ovat": 0.0005134788189987163, "moraalittomana": 1.0, "riiteiss\u00e4": 1.0, "tutkimuksessa": 0.0014124293785310734, "aborttien": 1.0, "tutkimuskysymyksi\u00e4": 0.14285714285714285, "murhiin": 1.0, "liitettiin": 0.03333333333333333, "kautta": 0.0009505703422053232, "siit\u00e4": 0.0006079027355623101, "nuoriin": 0.05, "asti": 0.004975124378109453, "jkr": 0.125, "l\u00e4hteet": 0.013245033112582781, "kuten": 0.0005793742757821553, "voimakkaampaa\\ntaikuudessa": 1.0, "tavoin": 0.0035714285714285713, "monia": 0.007518796992481203, "k\u00e4ytt\u00e4minen": 0.03225806451612903, "vain": 0.0007267441860465116, "olivat": 0.0017133066818960593, "lapset": 0.01680672268907563, "eri-ik\u00e4isi\u00e4": 0.5, "olla": 0.0018915510718789407, "400-luvulle": 1.0, "k\u00e4ytetyn": 0.03333333333333333, "tytt\u00f6j\u00e4": 0.058823529411764705, "vatsoista": 1.0, "k\u00e4sitell\u00e4\u00e4n": 0.006802721088435374, "mihin": 0.006134969325153374, "kristillisi\u00e4": 0.3333333333333333, "teht\u00e4v\u00e4ns\u00e4": 0.1111111111111111, "ilmi\u00f6n": 0.01639344262295082, "toimi": 0.003745318352059925, "se": 0.00029507229271171436, "lapsia": 0.06521739130434782, "tekstist\u00e4": 0.034482758620689655, "oikeuspuheita": 1.0, "sit\u00e4": 0.0005165289256198347, "ennustaminen": 0.07142857142857142, "ja": 0.00036861376649546606, "v\u00e4litt\u00e4jin\u00e4": 0.25, "\u00e4itiens\u00e4": 1.0, "avullaan": 0.5, "koska": 0.0008888888888888889, "ep\u00e4roomalaisiin": 1.0, "filosofisia": 0.16666666666666666, "valittiin": 0.0136986301369863, "el\u00e4m\u00e4kertoja": 0.25, "huipentumana": 0.5, "sosiaaliselta": 1.0, "yksityisess\u00e4": 0.5, "k\u00e4ytetyt": 0.034482758620689655, "tutkimuksen": 0.0016299918500407497, "ennustamisessa": 1.0, "etenkin": 0.002890173410404624, "aikuisuuden": 0.16666666666666666, "kauniita": 0.16666666666666666, "toimintanalasten": 1.0, "uhreina": 0.25, "rajattu": 0.04, "oleviin": 0.037037037037037035, "vuosisadalta": 0.5, "taikuuden": 1.0, "t\u00e4m\u00e4": 0.0005934718100890207, "taikuudessa": 1.0, "olevan": 0.0011148272017837235, "pidettiin": 0.006756756756756757, "henkil\u00f6\u00f6n": 0.125, "t\u00e4ydellisi\u00e4": 0.1111111111111111, "t\u00e4t\u00e4": 0.001838235294117647, "orjia": 0.2, "henkil\u00f6it\u00e4": 0.01639344262295082, "\u00e4\u00e4rimm\u00e4isen": 0.03571428571428571, "sijoittuvat": 0.047619047619047616, "syytt\u00e4minen": 0.25, "valtakuntaan": 0.3333333333333333, "todenn\u00e4k\u00f6isesti": 0.005555555555555556, "ensimm\u00e4iselt\u00e4": 0.16666666666666666, "p\u00e4\u00e4asiallisia": 0.2, "aiheena": 0.04, "k\u00e4yt\u00f6st\u00e4": 0.021052631578947368, "koostuvat": 0.041666666666666664, "tekstej\u00e4": 0.08, "monin": 0.017857142857142856, "kysymyst\u00e4": 0.02702702702702703, "er\u00e4s": 0.008771929824561403, "keskeinen": 0.006666666666666667, "tekij\u00f6ist\u00e4\\nlapsimediumit": 1.0, "jopa": 0.0017543859649122807, "niihin": 0.005681818181818182, "ylh\u00e4is\u00f6n": 1.0, "kulttuuriin\\nlapsia": 1.0, "siki\u00f6iden": 1.0, "heit\u00e4": 0.007352941176470588, "kriteerein": 1.0, "lajina": 0.16666666666666666, "kynnyksell\u00e4": 0.1111111111111111, "kulttuurillisesti": 0.125, "v\u00e4rittynyt": 0.2, "tuli": 0.003883495145631068, "millaisia": 0.0056179775280898875, "t\u00e4rkein": 0.011627906976744186, "my\u00f6s": 0.0004233700254022015, "sis\u00e4lmyksist\u00e4": 1.0, "yleens\u00e4": 0.0021645021645021645, "seksuaalinen": 0.2, "sis\u00e4elimist\u00e4": 1.0, "lasten": 0.022222222222222223, "k\u00e4ytettyjen": 0.03333333333333333, "kohdistaa": 0.07142857142857142, "ennustuksessa": 1.0, "saattoivat": 0.01, "syytt\u00e4m\u00e4ll\u00e4": 1.0, "kuuluu": 0.003875968992248062, "tulkinta": 0.013888888888888888, "roomassa": 0.10344827586206896, "voimakkaimpana": 1.0, "t\u00e4m\u00e4n": 0.0007412898443291327, "muutoinkin": 0.2, "kuin": 0.00034223134839151266, "pitk\u00e4n": 0.016129032258064516, "mediumeina": 1.0, "pahana": 0.6666666666666666, "repiv\u00e4n": 1.0, "kaunokirjallisuutta": 0.25, "usein": 0.0009765625, "siki\u00f6it\u00e4": 1.0, "puolustuspuheita": 1.0, "osa": 0.0010869565217391304, "n\u00e4htiin": 0.011764705882352941, "kriteeri": 0.05555555555555555, "niin": 0.00042301184433164127, "tekoihin": 0.09090909090909091, "puhtaita": 0.1111111111111111, "aina": 0.0012484394506866417, "tapoihin": 0.07692307692307693, "tavallisista": 0.14285714285714285, "antiikin": 0.057692307692307696, "eri": 0.0017584994138335288, "pohditaan": 0.058823529411764705, "joita": 0.0018552875695732839, "henkil\u00f6t": 0.014492753623188406, "miksi": 0.0035842293906810036, "heid\u00e4n": 0.0053475935828877, "he": 0.00016450074025333114, "historiateoksia": 0.3333333333333333, "tarpeelliseksi": 0.05, "sill\u00e4": 0.0005973715651135006, "oli": 0.00042414816909373674, "tekstityyppej\u00e4": 1.0, "latinan": 0.017241379310344827, "lis\u00e4ksi": 0.000574052812858783, "rinnastettiin\\nl\u00e4hteet": 1.0, "kuinka": 0.0028776978417266188, "tarkoin": 0.125, "k\u00e4ytt\u00f6tapoja": 0.5}