{"teemoittelulla": 1.0, "kokivat": 0.011235955056179775, "toimintakykyns\u00e4": 1.0, "millaisia": 0.0056179775280898875, "sopeutumisessaan": 1.0, "piirteit\u00e4": 0.006060606060606061, "ovat": 0.00025673940949935817, "objective": 0.002688172043010753, "suorittamiseen": 0.14285714285714285, "kotit\u00f6it\u00e4": 0.25, "n\u00e4ytt\u00e4ytyi": 0.047619047619047616, "independent": 0.001226993865030675, "laadullinen": 0.0196078431372549, "erilaista": 0.012345679012345678, "mutta": 0.0003211303789338471, "sis\u00e4ll\u00f6nanalyysi\u00e4\\n\\nleskien": 1.0, "that": 0.00011921319292668389, "sellaisenaan": 0.01694915254237288, "miten": 0.0015026296018031556, "saivat": 0.005917159763313609, "told": 0.002777777777777778, "varauksella": 0.05263157894736842, "treated": 0.002564102564102564, "help": 0.0046816479400749065, "examination": 0.0029239766081871343, "along": 0.0012578616352201257, "t\u00e4ss\u00e4": 0.0007107320540156361, "there": 0.00011033873993158998, "future": 0.0013717421124828531, "moninaista": 0.3333333333333333, "ett\u00e4": 0.00032393909944930353, "heshe": 0.125, "clarify": 0.009174311926605505, "uudelleen": 0.006993006993006993, "investigates": 0.022727272727272728, "voidaan": 0.0007057163020465773, "on": 0.0001394950279986449, "yhdeks\u00e4\u00e4": 1.0, "interviewees": 0.008264462809917356, "results": 0.0005624296962879641, "thematic": 0.008849557522123894, "liittyv\u00e4t": 0.0033222591362126247, "leski\u00e4": 0.2, "everyday": 0.00998003992015968, "and": 5.8507246122432263e-05, "leskeksi": 0.5, "vastasivat": 0.02564102564102564, "jossa": 0.0007733952049497294, "tutkimuksessa": 0.0014124293785310734, "rebuilding": 0.08333333333333333, "also": 0.00017957620016760445, "life": 0.0015077271013946476, "seikkaa": 0.125, "women": 0.0005605381165919282, "they": 0.00019758940920766647, "work": 0.0010907504363001745, "kautta": 0.0009505703422053232, "questions": 0.002308136180034622, "hyv\u00e4ksi": 0.012345679012345678, "leske\u00e4": 0.5, "kuitenkin": 0.0005058168942842691, "neededleskeksi": 1.0, "tarkastelusta": 0.1111111111111111, "got": 0.0035971223021582736, "vahvistavat": 0.022222222222222223, "multidimensionality": 0.14285714285714285, "leskeyteen": 1.0, "courses": 0.0040650406504065045, "\\n\\nthe": 0.0056179775280898875, "had": 0.0005025967498743508, "miehi\u00e4": 0.02631578947368421, "seen": 0.0004506534474988734, "tulevaisuudessa": 0.0136986301369863, "olivat": 0.001142204454597373, "mik\u00e4": 0.0009182736455463728, "person\u2019s": 0.03296703296703297, "how": 0.0009695559433779329, "have": 5.3556126820908315e-05, "living": 0.0018975332068311196, "as": 2.1076592336551027e-05, "theme": 0.003389830508474576, "before": 0.0005580357142857143, "lesket": 0.25, "interviewing": 0.024390243902439025, "historical": 0.0008445945945945946, "research": 0.001604921760064197, "experience": 0.0008984725965858042, "kokee": 0.0125, "eri": 0.0005861664712778429, "sek\u00e4": 0.0002492522432701894, "perehdyttiin": 1.0, "men": 0.0010030090270812437, "leskeyden": 1.0, "these": 9.365926758452749e-05, "get": 0.0010604453870625664, "level": 0.0003599712023038157, "erilaiset": 0.005128205128205128, "aging": 0.010869565217391304, "sit\u00e4": 0.0010330578512396695, "mukautunut": 1.0, "tehty": 0.0033112582781456954, "elderly": 0.029411764705882353, "suurena": 0.03333333333333333, "tarvitsivat": 0.14285714285714285, "k\u00e4sittelev\u00e4\u00e4": 0.1, "tukiverkostot": 1.0, "ja": 0.0002703167620966751, "are": 5.6708631053646363e-05, "rakentuu": 0.017543859649122806, "nine": 0.004901960784313725, "typing": 0.058823529411764705, "roles": 0.0018867924528301887, "jotka": 0.0005461496450027307, "keskuudessa": 0.008333333333333333, "be": 3.209448616727646e-05, "rakentuminen": 0.05263157894736842, "analysis": 0.0003965107057890563, "analyzed": 0.002457002457002457, "function": 0.0008431703204047217, "collected": 0.0018867924528301887, "seitsem\u00e4n": 0.012048192771084338, "arkea": 0.03333333333333333, "tutkimuksen": 0.0008149959250203749, "ik\u00e4ihmisell\u00e4": 1.0, "esimerkiksi": 0.0005227391531625719, "etenkin": 0.002890173410404624, "analysoitiin": 0.02, "viitekehys": 0.02631578947368421, "muuttunut": 0.012195121951219513, "muutosta": 0.011764705882352941, "leskeydest\u00e4": 1.0, "tapahtunut": 0.011235955056179775, "tarvinnut": 0.034482758620689655, "mik\u00e4li": 0.005319148936170213, "lesken": 0.08333333333333333, "method": 0.00036443148688046647, "tyypittelyll\u00e4": 0.5, "tekemisess\u00e4": 0.041666666666666664, "can": 6.90035881865857e-05, "oli": 0.0007069136151562279, "toi": 0.004784688995215311, "two": 0.00013950892857142856, "millaista": 0.016129032258064516, "type": 0.00044822949350067237, "ik\u00e4ihmisten": 0.11764705882352941, "ik\u00e4ihmisen": 1.0, "what": 0.0004069175991861648, "tapahtuvia": 0.07692307692307693, "suhtautui": 0.04, "asset": 0.04, "adaptation": 0.006734006734006734, "vanhoja": 0.023255813953488372, "millaisena": 0.16666666666666666, "sopeutumaton": 1.0, "p\u00e4\u00e4osin": 0.011111111111111112, "j\u00e4\u00e4neen": 0.1111111111111111, "teoreettinen": 0.015873015873015872, "kotit\u00f6iss\u00e4": 1.0, "esille": 0.0019569471624266144, "kind": 0.0016411378555798686, "itsen\u00e4inen": 0.038461538461538464, "different": 0.0004166666666666667, "qualitative": 0.0012121212121212121, "described": 0.0005094243504839531, "needed": 0.0008802816901408451, "their": 0.00023232401455897158, "tutkimus": 0.0015220700152207, "v\u00e4est\u00f6n": 0.016129032258064516, "tyyppianalyysi": 1.0, "tulevaisuuteen": 0.038461538461538464, "selvitt\u00e4\u00e4": 0.005291005291005291, "leskityyppi\u00e4": 1.0, "sopeutumisvalmennukset": 1.0, "strengthened": 0.02631578947368421, "\\n\\ntutkimus": 0.05555555555555555, "tekeminen": 0.010526315789473684, "support": 0.0004201680672268908, "were": 0.0003166360585143436, "good": 0.0005151983513652757, "occurs": 0.0015037593984962407, "for": 4.17641162712997e-05, "by": 3.515803536898358e-05, "years": 0.0004192872117400419, "made": 0.000437636761487965, "kotit\u00f6iden": 0.6666666666666666, "p\u00e4rj\u00e4\u00e4v\u00e4": 1.0, "with": 0.00011378182335371924, "to": 2.6747980527470175e-05, "clear": 0.0007633587786259542, "widows": 0.05263157894736842, "niukasti": 0.07142857142857142, "framework": 0.0012195121951219512, "large": 0.0005367686527106817, "kanadassa": 1.0, "content": 0.00046882325363338024, "voimavarana": 0.1, "appears": 0.001718213058419244, "my\u00f6s": 0.0002822466836014677, "this": 6.921373200442968e-05, "tutkittavista": 0.3333333333333333, "arki": 0.02564102564102564, "stages": 0.002717391304347826, "changed": 0.0021413276231263384, "my\u00f6t\u00e4": 0.0033112582781456954, "erilaisten": 0.006622516556291391, "66\u201387": 1.0, "leskeytt\u00e4": 1.0, "household": 0.0228310502283105, "was": 0.0002377084901549067, "rooleja": 0.058823529411764705, "muistitietotutkimuksen": 0.3333333333333333, "naisia": 0.02040816326530612, "l\u00f6ytyy": 0.004405286343612335, "n\u00e4ht\u00e4viss\u00e4": 0.008849557522123894, "data": 0.00026167735182519954, "explained": 0.002320185614849188, "ollut": 0.0005291005291005291, "66\u201387-vuotiasta": 1.0, "is": 1.4873205919535956e-05, "many": 0.00023272050267628578, "unadaptable": 1.0, "hyv\u00e4t": 0.011494252873563218, "theoretical": 0.0007342143906020558, "ker\u00e4ttiin": 0.01639344262295082, "kertoivat": 0.022727272727272728, "leskell\u00e4": 0.5, "mainly": 0.0011013215859030838, "avuntarpeensa": 1.0, "n\u00e4kee": 0.007194244604316547, "luonteeltaan": 0.017857142857142856, "leskill\u00e4": 1.0, "tutkimuskysymykset": 0.014705882352941176, "which": 5.7283611158847455e-05, "leskeytymiseen": 1.0, "yksin": 0.018867924528301886, "from": 8.355964069354502e-05, "teemahaastattelemalla": 1.0, "koodausmenetelm\u00e4n\u00e4": 1.0, "siin\u00e4": 0.0012853470437017994, "asumiseen": 0.2, "coding": 0.004975124378109453, "whenever": 0.0078125, "ik\u00e4\u00e4ntyv\u00e4n": 0.5, "apua": 0.028169014084507043, "kaksi": 0.001644736842105263, "leski": 0.18604651162790697,