{"merkitt\u00e4v\u00e4ss\u00e4": 0.05, "yksi": 0.0012578616352201257, "\\n\\ntutkielmassa": 0.3333333333333333, "mukaan": 0.0014010507880910684, "motivaatio": 0.010752688172043012, "ovat": 0.00025673940949935817, "oikeasti": 0.0196078431372549, "tutkielma": 0.004694835680751174, "wikforss": 1.0, "vastaa": 0.005434782608695652, "preskriptiot": 1.0, "heid\u00e4n": 0.001336898395721925, "teko": 0.03571428571428571, "vastaan": 0.002680965147453083, "m\u00e4\u00e4rit\u00e4": 0.3333333333333333, "kielen": 0.00936768149882904, "sallittua": 0.14285714285714285, "preskriptiivist\u00e4": 1.0, "t\u00e4ss\u00e4": 0.0014214641080312722, "ett\u00e4": 0.00032393909944930353, "k\u00e4sitteeseen": 0.05, "normatiivisuuden": 0.36363636363636365, "kathrin": 0.5, "ohjata": 0.020833333333333332, "tulkintaa": 0.024390243902439025, "on": 0.0002391343337119627, "ajatteluun\\n\\ngl\u00fcer-pagin": 1.0, "kuitenkin": 0.0005058168942842691, "haastettu": 1.0, "eiv\u00e4tk\u00e4": 0.00847457627118644, "toteuttaa": 0.013333333333333334, "saul": 0.0625, "pit\u00e4isi": 0.011834319526627219, "intentionsa": 1.0, "preskriptiivisyyten\u00e4": 1.0, "yksil\u00f6\u00e4": 0.05555555555555555, "koskeva": 0.01818181818181818, "vertaillaan": 0.1, "edustavat": 0.01694915254237288, "perustana": 0.03125, "kuten": 0.0005793742757821553, "ettei": 0.0019455252918287938, "toisessa": 0.008130081300813009, "tulkintojen": 0.024390243902439025, "vain": 0.0007267441860465116, "keskittyv\u00e4t": 0.03225806451612903, "muussa": 0.03225806451612903, "perustuu": 0.005434782608695652, "perusteella": 0.0015313935681470138, "merkitys": 0.0024752475247524753, "h\u00e4nen": 0.0016488046166529267, "preskriptiivisten": 1.0, "mahdollistaa": 0.00980392156862745, "p\u00e4\u00e4ideoista": 1.0, "kirja": 0.016666666666666666, "gl\u00fcer-paginin": 1.0, "tutkimuksia": 0.007874015748031496, "k\u00e4sitell\u00e4\u00e4n": 0.006802721088435374, "normatiivisuus": 0.3333333333333333, "versus": 0.004484304932735426, "yksil\u00f6n": 0.004694835680751174, "se": 0.00014753614635585718, "k\u00e4skyjen": 0.5, "ehdoista": 0.05, "merkityksess\u00e4": 0.03571428571428571, "taustaoletuksia": 1.0, "kolmannessa": 0.02857142857142857, "muodon": 0.018518518518518517, "tietyist\u00e4": 0.1, "normativism": 1.0, "k\u00e4ytt\u00e4\u00e4": 0.002188183807439825, "ja": 0.0002703167620966751, "ollen": 0.0038910505836575876, "rules": 0.002136752136752137, "jotka": 0.0010922992900054614, "filosofisia": 0.16666666666666666, "ty\u00f6ss\u00e4": 0.0045871559633027525, "filosofista": 0.06666666666666667, "l\u00e4ht\u00f6kohtana": 0.011764705882352941, "esimerkiksi": 0.0010454783063251437, "argumentteja": 0.1, "jossa": 0.0007733952049497294, "todella": 0.006369426751592357, "normatiivista": 0.5, "and": 1.755217383672968e-05, "kykyyn": 0.05, "teoksen": 0.0038022813688212928, "toiminta": 0.0036900369003690036, "mik\u00e4li": 0.005319148936170213, "s\u00e4\u00e4nn\u00f6t": 0.038461538461538464, "\u00e5sa": 0.3333333333333333, "v\u00e4itt\u00e4\u00e4": 0.02564102564102564, "ole": 0.0008261049153242462, "t\u00e4t\u00e4": 0.001838235294117647, "tavoitteessaan\\n\\nkripken": 1.0, "tarkastelun": 0.009259259259259259, "anti-normativisteja": 1.0, "k\u00e4yty\u00e4": 0.07142857142857142, "private": 0.0024390243902439024, "ei": 0.0003988300983780909, "gl\u00fcer-pagin": 1.0, "sellaisiin": 0.1, "wittgenstein": 0.05263157894736842, "uudenlaisen": 0.037037037037037035, "k\u00e4sittelee": 0.005847953216374269, "ludwig": 0.030303030303030304, "argumentoidaan": 0.3333333333333333, "viimeaikaista": 0.3333333333333333, "tehd\u00e4": 0.006726457399103139, "k\u00e4sitt\u00e4v\u00e4t": 0.05263157894736842, "ilmi\u00f6it\u00e4": 0.0136986301369863, "toimintaa": 0.0031545741324921135, "tekeminen": 0.021052631578947368, "n\u00e4in": 0.0011337868480725624, "tulkintoihin": 0.07142857142857142, "esitell\u00e4\u00e4n": 0.01818181818181818, "n\u00e4kemys": 0.011111111111111112, "kieli": 0.006622516556291391, "normatiivisuutta": 0.5, "davidsonin": 1.0, "antamalla": 0.037037037037037035, "intentionaalisesti": 1.0, "onnistu": 0.0625, "kaikki": 0.0010460251046025104, "tapauksessa": 0.00423728813559322, "kertovat": 0.008849557522123894, "my\u00f6s": 0.00014112334180073385, "h\u00e4n": 0.00046382189239332097, "an": 5.180810278727593e-05, "wittgensteinin": 0.4, "tavoitteellinen": 0.25, "intentiot": 0.3333333333333333, "asiassa": 0.011764705882352941, "skeptisismin": 1.0, "kehitt\u00e4nyt": 0.1, "kripken": 1.0, "k\u00e4sitett\u00e4": 0.013888888888888888, "keskustelua": 0.007575757575757576, "kielik\u00e4sityksess\u00e4linguistic": 1.0, "normativistinen": 1.0, "esitetty\u00e4": 0.05, "tosiasia": 0.1111111111111111, "k\u00e4sitys": 0.015267175572519083, "1982": 0.0018018018018018018, "ep\u00e4onnistumisen": 0.1111111111111111, "wittgenstein-tulkinnassa": 1.0, "tavoite": 0.010869565217391304, "kripke": 0.0625, "tai": 0.00020855057351407716, "vuosina": 0.0035587188612099642, "k\u00e4sityst\u00e4": 0.015151515151515152, "toimia": 0.005319148936170213, "kripkenstein": 1.0, "pyrkimys": 0.017543859649122806, "siin\u00e4": 0.002570694087403599, "niiden": 0.0009578544061302681, "siit\u00e4": 0.0006079027355623101, "intentionaalisuus": 0.3333333333333333, "eiv\u00e4t": 0.0007710100231303007, "anti-normativism": 1.0, "mik\u00e4\u00e4n": 0.0136986301369863, "luvussa": 0.011461318051575931, "donald": 0.006896551724137931, "itse": 0.0013531799729364006, "viime": 0.006535947712418301, "nelj\u00e4nness\u00e4": 0.05263157894736842, "tutkielman": 0.0049261083743842365, "mit\u00e4": 0.001549186676994578, "johtuu": 0.015625, "language": 0.00022619316896629722, "t\u00e4m\u00e4": 0.0011869436201780415, "1953": 0.007142857142857143, "esitt\u00e4\u00e4": 0.0045871559633027525, "normatiivisuudesta": 0.8, "siis": 0.0018501387604070306, "n\u00e4kemyksiin": 0.0625, "wikforssin": 1.0, "normatiivisia": 0.25, "tavoitteena": 0.003355704697986577, "perusteet": 0.019230769230769232, "n\u00e4iden": 0.0018975332068311196, "tekemiseksi": 0.2, "nojaavat": 0.2857142857142857, "normien": 0.04, "postuumin": 1.0, "kielifilosofiansa": 1.0, "jonkin": 0.004807692307692308, "mik\u00e4": 0.0018365472910927456, "tulkinnan": 0.10256410256410256, "roolissa": 0.015151515151515152, "mink\u00e4": 0.002717391304347826}