{"sensitiviteten": 1.0, "used": 0.00010995052226498076, "tulevan": 0.02127659574468085, "and": 2.3402898448972904e-05, "cases": 0.0006540222367560497, "edellisten": 0.0625, "valvoneille": 1.0, "suoritettin": 1.0, "vastaa": 0.005434782608695652, "av": 0.0012578616352201257, "kuljettajalle": 1.0, "predicting": 0.014598540145985401, "ennustusta": 0.5, "simulator": 0.5, "fallen": 0.018867924528301886, "kvanttineuroverkkoja": 1.0, "moving-base": 1.0, "rattisignaalin": 1.0, "var": 0.004207573632538569, "error": 0.004545454545454545, "relativt": 0.1111111111111111, "kuljettajat": 0.5, "ajoivat": 0.07142857142857142, "au": 0.004815409309791332, "rattisignaalia": 1.0, "rakenne": 0.006622516556291391, "on": 1.9927861142663556e-05, "quantum": 0.007936507936507936, "b\u00e5de": 0.012658227848101266, "f\u00f6uts\u00e4gelsen": 1.0, "medelv\u00e4rdesfel": 1.0, "tulevia": 0.05, "once": 0.001669449081803005, "genomgick": 1.0, "tidssteg": 1.0, "15-40-20-1": 1.0, "liikuvapohjaisesssa": 1.0, "specificiteten": 1.0, "lyckades": 0.125, "kvantneuron\u00e4tverk": 1.0, "eteenp\u00e4inkytketty\u00e4": 1.0, "vaka": 0.3333333333333333, "bilf\u00f6rarna": 1.0, "jolla": 0.0031645569620253164, "fram\u00e5tkopplat": 1.0, "sis\u00e4\u00e4nmenona": 1.0, "kvadratiskt": 1.0, "virhett\u00e4": 0.25, "joista": 0.002680965147453083, "vilket": 0.01818181818181818, "maximi": 1.0, "kymmenen": 0.01098901098901099, "f\u00f6ruts\u00e4ga": 1.0, "tidsf\u00f6rskjutet": 1.0, "rmsetot0007": 1.0, "genom": 0.007874015748031496, "every": 0.0009784735812133072, "time": 0.00017292062943109114, "10-15-5-1": 1.0, "filavk\u00f6rningar": 1.0, "fram\u00e5t": 0.2, "specificity": 0.007575757575757576, "strukturerat": 1.0, "as": 2.1076592336551027e-05, "qnn": 1.0, "virhe": 0.08333333333333333, "tredje": 0.06666666666666667, "ajan": 0.001692047377326565, "k\u00e4ytt\u00e4m\u00e4ll\u00e4": 0.011627906976744186, "kaistalta": 1.0, "undergoing": 0.025, "p\u00e5": 0.0032441200324412004, "poikkeamisia": 1.0, "subsequent": 0.0029239766081871343, "poikkeamisten": 1.0, "behaviour": 0.0014492753623188406, "departures": 0.3333333333333333, "kolmas": 0.008928571428571428, "maximum": 0.0019880715705765406, "ajalta": 0.017241379310344827, "k\u00f6rde": 0.5, "ja": 9.829700439879095e-05, "olivat": 0.0005711022272986865, "den": 0.0006618133686300463, "segments": 0.003787878787878788, "hazardous": 0.030303030303030304, "aikana": 0.001091703056768559, "qnn\u00e4\u00e4": 1.0, "resulterade": 0.2, "till": 0.001088139281828074, "med": 0.0005515719801434088, "km": 0.022727272727272728, "maantieajoa": 1.0, "som": 0.0013869625520110957, "predict": 0.004310344827586207, "spesifisiteetti": 1.0, "tio": 0.05555555555555555, "motsvarar": 0.125, "corresponding": 0.0015503875968992248, "ennustamaan": 0.5, "were": 0.00018998163510860618, "straights": 1.0, "resulting": 0.0014492753623188406, "saavutettiin": 0.14285714285714285, "huippuun": 1.0, "keskiarvollinen": 1.0, "min": 0.0069605568445475635, "ten": 0.0022172949002217295, "both": 0.00016142050040355126, "out": 0.0002701242571582928, "f\u00f6r": 0.003083247687564234, "fel": 0.043478260869565216, "oli": 0.0005655308921249824, "under": 0.0005574136008918618, "rakstr\u00e4ckor": 1.0, "aika-askeleen": 1.0, "anv\u00e4ndes": 0.06451612903225806, "tulevaa": 0.038461538461538464, "aikaviiv\u00e4stetty\u00e4": 1.0, "och": 0.0009305210918114144, "inf\u00f6ll": 0.3333333333333333, "p\u00e4tkien": 1.0, "neli\u00f6llinen": 1.0, "sleep": 0.004098360655737705, "plattform": 1.0, "31200": 1.0, "eteenp\u00e4in": 0.004672897196261682, "de": 0.00012818047811318336, "root-mean-square": 0.5, "prediction": 0.005420054200542005, "deprivation": 0.018867924528301886, "step": 0.0013054830287206266, "totala": 0.5, "in-signal": 1.0, "previous": 0.0007496251874062968, "respectively": 0.0012626262626262627, "bilf\u00f6rare": 1.0, "att": 0.0013066202090592336, "tuntia": 0.030303030303030304, "signal": 0.0028735632183908046, "f\u00f6reg\u00e5ende": 0.07142857142857142, "which": 5.7283611158847455e-05, "for": 4.17641162712997e-05, "one": 0.00010423181154888472, "yhden": 0.0035842293906810036, "amplitude": 0.004464285714285714, "upcoming": 0.03571428571428571, "ett": 0.004878048780487805, "with": 8.533636751528944e-05, "to": 2.6747980527470175e-05, "skillnaden": 0.1111111111111111, "b\u00e4sta": 0.06666666666666667, "kokonaisuudessaan": 0.015151515151515152, "qnnll\u00e4": 1.0, "k\u00e4yttettiin": 1.0, "future": 0.0006858710562414266, "lane": 0.09523809523809523, "tunti": 0.07692307692307693, "overall": 0.0013227513227513227, "achieved": 0.008849557522123894, "framtida": 0.2, "feed-forward": 0.6666666666666666, "hour": 0.009009009009009009, "mellan": 0.006535947712418301, "ahead": 0.013333333333333334, "f\u00f6ljande": 0.007936507936507936, "8432": 1.0, "varav": 0.125, "ennustus": 0.5, "minimiv\u00e4rdet": 1.0, "driving": 0.012658227848101266, "en": 0.0008396305625524769, "medan": 0.012345679012345678, "rekkasimulaattorissa": 1.0, "f\u00f6ruts\u00e4gelse": 1.0, "signals": 0.003367003367003367, "steering": 0.2727272727272727, "timme": 0.14285714285714285, "tapauksista": 0.05555555555555555, "truck": 0.08333333333333333, "aikaviiv\u00e4stetyll\u00e4": 1.0, "anv\u00e4nda": 0.02857142857142857, "correct": 0.0016863406408094434, "antalet": 0.02564102564102564, "during": 0.00022114108801415304, "uppn\u00e5ddes": 1.0, "ennustaminen": 0.07142857142857142, "from": 4.177982034677251e-05, "huipusta": 0.5, "timmars": 1.0, "inputs": 0.02702702702702703, "the": 2.4400691895174628e-05, "rattsignalen": 1.0, "number": 0.00026616981634282674, "rattsignaler": 1.0, "peak-to-peak": 1.0, "n34": 0.75, "eteenp\u00e4inkytkeyll\u00e4": 1.0, "of": 3.7925116856766316e-05, "neural": 0.008733624454148471, "joka": 0.00037593984962406017, "suhteellista": 0.1111111111111111, "mik\u00e4": 0.0009182736455463728, "suurinta": 0.07692307692307693, "drove": 0.041666666666666664, "best": 0.0009615384615384616, "suorilla": 0.5, "drivers": 0.05, "paras": 0.014705882352941176, "lastbilssimulator": 1.0, "in": 2.0018550523485096e-05, "korrekt": 0.125, "was": 0.00011885424507745335, "wheel": 0.1875, "sensitiviteetti": 1.0, "time-delayed": 1.0, "oikeaa": 0.05263157894736842, "m\u00e4\u00e4r\u00e4lle": 0.25, "sensitivity": 0.0030959752321981426, "using": 0.00020312817387771684, "eli": 0.0008539709649871904, "amplitudia": 1.0, "relative": 0.000819672131147541, "segmenten": 1.0, "third": 0.0008665511265164644, "networks": 0.0030816640986132513, "highway": 0.14285714285714285, "r\u00f6rlig": 1.0, "landsv\u00e4gsk\u00f6rning": 1.0}