{"university": 0.0010482180293501049, "r\u00f6ntgenspektridatalla": 1.0, "universitets": 0.07692307692307693, "m\u00e4\u00e4ritettyihin": 0.3333333333333333, "k\u00e4ytet\u00e4\u00e4n": 0.0012121212121212121, "laskemiseksi": 0.2, "search": 0.03225806451612903, "hy\u00f6dynt\u00e4\u00e4": 0.004651162790697674, "library": 0.037037037037037035, "makroskooppisesta": 1.0, "puutteellista\\n\\nt\u00e4ss\u00e4": 1.0, "ominaisuuksien": 0.00980392156862745, "parannus": 0.14285714285714285, "diffraktiota": 1.0, "mutta": 0.0001437607820586544, "pallotaivutettujen": 1.0, "synchrotron": 1.0, "todettiin": 0.004784688995215311, "av": 0.004524886877828055, "lineaarisesta": 0.3333333333333333, "aallonpituuksien": 0.02857142857142857, "julkaistu": 0.004347826086956522, "aina": 0.0005497526113249038, "hy\u00f6dynt\u00e4v\u00e4t": 0.030303030303030304, "analysaattorien": 1.0, "bibliotek": 0.07142857142857142, "energian": 0.043478260869565216, "s\u00e4teilyn": 0.008, "kummassakin": 0.019230769230769232, "helsingin": 0.0003757985719654265, "ennusteita": 0.05263157894736842, "s\u00e4teilykent\u00e4n": 0.08333333333333333, "vuoksi": 0.0008795074758135445, "ett\u00e4": 4.9679566794177554e-05, "radiat": 1.0, "tapauksessa": 0.0012345679012345679, "ymm\u00e4rrys": 0.010416666666666666, "voidaan": 0.0006838386140870754, "on": 0.00015610974515084105, "kohdistetaan": 0.1, "verrataan": 0.009433962264150943, "keskin\u00e4isten": 0.125, "taivutettu": 0.25, "kvantittuminen": 1.0, "pallopinnalle": 1.0, "helka-tietokannasta": 0.09090909090909091, "kohteen": 0.004830917874396135, "aineen": 0.014705882352941176, "ovat": 0.00019033117624666921, "toteuttaa": 0.0031746031746031746, "r\u00f6ntgendiffraktiosta": 1.0, "monokromatisoinnin": 1.0, "venym\u00e4kent\u00e4lle": 1.0, "jolla": 0.0025412960609911056, "helsinki": 0.00025926886180969663, "sovelluksista": 0.09090909090909091, "kirjastossa": 0.030303030303030304, "l\u00e4sesalsbruk": 0.09090909090909091, "r\u00f6ntgenspektroskopiassa\\n\\nnyky\u00e4\u00e4n": 1.0, "at": 0.002932551319648094, "avhandlingen": 0.09090909090909091, "asti": 0.003861003861003861, "kiteest\u00e4": 1.0, "opinn\u00e4ytteiden": 0.07142857142857142, "ilmaisimelle": 0.5, "luettavissa": 0.01639344262295082, "r\u00f6ntgens\u00e4teily": 1.0, "usealla": 0.034482758620689655, "vain": 0.0004928536224741252, "r\u00f6ntgenheijastusominaisuuksien": 1.0, "erotuskyvyn": 1.0, "johtuen": 0.005405405405405406, "havainnollistettu": 0.09090909090909091, "menett\u00e4m\u00e4tt\u00e4": 0.25, "r\u00f6ntgendiffraktio-ominaisuudet": 1.0, "available": 0.03571428571428571, "mitatulla": 1.0, "taipuvan": 0.5, "heijastusk\u00e4yriin": 1.0, "diffraktioon": 1.0, "sammandrag": 0.038461538461538464, "taivutettuja": 1.0, "r\u00f6ntgenspektrometrit": 1.0, "yleisk\u00e4site": 0.25, "yhdistelmill\u00e4": 1.0, "kiteist\u00e4": 0.5, "use": 0.006896551724137931, "joista": 0.0013333333333333333, "tutkittava": 0.004784688995215311, "viritystilojen": 0.3333333333333333, "lujuusopista": 1.0, "abstract": 0.009900990099009901, "opinn\u00e4ytety\u00f6ss\u00e4": 0.2, "teoria": 0.004424778761061947, "erilaiset": 0.0022522522522522522, "sirontakulmien": 1.0, "sit\u00e4": 0.00022825838849577722, "erinomaisesti": 0.03571428571428571, "johannin": 1.0, "tutkia": 0.003215434083601286, "tietyill\u00e4": 0.0625, "only": 0.0136986301369863, "r\u00f6ntgens\u00e4teilyn": 1.0, "ja": 5.842047721184099e-05, "finns": 0.02631578947368421, "tutkimisen": 0.0024752475247524753, "ilmi\u00f6ille": 0.043478260869565216, "pohjautuva": 0.041666666666666664, "sen": 0.00010792143319663285, "avhandlingens": 0.09090909090909091, "tiivistelm\u00e4": 0.010869565217391304, "hae": 0.07142857142857142, "kuitenkaan": 0.0008, "saavutettiin": 0.07692307692307693, "tekij\u00e4n": 0.00641025641025641, "geometria": 0.023809523809523808, "teorian": 0.006825938566552901, "endast": 0.04, "j\u00e4rjestyneest\u00e4": 1.0, "kidespektrometrityyppi": 1.0, "interferenssin": 1.0, "vertaisarvioidussa": 1.0, "kokeellisesti": 0.1, "diffraktioteorian": 1.0, "httpwwwhelsinkifihelkaindexhtmpallotaivutettujen": 1.0, "l\u00e4htien": 0.001584786053882726, "rakenneosasten": 1.0, "f\u00f6r": 0.0033003300330033004, "copy": 0.09090909090909091, "ole": 0.0001701258931609391, "kidespektrometrin": 1.0, "sek\u00e4": 9.52653138992093e-05, "kideanalysaattorien": 1.0, "kidespektrometri": 1.0, "miss\u00e4": 0.0018165304268846503, "kutsuttuun": 0.125, "geometriaan": 0.14285714285714285, "lauseke": 0.058823529411764705, "room": 0.029411764705882353, "whole": 0.04, "kokoluokasta": 1.0, "parhaimman": 0.25, "ei": 5.779010633379565e-05, "teoreettinen": 0.005847953216374269, "erotuskyky\u00e4": 1.0, "tarkoitetaan": 0.0031545741324921135, "s\u00e4teily\u00e4": 0.024390243902439025, "heijastusominaisuuksien": 1.0, "r\u00f6ntgenilmaisimen": 1.0, "tutkimusmenetelm\u00e4": 0.06666666666666667, "modernin": 0.0049261083743842365, "yliopiston": 0.0008051529790660225, "21762\u2013767": 1.0, "piianalysaattorityypist\u00e4": 1.0, "siten": 0.0007380073800738007, "viime": 0.0025575447570332483, "vaikutuksesta": 0.004629629629629629, "er\u00e4s": 0.0028011204481792717, "esimerkiksi": 0.00019219680953296174, "materiaalitieteen": 1.0, "johdetaan": 0.038461538461538464, "ollut": 0.00021285653469561516, "vastaavan": 0.006329113924050633, "aikoihin": 0.006802721088435374, "arkistokappaleet": 0.08333333333333333, "for": 0.0009165902841429881, "pappersexemplaret": 0.09090909090909091, "n\u00e4ytteest\u00e4": 0.07142857142857142, "esitell\u00e4\u00e4n": 0.003484320557491289, "mit\u00e4": 0.0003718854592785422, "k\u00e4ytetty": 0.0017953321364452424, "httpwwwhelsinkifihelkaindexhtm": 0.09090909090909091, "tunnetuimpia": 0.043478260869565216, "yhten\u00e4iskiteill\u00e4": 1.0, "reading": 0.02631578947368421, "mittaustuloksia": 0.05555555555555555, "helsingfors": 0.0027397260273972603, "yleisesti": 0.0016366612111292963, "analyyttinen": 0.02564102564102564, "diffraktio": 1.0, "kanssa": 0.0002678810608090008, "my\u00f6s": 5.78469370046856e-05, "helka-databasen": 0.09090909090909091, "yleens\u00e4": 0.0009328358208955224, "perustuu": 0.0019723865877712033, "monet": 0.001579778830963665, "kiteit\u00e4": 1.0, "diffraktoituminen": 1.0, "yhdess\u00e4": 0.001201923076923077, "lehdess\u00e4": 0.005128205128205128, "mahdollistaa": 0.006535947712418301, "rakennetta": 0.00684931506849315, "mahdollista": 0.0018570102135561746, "kohdistamisen": 1.0, "alan": 0.003236245954692557, "monokromatisoidaan": 1.0, "artikkeleissa": 0.014925373134328358, "is": 0.0009124087591240876, "kidekiekolla": 1.0, "pallotaivutetun": 1.0, "catalog": 0.09090909090909091, "ennustettujen": 1.0, "mittausmenetelm\u00e4": 0.6666666666666666, "ty\u00f6ss\u00e4": 0.00234192037470726, "21104\u2013110": 1.0, "parantaa": 0.005952380952380952, "erotuskyvyss\u00e4": 1.0, "2014": 0.00145985401459854, "sironnutta": 0.25, "the": 0.00032726082687902256, "aineesta": 0.06666666666666667, "simuloidulla": 1.0, "helka": 0.058823529411764705, "kaksi": 0.0008, "perustuvat": 0.007246376811594203, "vaikka": 0.0003562522265764161, "niin": 0.00021621621621621621, "of": 0.00013250298131707962, "aaltoliike": 1.0, "joka": 0.00013340448239060833, "monipuolinen": 0.0136986301369863, "tavalla": 0.0008496176720475786, "joissa": 0.0006738544474393531, "hy\u00f6dynt\u00e4v\u00e4": 0.1111111111111111, "t\u00e4m\u00e4": 0.0002738225629791895, "eri": 0.0004213187276174426, "atomitasolle": 1.0, "vuorovaikutusten": 0.5, "kahdesta": 0.007692307692307693, "dynaamisen": 0.07692307692307693, "analysaattorin": 1.0, "ideana": 0.045454545454545456, "vaikuttaa": 0.0008291873963515755, "toimivuutta": 0.030303030303030304, "online": 0.011627906976744186, "paikkaherkkyytt\u00e4": 1.0, "thesis": 0.01639344262295082, "menetelm\u00e4n": 0.006666666666666667, "kidekiekon": 1.0, "s\u00f6k": 0.08333333333333333, "hela": 0.010309278350515464, "puhuttaessa": 0.0125, "s\u00e4teily": 0.02702702702702703, "siihen": 0.0003834355828220859, "jonkin": 0.002207505518763797, "lis\u00e4ksi": 0.0002651113467656416,