{"studied": 0.0005711022272986865, "structure": 0.00026191723415400735, "compton": 0.125, "by": 3.515803536898358e-05, "scattering": 0.0009652509652509653, "electronic": 0.001869158878504673, "of": 4.7406396070957894e-06, "matter": 0.0008223684210526315}