{"yksi": 0.0012578616352201257, "aineisto": 0.0038461538461538464, "kvantitatiivisella": 0.5, "osoittautui": 0.016129032258064516, "muuhun": 0.019230769230769232, "heikompiasumisen": 1.0, "sotien": 0.07142857142857142, "asuntoreformistien": 1.0, "po\u0308yta\u0308kirjoja": 0.3333333333333333, "vallilassa\\n\\nasunto-osuuskunnat": 1.0, "asunto-osuuskunta": 1.0, "eiva\u0308t": 0.3333333333333333, "mutta": 0.0016056518946692357, "vailla": 0.02857142857142857, "ajama": 0.3333333333333333, "runsaan": 0.125, "asunto-osakeyhtio\u0308iden": 1.0, "kasvavaan": 0.1, "muutosten": 0.022222222222222223, "keskiluokkaan": 1.0, "perustettuja": 1.0, "ka\u0308vyn": 1.0, "pyrin": 0.008695652173913044, "tekemisessa\u0308": 1.0, "asuntokysymyksen": 1.0, "sosiaalinen": 0.008771929824561403, "laadullisen": 0.019230769230769232, "hyo\u0308dynnetty": 1.0, "tilavampia": 1.0, "voidaan": 0.0007057163020465773, "on": 3.985572228532711e-05, "tyo\u0308va\u0308esto\u0308a\u0308": 1.0, "laadullista": 0.05555555555555555, "laajemmassa": 0.0625, "yleishyo\u0308dyllista\u0308": 1.0, "kuitenkin": 0.0010116337885685382, "ka\u0308sitta\u0308a\u0308": 1.0, "ovat": 0.0005134788189987163, "ta\u0308ssa\u0308": 0.25, "yhdista\u0308via\u0308": 1.0, "saumakohdassa": 1.0, "asumisen": 0.4, "silla\u0308": 0.16666666666666666, "oma": 0.0018975332068311196, "kautta": 0.0019011406844106464, "voittoa": 0.125, "voiton": 0.2222222222222222, "ka\u0308pya\u0308": 1.0, "edustavat": 0.01694915254237288, "alivuokralaiset": 1.0, "tarkastellaan": 0.006993006993006993, "kuten": 0.0005793742757821553, "ja\u0308senisto\u0308t": 1.0, "runsaat": 0.125, "verran": 0.005076142131979695, "marginaalisesti": 0.5, "osa-alueita": 0.043478260869565216, "aiheuttama": 0.03571428571428571, "aiempaa": 0.019230769230769232, "kuuluneet": 0.05263157894736842, "ta\u0308llaisia": 1.0, "asunto-osuuskuntia": 1.0, "aikakaudelle": 0.14285714285714285, "rakentamista": 0.09523809523809523, "ika\u0308a\u0308n": 1.0, "la\u0308hdeaineisto": 1.0, "pro": 0.0027548209366391185, "tutkielmassa": 0.005988023952095809, "parempaan": 0.045454545454545456, "kiinni": 0.008547008547008548, "kriittisen": 0.017543859649122806, "aiemmin": 0.003048780487804878, "hallitessa": 0.5, "kohteena": 0.00558659217877095, "puolille": 0.25, "ja": 0.00046691077089425697, "olivat": 0.002284408909194746, "suomessa\\n\\ntutkimuksen": 1.0, "perustettiin": 0.01098901098901099, "joiden": 0.002008032128514056, "koska": 0.0008888888888888889, "yritys": 0.02040816326530612, "asukkaat": 0.06451612903225806, "ratkaisuyrityksiin": 1.0, "tutkimuksen": 0.0024449877750611247, "asumisesta": 0.25, "tyo\u0308va\u0308esto\u0308sta\u0308": 1.0, "asunnot": 0.3, "kirjoituksilla": 0.5, "heikoimmin": 1.0, "ta\u0308ma\u0308n": 0.6666666666666666, "tyo\u0308n": 1.0, "pyritty": 0.022222222222222223, "lukunsa": 0.5, "ja\u0308a\u0308neeseen": 1.0, "vuosilta": 0.023255813953488372, "saumakohtaan": 1.0, "ole": 0.0004130524576621231, "parempia": 0.041666666666666664, "otetta": 0.058823529411764705, "taitteessa": 0.09090909090909091, "tutkimuskysymyksiin": 0.05555555555555555, "osuuskuntien": 1.0, "asunto": 0.09090909090909091, "ominaisten": 1.0, "useammin": 0.01818181818181818, "puutarhakaupungissa": 1.0, "osuustoimintaliikkeeseen": 1.0, "1920\u20131930": 0.3333333333333333, "ei": 0.00026588673225206064, "1920-luvulla": 0.1875, "lo\u0308yta\u0308ma\u0308a\u0308n": 1.0, "vertailevan": 0.3333333333333333, "hyva\u0308osaisen": 1.0, "hallitusten": 0.0625, "puolestaan": 0.0017921146953405018, "tutkimus": 0.0015220700152207, "arkistomateriaalia": 0.16666666666666666, "tarkastelulla\\n\\nyhteiskunnallisten": 1.0, "asumistasoon": 1.0, "urbaanimmassa": 1.0, "vuokra": 0.5, "korostetusti": 0.16666666666666666, "la\u0308hdeaineistoa": 1.0, "hyva\u0308osaisesta": 1.0, "arki": 0.02564102564102564, "perusteella": 0.0030627871362940277, "asema": 0.008, "seka\u0308": 0.058823529411764705, "tarkastelun": 0.018518518518518517, "saada": 0.0028089887640449437, "vahvaa": 0.015873015873015872, "aineiston": 0.0024937655860349127, "ta\u0308ydenneta\u0308a\u0308n": 1.0, "myo\u0308s": 0.1111111111111111, "la\u0308hteiden": 1.0, "asunto-osuuskunnat": 1.0, "sijoittuivat": 0.14285714285714285, "asunto-osuuskuntien": 1.0, "kokousten": 0.1111111111111111, "toimintakertomuksia": 0.3333333333333333, "ka\u0308py": 1.0, "osittain": 0.006172839506172839, "tyo\u0308va\u0308enkysymys": 1.0, "muusta": 0.017241379310344827, "asumisoloja": 1.0, "vastaamaan": 0.018518518518518517, "tutkimuskirjallisuudella": 1.0, "aikakauden": 0.08, "sita\u0308": 0.5, "mittapuulla": 0.5, "alussa": 0.0037735849056603774, "otteen": 0.05263157894736842, "myo\u0308ska\u0308a\u0308n": 1.0, "kesken": 0.011428571428571429, "niiden": 0.0019157088122605363, "muodostui": 0.011235955056179775, "perustaminen": 0.03571428571428571, "kuin": 0.0013689253935660506, "ka\u0308pyla\u0308n": 1.0, "tyo\u0308va\u0308esto\u0308n": 1.0, "ka\u0308sitteleva\u0308lla\u0308": 1.0, "edetessa\u0308": 1.0, "asemaan": 0.01694915254237288, "asuntohuollon": 1.0, "usein": 0.0009765625, "erottavia": 0.3333333333333333, "asukit": 1.0, "talonasukasluetteloita": 1.0, "sosiaalisesti": 0.03125, "liittyy": 0.0033222591362126247, "kontekstissa": 0.006666666666666667, "helsingissa\u0308": 0.5, "niin": 0.00042301184433164127, "asuntokysymys": 1.0, "erityisesti": 0.004297994269340974, "molemmat": 0.005050505050505051, "asuntopoliittisilla": 1.0, "tyo\u0308va\u0308esto\u0308o\u0308n": 1.0, "radikaalisti": 0.06666666666666667, "toimeentulevaan": 1.0, "ja\u0308senia\u0308": 1.0, "tyo\u0308va\u0308esto\u0308": 1.0, "sidetta\u0308": 1.0, "marginaaliseksi": 0.5, "katsoa": 0.018518518518518517, "eri": 0.0011723329425556857, "vuokra-asuntojen": 1.0, "he": 0.00016450074025333114, "mielenkiintoiseksi": 0.25, "erilaiseksi": 0.14285714285714285, "koostuivat": 0.1111111111111111, "heikenta\u0308neen": 1.0, "1920-luvun": 0.2727272727272727, "piirteita\u0308": 1.0, "runsaalla": 0.5, "oli": 0.0002827654460624912, "suomea": 0.012195121951219513, "gradu": 0.0044444444444444444, "osuustoimintaa": 1.0, "jonkin": 0.004807692307692308, "ta\u0308ydennetty": 1.0, "voitto": 0.07142857142857142, "keskiluokan": 0.1, "eronnut": 0.07142857142857142, "luona-asujien": 1.0}