{"university": 0.0007334963325183374, "oikeustieteen": 0.5, "used": 0.0003298515667949423, "mukaan": 0.0003502626970227671, "ended": 0.009615384615384616, "motivaatio": 0.010752688172043012, "and": 6.435797073467548e-05, "opiskelijoilla": 0.125, "alanvalintap\u00e4\u00e4t\u00f6ksen": 1.0, "consisted": 0.004545454545454545, "make": 0.0005530973451327434, "hy\u00f6dynt\u00e4\u00e4": 0.008771929824561403, "at": 0.00019522353094292966, "detailed": 0.0015527950310559005, "purposes": 0.0022935779816513763, "painottivat": 0.125, "perustuvan": 0.030303030303030304, "learn": 0.0010976948408342481, "ty\u00f6llisyydest\u00e4": 1.0, "could": 0.0002090738030524775, "that": 5.9606596463341945e-05, "jo": 0.0007716049382716049, "pohjalta": 0.0035971223021582736, "factors": 0.0005988023952095808, "hy\u00f6ty\u00e4": 0.012658227848101266, "told": 0.002777777777777778, "degree": 0.002583979328165375, "selvitettiin": 0.023255813953488372, "tutkimuksessa": 0.002824858757062147, "tai": 0.0004171011470281543, "t\u00e4ss\u00e4": 0.0007107320540156361, "motivaatiota": 0.043478260869565216, "lot": 0.0026246719160104987, "of": 8.53315129277242e-05, "ett\u00e4": 0.00021595939963286903, "ajankohtaa": 0.2, "joten": 0.0019193857965451055, "tapauksessa": 0.00423728813559322, "painotti": 0.05263157894736842, "kohteena": 0.00558659217877095, "yliopiston": 0.0037313432835820895, "voidaan": 0.0007057163020465773, "on": 5.978358342799067e-05, "tuloksia": 0.015037593984962405, "sis\u00e4ll\u00f6nanalyysi": 0.017857142857142856, "tutkittaessa": 0.037037037037037035, "results": 0.0005624296962879641, "social": 0.00026968716289104636, "kuitenkin": 0.0005058168942842691, "n\u00e4kyi": 0.02197802197802198, "others": 0.0007267441860465116, "ty\u00f6mahdollisuuksien": 1.0, "skills": 0.000749063670411985, "lukiossa": 0.023255813953488372, "intrinsic": 0.010362694300518135, "ovat": 0.00025673940949935817, "fields": 0.003257328990228013, "paljon": 0.0010570824524312897, "aineistossa": 0.005494505494505495, "alanvalinnan": 1.0, "kysytt\u00e4ess\u00e4": 0.05263157894736842, "studies": 0.00037167812674224123, "kid": 0.07142857142857142, "formed": 0.001287001287001287, "joista": 0.002680965147453083, "tieteenalan": 0.013333333333333334, "the": 8.94692036156403e-05, "hyvin": 0.0007057163020465773, "research": 0.0008024608800320985, "niist\u00e4": 0.0035587188612099642, "oppiaineessa\\n\\nt\u00e4ss\u00e4": 1.0, "opportunities": 0.005063291139240506, "professionaalisuuden": 1.0, "job": 0.004434589800443459, "yhteiskuntatieteisiin": 1.0, "sciences": 0.0011806375442739079, "tarkoituksena": 0.004608294930875576, "had": 0.0003350644999162339, "seen": 0.0004506534474988734, "extrinsic": 0.02531645569620253, "olivat": 0.0005711022272986865, "oikeustieteelliseen": 1.0, "juristiksi": 1.0, "how": 0.00038782237735117316, "uusilla": 0.16666666666666666, "olla": 0.0006305170239596469, "ilmi\u00f6ss\u00e4": 0.3333333333333333, "high": 0.00037313432835820896, "ulkoinen": 0.05555555555555555, "motivation": 0.004746835443037975, "group": 0.00033886818027787193, "mahdollistamia": 1.0, "study": 0.000527203711514129, "her\u00e4nnyt": 0.25, "tutkimuksia": 0.007874015748031496, "valitut": 0.0625, "choose": 0.0031446540880503146, "sek\u00e4": 0.0004985044865403788, "same": 0.00022862368541380886, "monipuolisuudesta": 0.25, "voi": 0.00046882325363338024, "lis\u00e4kouluttautujia": 1.0, "decided": 0.0041841004184100415, "koski": 0.019417475728155338, "sure": 0.00510204081632653, "major": 0.0006020469596628537, "randomly": 0.011111111111111112, "uraneuvonnassa": 1.0, "kolmas": 0.008928571428571428, "sis\u00e4inen": 0.014492753623188406, "uravalinnoissa": 1.0, "ulkoista": 0.2, "only": 0.0001296512381693245, "material\\n\\nthe": 1.0, "seikkoja": 0.023809523809523808, "ja": 0.00022116825989727964, "are": 2.8354315526823182e-05, "most": 0.0003006614552014432, "additional": 0.0010683760683760685, "sen": 0.0005537098560354374, "opiskelijoiden": 0.029556650246305417, "alanvaihtajia": 0.5, "suits": 0.05555555555555555, "some": 0.00027221995372260786, "be": 9.628345850182938e-05, "tiedekuntaan": 1.0, "analysis": 0.0005947660586835844, "up": 0.0004351610095735422, "both": 0.0003228410008071025, "motivaatiosta": 0.058823529411764705, "alalle": 0.08333333333333333, "yliopistotutkinto": 1.0, "verrata": 0.027777777777777776, "find": 0.000975609756097561, "tutkimuksen": 0.0016299918500407497, "all": 0.00010316723408645414, "valmis": 0.01639344262295082, "mainitsi": 0.011363636363636364, "choice": 0.006578947368421052, "were": 0.0002533088468114749, "professionalism": 0.09090909090909091, "toisessa": 0.008130081300813009, "tieteenalaan": 0.3333333333333333, "law\\n\\nthis": 1.0, "theory": 0.00024224806201550387, "opintoja": 0.07692307692307693, "nature": 0.0011299435028248588, "uusien": 0.006993006993006993, "earlier": 0.0009049773755656109, "uutta": 0.0048543689320388345, "sis\u00e4ist\u00e4": 0.02564102564102564, "timing": 0.018691588785046728, "out": 0.0002701242571582928, "opinnot": 0.04, "thought": 0.000984251968503937, "uravalintoihin": 1.0, "can": 0.0001380071763731714, "monipuolisuus": 0.1, "oli": 0.0009896790612187191, "studied": 0.001142204454597373, "empirical": 0.0017699115044247787, "new": 0.0008447372867038351, "data": 0.0003925160277377993, "alanvaihtajatlis\u00e4kouluttautujat": 1.0, "mentioned": 0.0010214504596527069, "dream": 0.011235955056179775, "osalla": 0.06666666666666667, "asiasta": 0.01652892561983471, "other": 0.00019022256039566293, "interest": 0.001100715465052284, "already": 0.0006067961165048543, "emphasized": 0.017543859649122806, "addition": 0.0007742934572202865, "he": 0.0003290014805066623, "compare": 0.003205128205128205, "kiinnostus": 0.047619047619047616, "analyysej\u00e4": 0.5, "education": 0.0005408328826392645, "school": 0.00023998080153587713, "different": 0.00020833333333333335, "ammatin": 0.022727272727272728, "qualitative": 0.0012121212121212121, "tutkimusmenetelm\u00e4": 0.07142857142857142, "based": 0.0004725897920604915, "esiin": 0.0018018018018018018, "syist\u00e4": 0.011627906976744186, "their": 0.00023232401455897158, "lapsuudenhaave": 1.0, "it": 7.72379701861435e-05, "vastauksissa": 0.06666666666666667, "expressed": 0.0014992503748125937, "second": 0.0004399472063352398, "tehd\u00e4": 0.002242152466367713, "selvitt\u00e4\u00e4": 0.005291005291005291, "as": 4.2153184673102054e-05, "uravalinnan": 1.0, "professionaalisuus": 1.0, "method": 0.0007288629737609329, "few": 0.0009174311926605505, "development": 0.00032414910858995135, "aim": 0.0009871668311944718, "which": 0.00011456722231769491, "career": 0.07042253521126761, "being": 0.0002983293556085919, "yhden": 0.0035842293906810036, "n\u00e4kymist\u00e4": 0.5, "educational": 0.000693000693000693, "while": 0.0002832058906825262, "tutkinnon": 0.2222222222222222, "hyv\u00e4st\u00e4": 0.03333333333333333, "aineistol\u00e4ht\u00f6inen": 0.14285714285714285, "or": 4.915454187966968e-05, "to": 9.807592860072398e-05, "guiding": 0.010526315789473684, "considering": 0.002457002457002457, "millaisia": 0.0056179775280898875, "n108": 0.5, "vuonna": 0.0008403361344537816, "mainintoja": 0.03333333333333333, "this": 6.921373200442968e-05, "yleens\u00e4": 0.0021645021645021645, "students\\n\\nthe": 1.0, "voisi": 0.00702576112412178, "sis\u00e4isest\u00e4": 0.08333333333333333, "possible": 0.00029239766081871346, "opiskelijoista": 0.05, "affect": 0.001447178002894356, "kehitt\u00e4misess\u00e4": 0.02702702702702703, "uravalinnat": 1.0, "rate": 0.0008156606851549756, "was": 0.0004357988986173289, "perusteita": 0.03333333333333333, "way": 0.000321646831778707, "toisena": 0.012658227848101266, "halunneensa": 1.0, "law": 0.024528301886792454, "valitsivat": 0.16666666666666666, "affects": 0.003194888178913738, "vuosiluokan": 0.5, "tiedekunnan": 0.06666666666666667, "grounded": 0.018867924528301886, "aineiston": 0.0024937655860349127, "puolta": 0.045454545454545456, "kvantitatiivisia": 0.08333333333333333, "alan": 0.013605442176870748,