{"ja": 8.345782458834429e-06, "naiskulun": 1.0, "teoriasta": 0.027777777777777776, "koostuu": 0.004291845493562232, "teoriaa": 0.00510204081632653, "suurten": 0.017094017094017096, "sovellusosasta": 1.0, "kulkevan": 0.14285714285714285, "silt\u00e4": 0.0034482758620689655, "satunnaiskulku": 0.16666666666666666, "kuin": 0.00013000520020800833, "tutkielma": 0.005681818181818182, "nopeudelle": 1.0, "teoriaosasta": 1.0, "periaate": 0.013157894736842105, "poikkeamien": 0.75, "osin": 0.002398081534772182, "sovellusosan": 1.0, "tutkielmassa": 0.0045045045045045045, "k\u00e4sittelee": 0.004149377593360996, "ymp\u00e4rist\u00f6ss\u00e4": 0.013245033112582781, "p\u00e4\u00e4tuloksen": 1.0, "todistetaan": 0.1111111111111111, "tarvitaan": 0.003484320557491289, "sovelluksena": 0.2, "sit\u00e4": 0.00022825838849577722, "teoriaosa": 1.0, "satunnaisessa": 1.0, "satun": 0.5, "todistamiseensuurten": 1.0}