{"university": 0.0010482180293501049, "ohjelmakoodi": 0.5, "yht\u00e4": 0.0019175455417066154, "\\n\\ntutkielmassa": 0.3333333333333333, "nykyp\u00e4iv\u00e4n\u00e4": 0.09090909090909091, "ovat": 0.00019033117624666921, "room": 0.029411764705882353, "mobiilialustoille": 1.0, "at": 0.002932551319648094, "entisest\u00e4\u00e4n": 0.008849557522123894, "selainsovellukset": 1.0, "generointiin": 0.5, "suunnitteluvaiheessa": 0.037037037037037035, "malliperustaisen": 1.0, "use": 0.006896551724137931, "finns": 0.02631578947368421, "nykytila": 0.1111111111111111, "m\u00e4\u00e4ritelty": 0.0058823529411764705, "mobiiliohjelmoinnin": 1.0, "aikaa": 0.001445086705202312, "mukaisesti": 0.00117096018735363, "ohjelmistotuotannossa": 1.0, "suosiotaan": 0.1111111111111111, "bibliotek": 0.07142857142857142, "jokaiselle": 0.008130081300813009, "toteutusv\u00e4lineill\u00e4": 1.0, "endast": 0.04, "helsingin": 0.0003757985719654265, "useat": 0.00625, "perustuvat": 0.014492753623188406, "mobiiliohjelmointia": 1.0, "sovellus": 0.030303030303030304, "mobiilialustat": 1.0, "sovellukset": 0.0625, "kantaa": 0.0028653295128939827, "ymp\u00e4rist\u00f6\u00f6n": 0.006329113924050633, "tulkitut": 0.5, "arkistokappaleet": 0.08333333333333333, "ohjelmointikielell\u00e4": 0.5, "for": 0.0009165902841429881, "pappersexemplaret": 0.09090909090909091, "useille": 0.058823529411764705, "esitell\u00e4\u00e4n": 0.003484320557491289, "ohjelmointikielelle": 1.0, "httpwwwhelsinkifihelkaindexhtm": 0.09090909090909091, "mobiilisovellusten": 0.3333333333333333, "ios": 0.3333333333333333, "\\n\\nmalliperustaisessa": 1.0, "avulla": 0.00032268473701193933, "l\u00e4hestymistapa": 0.005988023952095809, "reading": 0.02631578947368421, "suunnitellaan": 0.03333333333333333, "toiseen": 0.003257328990228013, "sis\u00e4lt\u00e4\u00e4": 0.0016638935108153079, "erilaisilla": 0.015873015873015872, "mobiililaitteet": 0.2, "periaatteiden": 0.015873015873015872, "helka-databasen": 0.09090909090909091, "kirjastossa": 0.030303030303030304, "l\u00e4sesalsbruk": 0.09090909090909091, "natiivin": 0.07692307692307693, "ty\u00f6kalulla": 0.25, "av": 0.004524886877828055, "library": 0.037037037037037035, "mobiilialustalle": 0.8, "erilaisten": 0.0022123893805309734, "avhandlingen": 0.09090909090909091, "kautta": 0.00037593984962406017, "selvitet\u00e4\u00e4n": 0.0196078431372549, "ristiink\u00e4\u00e4nn\u00f6kseen": 1.0, "toteuttamalla": 0.25, "hybridisovellukset": 1.0, "luettavissa": 0.01639344262295082, "ohjelmoidaan": 0.3333333333333333, "search": 0.03225806451612903, "ajatellen": 0.013333333333333334, "mekanismeja": 0.037037037037037035, "helsinki": 0.00025926886180969663, "generoidaan": 1.0, "toteuttajilla": 1.0, "eritt\u00e4in": 0.001984126984126984, "vain": 0.0002464268112370626, "huomioon": 0.0017211703958691911, "is": 0.0009124087591240876, "etsim\u00e4ll\u00e4": 0.09090909090909091, "lopuksi": 0.0031545741324921135, "esimerkkisovellus": 0.5, "catalog": 0.09090909090909091, "ottamatta": 0.0037735849056603774, "available": 0.03571428571428571, "l\u00f6ydetyist\u00e4": 0.5, "on": 3.902743628771026e-05, "kuitenkin": 0.0002455795677799607, "whole": 0.04, "malliperustaisesti": 1.0, "usealle": 0.07692307692307693, "ty\u00f6kalut": 0.03571428571428571, "hankaloittavat": 0.3333333333333333, "selainsovellus": 1.0, "k\u00e4\u00e4nn\u00f6s": 0.009900990099009901, "l\u00f6ydetyt": 0.14285714285714285, "mallimuunnosten": 1.0, "tutkielmassa": 0.0045045045045045045, "sovelluksen": 0.012195121951219513, "the": 0.00032726082687902256, "valitut": 0.013513513513513514, "helka": 0.058823529411764705, "abstract": 0.009900990099009901, "\\n\\nalustariippumaton": 1.0, "tutkitaan": 0.008695652173913044, "koska": 0.0006563833278634722, "tarkemmin": 0.0019047619047619048, "malliperustaisin": 1.0, "olemassa": 0.0011918951132300357, "alustariippumattoman": 1.0, "sovelluskehitykseen": 1.0, "koodin": 0.038461538461538464, "opinn\u00e4ytteiden": 0.07142857142857142, "only": 0.0136986301369863, "varsinaisiin": 0.08333333333333333, "tarve": 0.00390625, "ohjelmistotuotantomenetelmin": 1.0, "of": 0.00013250298131707962, "ja": 4.172891229417214e-05, "online": 0.011627906976744186, "bin\u00e4\u00e4rikoodin": 1.0, "lyhyesti": 0.007246376811594203, "teknologiat": 0.08333333333333333, "sovelluksia": 0.08, "tiivistelm\u00e4": 0.010869565217391304, "helsingfors": 0.0027397260273972603, "selke\u00e4": 0.006802721088435374, "avhandlingens": 0.09090909090909091, "hae": 0.07142857142857142, "tuottamiseen": 0.01694915254237288, "olevia": 0.004310344827586207, "mobiiliohjelmonti": 1.0, "otetaan": 0.005917159763313609, "ratkaisut": 0.016260162601626018, "kiinnostava": 0.011494252873563218, "copy": 0.09090909090909091, "tuottaa": 0.002785515320334262, "sammandrag": 0.038461538461538464, "mallien": 0.014925373134328358, "t\u00e4m\u00e4": 0.0002738225629791895, "kasvattavat": 0.0625, "kyseisell\u00e4": 0.04, "android": 0.3333333333333333, "eri": 0.0004213187276174426, "vasta": 0.0010121457489878543, "helka-tietokannasta": 0.09090909090909091, "httpwwwhelsinkifihelkaindexhtmmobiiliohjelmointi": 1.0, "yliopiston": 0.0008051529790660225, "s\u00f6k": 0.08333333333333333, "sis\u00e4ll\u00e4": 0.0019083969465648854, "vaiheittain": 0.029411764705882353, "ty\u00f6kaluista": 0.2, "ty\u00f6kaluja": 0.014285714285714285, "f\u00f6r": 0.0033003300330033004, "valitulle": 0.2, "paper": 0.02040816326530612, "universitets": 0.07692307692307693, "mallista": 0.03333333333333333, "thesis": 0.01639344262295082, "hela": 0.010309278350515464, "toteutusteknologioihin": 1.0}