{"aineisto": 0.007692307692307693, "varten": 0.006493506493506494, "liturgisista": 1.0, "varhaisimpiin": 0.5, "used": 0.00010995052226498076, "tuotettu": 0.043478260869565216, "olevien": 0.009523809523809525, "tarjoaa": 0.008, "ovat": 0.00025673940949935817, "suurimman": 0.02127659574468085, "k\u00e4sikirjoitusten": 0.6666666666666666, "hy\u00f6dynt\u00e4\u00e4": 0.008771929824561403, "at": 6.507451031430989e-05, "tutkielma": 0.004694835680751174, "k\u00e4ytt\u00f6\u00f6n": 0.006802721088435374, "muokattu": 0.058823529411764705, "m\u00e4\u00e4r\u00e4st\u00e4": 0.02040816326530612, "aineistomassan": 1.0, "hagiografian": 1.0, "olemassa": 0.003861003861003861, "tuloksena": 0.015151515151515152, "yht\u00e4\u00e4lt\u00e4": 0.0136986301369863, "jo": 0.0007716049382716049, "omalaatuisen": 0.5, "kohdalla\\n\\np\u00e4\u00e4tavoitteinani": 1.0, "ylivoimaisesti": 0.058823529411764705, "katalogisoitua": 1.0, "rooman": 0.010869565217391304, "kodikologian": 1.0, "oman": 0.001430615164520744, "pyhimyskulteista": 0.5, "perinteist\u00e4": 0.01694915254237288, "liitteest\u00e4": 0.1, "esiin": 0.0018018018018018018, "k\u00e4ytet\u00e4\u00e4nkin": 0.5, "metodien": 0.17647058823529413, "k\u00e4ytt\u00f6kalenterit": 1.0, "tutkimuksen": 0.0032599837000814994, "j\u00e4lkipuolelle": 1.0, "calendars": 0.14285714285714285, "tutkielmassani": 0.015625, "jatkotutkimukselle": 0.14285714285714285, "esimerkiksi": 0.0005227391531625719, "keinoja": 0.008849557522123894, "tutkimustraditiossa": 0.5, "varhaisempaa": 1.0, "paikallisen": 0.021739130434782608, "paikallisten": 0.038461538461538464, "kuitenkin": 0.0005058168942842691, "historiaa": 0.01020408163265306, "identifioin": 0.5, "hajanaisuudesta": 1.0, "uskonel\u00e4m\u00e4n": 0.3333333333333333, "digital": 0.0010121457489878543, "and": 1.755217383672968e-05, "s\u00e4ilyneen": 0.16666666666666666, "syrj\u00e4\u00e4n": 0.2, "sitomatta": 1.0, "tutkimuksessa": 0.0014124293785310734, "varhaisempia": 0.5, "kristikunnan": 0.5, "aineistoani": 0.1, "pyhimyskultin": 1.0, "venerated": 0.5, "paleografian": 1.0, "luotettavuuden": 0.03571428571428571, "keskiajan": 0.058823529411764705, "musiikin": 0.0027472527472527475, "suuri": 0.0031645569620253164, "esitettyj\u00e4": 0.07142857142857142, "1300": 0.06666666666666667, "paitsi": 0.008771929824561403, "the": 5.422375976705473e-06, "1400-luvuilta": 1.0, "itsess\u00e4\u00e4n": 0.007751937984496124, "keskiaikaisista": 1.0, "pieniin": 0.06666666666666667, "paikallisista": 0.05555555555555555, "mm": 0.0009208103130755065, "manuscripts": 0.0022371364653243847, "keskiaikaisia": 0.16666666666666666, "vain": 0.0007267441860465116, "marginaalisesti": 0.5, "potentiaaliin": 0.5, "johtuen": 0.011494252873563218, "uskovien": 1.0, "pitk\u00e4\u00e4n": 0.008928571428571428, "yhden": 0.0035842293906810036, "tutkielmani": 0.009174311926605505, "1400-lukujen": 1.0, "tutkimusta": 0.004524886877828055, "omia": 0.0049504950495049506, "liturgian": 0.5, "esit\u00e4n": 0.044444444444444446, "suhteuttaa": 0.1111111111111111, "pro": 0.0027548209366391185, "etsin": 0.043478260869565216, "kartoittaa": 0.045454545454545456, "sek\u00e4": 0.0012462612163509472, "tarpeita": 0.024390243902439025, "hy\u00f6dynt\u00e4miseen": 0.1, "johtop\u00e4\u00e4t\u00f6sten": 0.2, "heikkoa": 0.05263157894736842, "kiinnostuneita": 0.023809523809523808, "avulla": 0.0013175230566534915, "muita": 0.00202020202020202, "stemmatologian": 1.0, "sit\u00e4": 0.0005165289256198347, "k\u00e4dess\u00e4": 0.03125, "laaja-alaisten": 0.3333333333333333, "analyysia": 0.023255813953488372, "metodologiaa\\n\\ntutkielmani": 1.0, "kytkemisen": 1.0, "methods": 0.00030807147258163895, "vatican": 0.25, "jotka": 0.0010922992900054614, "tuotannosta": 0.1111111111111111, "ja": 0.00044233651979455927, "tutkimukseni": 0.005952380952380952, "tekee": 0.004081632653061225, "sen": 0.0002768549280177187, "tutkimuskent\u00e4n": 1.0, "koska": 0.0017777777777777779, "joukon": 0.037037037037037035, "mik\u00e4": 0.0018365472910927456, "ajalliseen": 0.2, "edelleen": 0.003472222222222222, "kalenteritradition": 1.0, "asianmukaisia": 0.5, "paikantamisen": 1.0, "centuries": 0.005405405405405406, "nykyisten": 0.06666666666666667, "liturgisia": 1.0, "tulkintoja": 0.020833333333333332, "huomio": 0.014925373134328358, "sovellan": 0.1111111111111111, "kalenterin": 0.2, "kalentereita": 1.0, "saints": 0.3333333333333333, "jopa": 0.0017543859649122807, "pyhimysjuhlia": 1.0, "indikatiivisista": 1.0, "kapitulaarisen": 1.0, "kehitetty": 0.020833333333333332, "tehostamiseksi": 0.5, "asianmukaiseen": 1.0, "kontrolli": 0.0625, "saroilla\\n\\ntutkimukseni": 1.0, "erottavat": 0.0625, "t\u00e4ydenn\u00e4n": 0.3333333333333333, "osaksi": 0.006666666666666667, "latinalaisen": 0.5, "digitaalisen": 0.09090909090909091, "korjaan": 1.0, "lis\u00e4tavoitteet": 1.0, "pakkansa": 1.0, "edustaa": 0.010416666666666666, "kontekstiinsa": 0.13333333333333333, "pit\u00e4\u00e4": 0.0016155088852988692, "oli": 0.0001413827230312456, "l\u00e4hdepohja": 1.0, "ole": 0.0004130524576621231, "l\u00f6ytyv\u00e4t": 0.03225806451612903, "combining": 0.0030211480362537764, "liturgisten": 1.0, "metodein": 0.5, "perustuen": 0.023255813953488372, "t\u00e4rkeimm\u00e4n": 0.25, "kapea": 0.1, "tietoisuuteen": 0.06666666666666667, "kattava": 0.03333333333333333, "aiemman": 0.027777777777777776, "saralla": 0.034482758620689655, "yksityiskohtiin": 0.2, "ei": 0.00013294336612603032, "laajemman": 0.047619047619047616, "k\u00e4sikirjoituksia": 1.0, "toisaalta": 0.0014326647564469914, "suurin": 0.00392156862745098, "n\u00e4it\u00e4": 0.0031446540880503146, "heikosti": 0.05555555555555555, "analyysin": 0.009216589861751152, "heijastaa": 0.038461538461538464, "yleistajuista": 1.0, "tuntemusta": 0.08333333333333333, "historiantutkimuksessa": 0.05263157894736842, "saattaen": 0.5, "virheellisi\u00e4": 0.25, "arvioimiseksi": 0.2, "15th": 0.006535947712418301, "viime": 0.006535947712418301, "kirkon": 0.03418803418803419, "muodossa": 0.007352941176470588, "keskittynyt": 0.018518518518518517, "mainittu": 0.006993006993006993, "laajan": 0.02857142857142857, "yksitt\u00e4isten": 0.028169014084507043, "k\u00e4sikirjoituksista": 1.0, "tekeminen": 0.010526315789473684, "kirjastoissa": 0.3333333333333333, "n\u00e4in": 0.0011337868480725624, "subjektiivisesti": 0.1111111111111111, "ty\u00f6kalun": 1.0, "edist\u00e4\u00e4": 0.016129032258064516, "identifioitavien": 1.0, "keskuksen": 0.0625, "suuntaviivoja": 0.3333333333333333, "aineiston": 0.0024937655860349127, "erityispiirteit\u00e4": 0.07142857142857142, "s\u00e4ilyneest\u00e4": 1.0, "kulttien": 1.0, "identifying": 0.0037174721189591076, "digitaalisten": 0.4, "tiedonk\u00e4sittelykapasiteetin": 1.0, "ett\u00e4": 0.00010797969981643452, "vuosisatoihin": 1.0, "taustalla": 0.0044444444444444444, "5388": 1.0, "pyhimyskultista": 1.0, "basilica": 0.5, "ylittyminen": 1.0, "metodologiset": 0.14285714285714285, "kalenterimerkint\u00e4\u00e4": 1.0, "suuresta": 0.029411764705882353, "tutkijoita": 0.037037037037037035, "14th": 0.010416666666666666, "my\u00f6s": 0.0005644933672029354, "paikannuksia": 1.0, "digitaalisia": 0.2, "peter\u2019s": 0.25, "per\u00e4isin": 0.011235955056179775, "kokoelman": 0.14285714285714285, "muusta": 0.017241379310344827, "ne": 0.0003795066413662239, "yhteis\u00f6jen": 0.041666666666666664, "traditional": 0.0012239902080783353, "juhlista": 0.5, "ajoittamisen": 1.0, "kulttuurin": 0.00390625, "useimmiten": 0.01282051282051282, "mahdollistaa": 0.00980392156862745, "mahdollista": 0.0019120458891013384, "n\u00e4m\u00e4": 0.0017985611510791368, "transkriboimani": 1.0, "kalentereiden": 1.0, "aineistosta": 0.011904761904761904, "ty\u00f6kalujen": 0.16666666666666666, "jatkossa": 0.022222222222222223, "viimeksi": 0.08333333333333333, "vuosisatoja": 0.09090909090909091, "tutkimustraditiosta": 1.0, "tulevan": 0.02127659574468085, "on": 0.00017935075028397202, "hy\u00f6dynnetty": 0.06666666666666667, "tai": 0.0004171011470281543, "liturgis-maantieteellisten": 1.0, "inhimillisen": 0.1,