{"matematiikan": 0.16071428571428573, "concluded": 0.0036101083032490976, "problematic": 0.003048780487804878, "ongelmalliset": 1.0, "differences": 0.0012353304508956147, "kahden": 0.0030581039755351682, "than": 0.0001424298532972511, "matematiikkaa": 0.045454545454545456, "kolmannelta": 1.0, "more": 8.86053517632465e-05, "greatest": 0.007575757575757576, "class": 0.0011001100110011, "oppituntien": 0.3333333333333333, "could": 0.00083629521220991, "used": 0.00010995052226498076, "piirroksista": 0.5, "selitt\u00e4\u00e4": 0.007194244604316547, "kuvaavaa": 0.125, "boredommatematiikan": 1.0, "laadusta": 0.008064516129032258, "area": 0.0006574621959237344, "explain": 0.005563282336578581, "mielekk\u00e4\u00e4ksi": 0.1, "beliefs": 0.0024752475247524753, "puheen": 0.010309278350515464, "kielteisempi": 1.0, "t\u00e4ss\u00e4": 0.0007107320540156361, "opetus-ryhm\u00e4n": 1.0, "k\u00e4ytin": 0.027777777777777776, "positive": 0.003429355281207133, "at-mosphere": 1.0, "opetusryhm\u00e4ss\u00e4": 1.0, "oppituntia": 0.25, "also": 5.985873338920148e-05, "analysis": 0.0003965107057890563, "voisivat": 0.01639344262295082, "open": 0.0010893246187363835, "because": 0.0002678093197643278, "auttamisen": 0.3333333333333333, "ymm\u00e4rryst\u00e4": 0.013888888888888888, "to": 5.349596105494035e-05, "tekij\u00f6iden": 0.01818181818181818, "oppimiseen": 0.011235955056179775, "summary": 0.001639344262295082, "prima-ry": 1.0, "oppilaan": 0.015706806282722512, "koulusta": 0.043478260869565216, "and": 7.605941995916194e-05, "between": 0.00010150223304912708, "meaningful": 0.003875968992248062, "opetusryhm\u00e4st\u00e4": 1.0, "classes": 0.0026595744680851063, "skills": 0.000749063670411985, "helsinki": 0.00027948574622694243, "vaikkakin": 0.018518518518518517, "5th": 0.0594059405940594, "shift\\n\\nas": 1.0, "though": 0.0005305039787798408, "analy-sis": 1.0, "luokalle": 0.25, "kolmannella": 0.2857142857142857, "total": 0.0006514657980456026, "tunneilmapiiri\u00e4": 1.0, "undergone": 0.01818181818181818, "relations": 0.0009250693802035153, "of": 6.162831489224527e-05, "opetus-ryhm\u00e4ss\u00e4": 1.0, "research": 0.00013374348000534973, "ja": 0.00029489101319637285, "had": 0.0006701289998324678, "increase": 0.0007547169811320754, "concerning": 0.0011947431302270011, "eroja": 0.006535947712418301, "how": 0.00019391118867558658, "uskomuksia": 0.058823529411764705, "part": 0.00028669724770642203, "as": 4.2153184673102054e-05, "changes": 0.0008948545861297539, "whole": 0.0007142857142857143, "helping": 0.00847457627118644, "determined": 0.001379310344827586, "negative\\n\\nthe": 1.0, "experience": 0.0008984725965858042, "ik\u00e4vystyminen": 0.5, "classroom": 0.0024449877750611247, "perspective": 0.0011363636363636363, "analy-soinnissa": 1.0, "neg-ative": 1.0, "tutkielmassa": 0.005988023952095809, "or": 9.830908375933936e-05, "towards": 0.002909090909090909, "what": 0.0002034587995930824, "tunneilmapiirin": 0.8333333333333334, "muuttuminen": 0.09523809523809523, "selittyi": 0.3333333333333333, "pupils": 0.002621231979030144, "level": 0.0003599712023038157, "kohtaan": 0.003215434083601286, "sit\u00e4": 0.0005165289256198347, "trying": 0.0047169811320754715, "mathematic": 0.5, "teachers": 0.0017452006980802793, "oppilaiden": 0.0044444444444444444, "focus": 0.000851063829787234, "olivat": 0.001142204454597373, "lopuksi": 0.006802721088435374, "basis": 0.000859106529209622, "sen": 0.0002768549280177187, "learning": 0.00027063599458728013, "affecting": 0.006369426751592357, "mitk\u00e4": 0.006134969325153374, "be": 3.209448616727646e-05, "k\u00e4sitet\u00e4\u00e4n": 0.034482758620689655, "kielteisyytt\u00e4": 0.5, "grade": 0.007042253521126761, "both": 0.0003228410008071025, "subject": 0.0012515644555694619, "viidennelle": 0.4, "selke\u00e4sti": 0.004694835680751174, "luokalta": 0.125, "that": 9.934432743890324e-05, "characteristics": 0.0011402508551881414, "matematii-kan": 1.0, "difficulty": 0.009900990099009901, "were": 0.0003166360585143436, "jossa": 0.0015467904098994587, "kokeminen": 0.020833333333333332, "comprises": 0.009708737864077669, "piirt\u00e4j\u00e4n": 1.0, "studying": 0.0014792899408284023, "vuorovaikutuksen": 0.029850746268656716, "main": 0.00046948356807511736, "muutosta": 0.011764705882352941, "aspects": 0.0018214936247723133, "sis\u00e4ll\u00e4": 0.005208333333333333, "piirt\u00e4-m\u00e4\u00e4": 1.0, "shifted": 0.020833333333333332, "omasta": 0.005780346820809248, "determine": 0.005928853754940711, "avoimuus": 0.043478260869565216, "luokkalaisten": 0.5, "well-being": 0.004310344827586207, "can": 6.90035881865857e-05, "luok-kahuoneessa": 1.0, "oli": 0.0005655308921249824, "puolestaan": 0.0017921146953405018, "luokka-asteella": 0.6, "teacher\u2019s": 0.011764705882352941, "vuorovaikutuksesta": 0.047619047619047616, "two": 0.00013950892857142856, "kahdeksasta": 0.2, "data": 0.00013083867591259977, "treated": 0.002564102564102564, "analyze": 0.00558659217877095, "speech": 0.0009157509157509158, "vaikuttavien": 0.058823529411764705, "tunneilmapiireiss\u00e4": 1.0, "feel-ings": 1.0, "general": 0.0003673769287288758, "whether": 0.0005078720162519045, "kielteisyys": 0.5, "kulttuuri": 0.011111111111111112, "asenteita": 0.08333333333333333, "muuttuu": 0.009345794392523364, "different": 0.0004166666666666667, "t\u00e4rke\u00e4\u00e4": 0.0033444816053511705, "matematiikkapiirroksista": 1.0, "metropolitan": 0.010101010101010102, "atti-tude": 1.0, "their": 0.00046464802911794315, "koostuu": 0.006289308176100629, "it": 0.000154475940372287, "interactions": 0.0018957345971563982, "as-pects": 0.5, "opetusryhmien": 0.25, "emotional": 0.04642857142857143, "vai-kuttaa": 1.0, "selvitt\u00e4\u00e4": 0.005291005291005291, "consisted": 0.004545454545454545, "kielteisemm\u00e4ksi\\n\\ntutkielmani": 1.0, "studied": 0.0005711022272986865, "siihen": 0.0008984725965858042, "my\u00f6nteisemm\u00e4ksi": 1.0, "erot": 0.013333333333333334, "tunteita": 0.017857142857142856, "aim": 0.0009871668311944718, "eri": 0.0017584994138335288, "which": 5.7283611158847455e-05, "by": 3.515803536898358e-05, "p\u00e4\u00e4asiassa": 0.00546448087431694, "this": 0.00013842746400885935, "oppilaat": 0.0038022813688212928, "kuin": 0.00034223134839151266, "where": 0.0003968253968253968, "even": 0.00017777777777777779, "atmosphere": 0.01585014409221902, "mathematics": 0.009307135470527405, "change": 0.0008403361344537816, "understanding": 0.0006802721088435374, "selittiv\u00e4t": 0.2, "viidennen": 0.07142857142857142, "factors": 0.0005988023952095808, "yleisesti": 0.003968253968253968, "piirrosta": 0.3333333333333333, "states": 0.0007385524372230429, "hyvinvointiin": 0.03571428571428571, "sosiaaliset": 0.017857142857142856, "piirroksissa\\n\\nkolmannen": 1.0, "so-cial": 1.0, "tunnilla": 0.03571428571428571, "tutkiminen": 0.02127659574468085, "muuttunut": 0.024390243902439025, "an": 5.180810278727593e-05, "taitotasossa": 1.0, "mainly": 0.0011013215859030838, "yhteens\u00e4": 0.004975124378109453, "tekij\u00f6it\u00e4": 0.00909090909090909, "was": 7.92361633849689e-05, "drawn": 0.004545454545454545, "i\u2019m": 0.007042253521126761, "opetusryhmiss\u00e4": 0.5, "drawing": 0.006578947368421052, "lessons": 0.05084745762711865, "affects": 0.012779552715654952, "vaikeudesta": 0.1, "selitt\u00e4vi\u00e4": 0.14285714285714285, "viidest\u00e4": 0.047619047619047616, "negative": 0.002742230347349177, "is": 5.9492823678143824e-05, "my\u00f6n-teinen": 1.0, "tunneilmapiiri": 1.0, "t\u00e4m\u00e4n": 0.0007412898443291327, "piirroksissa": 1.0, "piirrosanalyysi\u00e4": 1.0, "on": 0.00015942288914130845, "examined": 0.006012024048096192, "viidennell\u00e4": 1.0, "important": 0.00029717682020802375, "k\u00e4sityst\u00e4": 0.015151515151515152, "kol-mannella": 1.0, "viel\u00e4": 0.0011976047904191617, "p\u00e4\u00e4kaupunkiseudulla": 0.04, "piirroksien": 1.0, "muuttumista": 0.07142857142857142, "interaction": 0.0006373486297004461, "drawings": 0.07142857142857142, "luokan": 0.011627906976744186, "the": 7.049088769717115e-05,