{"evidentiaalisuuskategorioista": 1.0, "kieliopista": 0.1, "vertailtavuus": 1.0, "\\n\\ntutkielmassa": 0.3333333333333333, "mukaan": 0.0003502626970227671, "tarkastelee": 0.047619047619047616, "n\u00e4k\u00f6kulmiin": 0.16666666666666666, "kyseist\u00e4": 0.02631578947368421, "kutakin": 0.1111111111111111, "ihanteita": 0.14285714285714285, "n\u00e4kem\u00e4ll\u00e4": 0.5, "tutkielma": 0.014084507042253521, "niit\u00e4": 0.0014347202295552368, "noudatetaan": 0.14285714285714285, "mutta": 0.0012845215157353885, "termi": 0.015625, "tiedot": 0.016666666666666666, "toisiinsa": 0.005917159763313609, "olla": 0.0006305170239596469, "heijastua": 0.16666666666666666, "kielen": 0.00468384074941452, "domeeni": 1.0, "t\u00e4ss\u00e4": 0.0007107320540156361, "vertailuk\u00e4sitteist\u00e4": 1.0, "ett\u00e4": 0.00032393909944930353, "tutkimushistorialla": 1.0, "k\u00e4ytett\u00e4isiin": 0.14285714285714285, "takia": 0.003105590062111801, "n\u00e4k\u00f6-kulman": 1.0, "on": 0.00025906219485462626, "yleistiedon": 1.0, "verrataan": 0.037037037037037035, "terminologisia": 0.16666666666666666, "kategoriaa": 0.10526315789473684, "yll\u00e4tt\u00e4v\u00e4n": 0.0625, "evidentiaalisuuskategorioita": 1.0, "\\n\\ntutkielman": 0.125, "vastata": 0.014285714285714285, "evidentiaalisuuskategorioiden": 1.0, "ovat": 0.0010269576379974327, "paljon": 0.0010570824524312897, "m\u00e4\u00e4rittelyn": 0.05555555555555555, "kieliopillistunut": 0.5, "p\u00e4\u00e4ttelytyyppien": 1.0, "joissakin": 0.019230769230769232, "jota": 0.0016339869281045752, "tarkoittaa": 0.002617801047120419, "synnytt\u00e4\u00e4": 0.03571428571428571, "t\u00e4llaisten": 0.047619047619047616, "samoja": 0.028985507246376812, "erottuvuutta": 0.5, "vertailuk\u00e4sitteisiin": 1.0, "edelleenkin": 0.1111111111111111, "olisi": 0.0008123476848090983, "niist\u00e4": 0.0035587188612099642, "erottua": 0.09090909090909091, "kuten": 0.0005793742757821553, "vakiintua": 0.25, "lyhyehk\u00f6ll\u00e4": 1.0, "heikommin": 0.125, "n\u00e4kemyksen": 0.01818181818181818, "evidentiaalisuus": 1.0, "ja": 0.0003931880175951638, "tutkielmassa": 0.011976047904191617, "vain": 0.0007267441860465116, "huomioon": 0.0035460992907801418, "kaikki": 0.0010460251046025104, "tutkimushistoriaa": 1.0, "eroja": 0.006535947712418301, "tapahtuman": 0.02857142857142857, "toiset": 0.014285714285714285, "joka": 0.00037593984962406017, "partikularistisen": 1.0, "synonymiaa": 1.0, "terminologiassa": 0.16666666666666666, "kieliopillisia": 0.14285714285714285, "semanttisiin": 0.14285714285714285, "j\u00e4ljelle": 0.05263157894736842, "hyv\u00e4": 0.0022988505747126436, "pohjimmiltaan": 0.06666666666666667, "l\u00f6ytyykin": 0.2, "termi\u00e4": 0.013888888888888888, "vakiintumattomuus": 1.0, "monosemia": 1.0, "toivottavaa": 0.14285714285714285, "kategorioiden": 0.038461538461538464, "vertailuun": 0.07692307692307693, "siit\u00e4": 0.0006079027355623101, "erilaisia": 0.002531645569620253, "poimitaan": 0.5, "mink\u00e4": 0.005434782608695652, "ilmi\u00f6t": 0.041666666666666664, "sopivien": 0.14285714285714285, "ker\u00e4tty": 0.014285714285714285, "toteutumista": 0.06666666666666667, "terminologista": 1.0, "muilta": 0.02631578947368421, "tiedon": 0.0035087719298245615, "k\u00e4ytt\u00e4m\u00e4ll\u00e4": 0.011627906976744186, "ei-visuaalisen": 1.0, "sen": 0.0011074197120708748, "jotka": 0.0016384489350081922, "omilla": 0.03333333333333333, "funktionaalisiin": 1.0, "jonka": 0.0008123476848090983, "merkeist\u00e4": 0.25, "vaihtelua": 0.0392156862745098, "k\u00e4ytettyj\u00e4": 0.02702702702702703, "tietonsa": 0.08333333333333333, "kuvauskategorioista": 1.0, "termien": 0.2, "vertailuk\u00e4sitteit\u00e4": 1.0, "esimerkiksi": 0.0005227391531625719, "etenkin": 0.002890173410404624, "monitahoisia": 1.0, "deduced": 0.015151515151515152, "j\u00e4lkeen": 0.0009319664492078285, "t\u00e4ll\u00f6in": 0.004405286343612335, "eri": 0.0017584994138335288, "kuvauska-tegorioita": 1.0, "terminologiaan": 0.25, "syyt\u00e4": 0.005747126436781609, "l\u00f6ytyi": 0.01, "voivat": 0.004319654427645789, "polysemiaa": 0.2, "selittyy": 0.0625, "toisistaan": 0.0055248618784530384, "k\u00e4site": 0.006666666666666667, "ole": 0.0008261049153242462, "kategoriat": 0.0625, "verra-taan": 1.0, "evidentiaalisuustypo-logioissaexperiential": 1.0, "yksil\u00f6lliset": 0.04, "runsasta": 0.2, "ilmaista": 0.017241379310344827, "jolloin": 0.001524390243902439, "runsaus": 0.16666666666666666, "kategorioita": 0.05555555555555555, "ei": 0.00013294336612603032, "omaksi": 0.022222222222222223, "ker\u00e4t\u00e4\u00e4n": 0.1, "toisaalta": 0.0014326647564469914, "kieltenv\u00e4lisen": 1.0, "n\u00e4it\u00e4": 0.0031446540880503146, "jos": 0.0007518796992481203, "m\u00e4\u00e4ritelty": 0.023809523809523808, "v\u00e4ltt\u00e4m\u00e4tt\u00e4": 0.0038314176245210726, "kieliopeissa": 0.02702702702702703, "termej\u00e4": 0.046511627906976744, "syist\u00e4": 0.011627906976744186, "kieliopeista": 0.16666666666666666, "kategoriakseen": 0.3333333333333333, "kiel-ten": 1.0, "kunkin": 0.01694915254237288, "kuhunkin": 0.16666666666666666, "tunnettu": 0.018867924528301886, "evidentiaalisuutta": 0.6666666666666666, "kuulemalla": 0.3333333333333333, "terminologian": 0.125, "k\u00e4yt\u00e4nn\u00f6n": 0.005555555555555556, "ymm\u00e4rrett\u00e4vyytt\u00e4": 0.5, "m\u00e4\u00e4ritelmi\u00e4": 0.05263157894736842, "kriteerien": 0.125, "kielten": 0.04807692307692308, "termej\u00e4\\n\\naihetta": 1.0, "aina": 0.0012484394506866417, "vertailu": 0.02040816326530612, "esitell\u00e4\u00e4n": 0.01818181818181818, "n\u00e4kemys": 0.011111111111111112, "l\u00e4hestyt\u00e4\u00e4n": 0.023809523809523808, "k\u00e4ytetty": 0.006153846153846154, "terminologia": 0.02857142857142857, "universalistisen": 1.0, "otettu": 0.014925373134328358, "toi-saalta": 1.0, "kieliopilliset": 0.2, "vaikuttaa": 0.0015748031496062992, "puhuja": 0.027777777777777776, "evidentiaalisuuden": 1.0, "evidentiaalisuusj\u00e4rjestelm\u00e4t": 1.0, "j\u00e4\u00e4neist\u00e4": 0.2, "vertailuk\u00e4sittesiin": 1.0, "osittain": 0.006172839506172839, "my\u00f6s": 0.000846740050804403, "ilmi\u00f6n\u00e4": 0.046511627906976744, "kielet": 0.041666666666666664, "muusta": 0.017241379310344827, "toteutetaan": 0.03125, "k\u00e4sitett\u00e4": 0.013888888888888888, "kategorioista": 0.125, "mahdollista": 0.0019120458891013384, "yleisi\u00e4": 0.014492753623188406, "erottuvuus": 1.0, "aineistosta": 0.005952380952380952, "niiden": 0.0009578544061302681, "vaihtelevaa": 0.09090909090909091, "saada": 0.0028089887640449437, "kuvattu": 0.01818181818181818, "ego-evidentiaalisuuden": 1.0, "kuin": 0.0006844626967830253, "muissa": 0.009345794392523364, "esiintyy": 0.004484304932735426, "tai": 0.0006256517205422315, "vertailun": 0.027777777777777776, "kuvauskategorioiden": 1.0, "sensorisen": 0.5, "tulisi": 0.005037783375314861, "juuri": 0.004056795131845842, "joita": 0.0018552875695732839, "vai": 0.002652519893899204, "il-maisua": 1.0, "samankaltaisia": 0.02631578947368421, "aineistona": 0.029411764705882353, "perustuvat": 0.016129032258064516, "eiv\u00e4t": 0.0007710100231303007, "vaikka": 0.000864304235090752, "niin": 0.00042301184433164127, "erityisesti": 0.0014326647564469914, "ominaisuuksiin": 0.025, "p\u00e4\u00e4ttelem\u00e4ll\u00e4": 1.0, "haittaa": 0.037037037037037035, "mik\u00e4": 0.0009182736455463728, "termit": 0.18518518518518517, "tutkielman": 0.0049261083743842365, "selvi\u00e4\u00e4": 0.02564102564102564, "sijaan": 0.002066115702479339, "yhteen": 0.004975124378109453, "t\u00e4m\u00e4": 0.0005934718100890207, "kuvauksesta": 0.125, "keskityt\u00e4\u00e4n": 0.02857142857142857, "tiedonl\u00e4hteen": 1.0, "k\u00e4sitteist\u00f6n": 1.0, "kategorioissa": 0.5, "sek\u00e4": 0.0004985044865403788, "semanttisesti": 0.03571428571428571, "jotkin": 0.037037037037037035, "ehdoilla": 0.06666666666666667, "conjecture": 0.03333333333333333, "ongelmiin": 0.03125, "ter-mien": 1.0, "n\u00e4k\u00f6kulmasta": 0.002173913043478261, "saannin": 0.3333333333333333, "monta": 0.011111111111111112,