{"national": 0.0111731843575419, "kirkot": 0.02564102564102564, "ortodoksien": 0.5, "than": 0.017543859649122806, "cases": 0.07692307692307693, "m\u00e4\u00e4r\u00e4n": 0.0047169811320754715, "previously": 0.16666666666666666, "1920-luvulta": 0.037037037037037035, "virisi": 0.1111111111111111, "aiemmin": 0.0010799136069114472, "olemassa": 0.0011918951132300357, "jo": 0.0002802690582959641, "not": 0.004629629629629629, "choice": 0.09090909090909091, "suurempi": 0.00398406374501992, "vernacular": 0.25, "oman": 0.0006381620931716656, "architecture": 0.2692307692307692, "taken": 0.037037037037037035, "kulttuuriperint\u00f6": 0.05, "built": 0.07692307692307693, "kirkkoihin": 0.16666666666666666, "pyh\u00e4kk\u00f6arkkitehtuurin": 1.0, "despite": 0.16666666666666666, "on": 0.00015610974515084105, "effacing": 1.0, "kirkkoarkkitehtuurin": 0.75, "historian": 0.0012706480304955528, "shows": 0.04, "but": 0.012195121951219513, "karelia": 0.1111111111111111, "style": 0.10810810810810811, "first": 0.009345794392523364, "example": 0.038461538461538464, "sis\u00e4tilojen": 0.3333333333333333, "ven\u00e4j\u00e4lt\u00e4": 0.07692307692307693, "k\u00e4ytyj\u00e4": 0.125, "1920s": 0.25, "russia": 0.0625, "etsitt\u00e4ess\u00e4": 0.14285714285714285, "\\n\\nthe": 0.011627906976744186, "valta-asemasta": 1.0, "karelian-style": 1.0, "russian": 0.045454545454545456, "ascetic": 0.5, "chapel": 0.6666666666666666, "traditional": 0.038461538461538464, "explicated": 1.0, "eclecticism": 1.0, "puupyh\u00e4kk\u00f6arkkitehtuurista": 1.0, "sek\u00e4": 0.0002857959416976279, "financial": 0.25, "t\u00e4st\u00e4": 0.0009182736455463728, "already": 0.07692307692307693, "phenomenon": 0.041666666666666664, "proceeded": 0.5, "muokkaamista": 0.14285714285714285, "toimenpiteit\u00e4": 0.0136986301369863, "interwar": 0.4, "ajalta": 0.010101010101010102, "only": 0.0136986301369863, "ja": 0.00013353251934135086, "building": 0.041666666666666664, "sensitive": 0.14285714285714285, "kansallista": 0.008849557522123894, "ilmi\u00f6": 0.003968253968253968, "situation": 0.047619047619047616, "kutsutusta": 0.16666666666666666, "painopisteessa": 1.0, "osoittaa": 0.003236245954692557, "kirkkotaiteen": 1.0, "pointed": 1.0, "tutkimuksen": 0.00031665611146295124, "1930s": 0.5, "t\u00e4rkeit\u00e4": 0.0038461538461538464, "imperial": 0.25, "kiinnitt\u00e4\u00e4": 0.0053475935828877, "siivoaminen": 0.3333333333333333, "reconstructs": 0.5, "toteuttama": 0.1111111111111111, "commissioned": 1.0, "complex": 0.08333333333333333, "museoviranomaiset": 1.0, "suomalaiskansalliseksi": 1.0, "suomalais-karjalaista": 1.0, "keskeisi\u00e4": 0.008333333333333333, "architect": 0.5, "toteutukset": 0.1, "nojasi": 0.04, "kappelien": 1.0, "contemporary": 0.024390243902439025, "kirkkoarkkitehtuurityyli\u00e4": 1.0, "ven\u00e4l\u00e4ist\u00e4": 0.058823529411764705, "between": 0.005154639175257732, "anti-russian": 1.0, "unwanted": 1.0, "against": 0.045454545454545456, "toisaalta": 0.0006527415143603133, "negative": 0.14285714285714285, "are": 0.002976190476190476, "aikana": 0.0010834236186348862, "piirist\u00e4": 0.02631578947368421, "artefacts": 1.0, "t\u00e4ss\u00e4": 0.00028538812785388126, "is": 0.0018248175182481751, "civil": 0.14285714285714285, "other": 0.0036363636363636364, "reveals": 0.09090909090909091, "disfiguring": 1.0, "discourse": 0.029411764705882353, "shortly": 1.0, "were": 0.006644518272425249, "jatkumot": 0.5, "roots": 0.14285714285714285, "for": 0.0018331805682859762, "argued": 0.3333333333333333, "years": 0.013513513513513514, "huomiota": 0.0016207455429497568, "kohdistettiin": 0.08333333333333333, "organising": 1.0, "\\n\\ntutkimukseni": 0.3333333333333333, "mapping": 0.05555555555555555, "shaping": 0.14285714285714285, "garrison": 0.5, "kansallistamisty\u00f6n": 1.0, "to": 0.0010251153254741158, "kirkkojen": 0.02631578947368421, "churches": 0.15, "millaisia": 0.006042296072507553, "kansallistuttamiskomitea": 1.0, "appears": 0.1111111111111111, "this": 0.0026595744680851063, "ortodoksisen": 0.21428571428571427, "growing": 0.09090909090909091, "kulttuuripiirist\u00e4": 0.5, "h\u00e4ivytt\u00e4minen": 0.3333333333333333, "eliminating": 0.5, "kulttuurin": 0.0019193857965451055, "reflected": 0.07692307692307693, "way": 0.014705882352941176, "\\n\\nuusi": 1.0, "sotasaalisviranomaiset": 1.0, "army": 0.125, "thus": 0.07692307692307693, "l\u00e4ht\u00f6kohtia": 0.015151515151515152, "vuoden": 0.0005027652086475615, "russianness": 1.0, "kuin": 0.00013000520020800833, "alttari": 0.14285714285714285, "perustuikin": 0.5, "during": 0.008928571428571428, "tutkimukseni": 0.0029985007496251873, "terms": 0.041666666666666664, "sotienv\u00e4liselt\u00e4": 1.0, "sis\u00e4ltynyt": 0.08333333333333333, "cleaned": 1.0, "region": 0.02702702702702703, "kansallisen": 0.0032258064516129032, "valtion": 0.0031201248049922, "esimerkkej\u00e4": 0.00392156862745098, "heritage": 0.037037037037037035, "concrete": 0.14285714285714285, "arkkitehtuuritradition": 1.0, "authorities": 0.2222222222222222, "kaksi": 0.0008, "antiquarian": 0.5, "entirety": 0.3333333333333333, "finnish": 0.01545253863134658, "border": 0.08333333333333333, "mallia": 0.005780346820809248, "of": 0.0033125745329269907, "laajaan": 0.023809523809523808, "riisumiseen": 1.0, "dichotomy": 0.25, "virallista": 0.019230769230769232, "exterior": 1.0, "plans": 0.25, "new": 0.0036188178528347406, "sis\u00e4lt\u00f6\u00e4": 0.005208333333333333, "selvit\u00e4n": 0.03225806451612903, "congregations": 0.5, "j\u00e4lkimm\u00e4isess\u00e4": 0.034482758620689655, "ven\u00e4l\u00e4isen": 0.011111111111111112, "there": 0.006097560975609756, "addition": 0.029411764705882353, "esiin": 0.0007968127490039841, "wooden": 0.5, "foreign": 0.030303030303030304, "toteuttamisesta": 0.037037037037037035, "1937": 0.003401360544217687, "sisustettiin": 1.0, "veikko": 0.010526315789473684, "examines": 0.04, "kirkkokunnan": 1.0, "toimijoita": 0.01282051282051282, "investigated": 0.16666666666666666, "interior": 0.5, "katkokset": 0.3333333333333333, "karjalaisesta": 0.25, "prominent": 0.25, "tarkastelee": 0.014388489208633094, "painopistett\u00e4": 0.14285714285714285, "and": 0.0019056693663649356, "asiakirja": 0.038461538461538464, "more": 0.006666666666666667, "yhteytt\u00e4": 0.00425531914893617, "ortodoksisesta": 0.3333333333333333, "representing": 0.3333333333333333, "away": 0.14285714285714285, "mutta": 0.0001437607820586544, "objects": 0.5, "that": 0.016877637130801686, "model": 0.010416666666666666, "ep\u00e4toivottu": 1.0, "toiseksi": 0.00398406374501992, "uuden": 0.0019588638589618022, "yksitt\u00e4isi\u00e4": 0.009900990099009901, "forbidden": 1.0, "menetelmi\u00e4": 0.00847457627118644, "ett\u00e4": 0.00019871826717671022, "eklektismiin": 1.0, "rajank\u00e4ynnit": 1.0, "kappelit": 0.5, "voidaan": 0.00045589240939138365, "byzantine": 1.0, "origin": 0.03571428571428571, "isolated": 0.3333333333333333, "secondly": 0.25, "aikalaiskeskusteluja": 1.0, "toiminut": 0.005154639175257732, "1918": 0.028169014084507043, "great": 0.018518518518518517, "ovat": 0.0002854967643700038, "olleilla": 0.1, "suunnitelmat": 0.023809523809523808, "also": 0.01744186046511628, "jolla": 0.0012706480304955528, "imply": 0.5, "landscape": 0.004878048780487805, "dissertation": 0.10526315789473684, "although": 0.05, "1939": 0.0149812734082397, "had": 0.010309278350515464, "second": 0.007751937984496124, "mystisyyden": 0.5, "\\n\\nfirstly": 1.0, "kirkon": 0.002197802197802198, "omaisuuden": 0.07142857142857142, "suomalaisen": 0.0006605019815059445, "toimijana": 0.004608294930875576, "impact": 0.023255813953488372, "as": 0.001160092807424594, "state": 0.024390243902439025, "karelian": 0.027777777777777776, "kirkkoarkkitehtuurista": 1.0, "suomalaismielinen": 1.0, "olleisiin": 0.09090909090909091, "karelian-finnish": 1.0, "jatkettu": 0.125, "revealing": 0.2, "finland": 0.011705685618729096, "tiedetty": 0.038461538461538464, "sellaisia": 0.003389830508474576, "huolimatta": 0.0014326647564469914, "pidetty": 0.0030959752321981426,