{"scale": 0.000946969696969697, "joko": 0.003257328990228013, "k\u00e4ytt\u00f6": 0.003289473684210526, "used": 0.00010995052226498076, "videos": 0.017241379310344827, "than": 0.0001424298532972511, "piirteit\u00e4": 0.006060606060606061, "analysoijaa\\n\\ntulokset": 1.0, "class-mittarin": 1.0, "consisted": 0.004545454545454545, "arvoihin": 0.05, "oppitunneilla": 0.21428571428571427, "tavoitteet": 0.009174311926605505, "draamatunneilla": 1.0, "laadullinen": 0.0196078431372549, "amount": 0.0008605851979345956, "oppituntien": 0.06666666666666667, "pisteytykseen": 1.0, "feedback": 0.035483870967741936, "been": 9.237875288683603e-05, "lesson": 0.017543859649122806, "6\u20137": 0.06666666666666667, "ty\u00f6tavat": 0.07692307692307693, "nelj\u00e4ll\u00e4": 0.25, "laadulla": 0.1, "ilmeet": 0.125, "assessment": 0.002036659877800407, "tilan": 0.016129032258064516, "classroompalautteen": 1.0, "on": 0.00015942288914130845, "higher": 0.00044603033006244426, "osallistui": 0.013333333333333334, "shows": 0.0008012820512820513, "antama": 0.11538461538461539, "draamatunneilla\\n\\nmenetelm\u00e4t": 1.0, "draamatunneista": 1.0, "four": 0.0014577259475218659, "and": 4.095507228570259e-05, "quality": 0.00472972972972973, "tutkimuksessa": 0.002824858757062147, "investigate": 0.002652519893899204, "opetusharjoittelijaa": 1.0, "defined": 0.0016025641025641025, "johtop\u00e4\u00e4t\u00f6kset": 0.010309278350515464, "luotettavuuden": 0.03571428571428571, "pinnallisesti": 0.2, "vertaillaan": 0.1, "got": 0.007194244604316547, "analysointiin": 0.2, "laadun": 0.01744186046511628, "tarkastellaan": 0.006993006993006993, "also": 0.00011971746677840296, "actions": 0.0016339869281045752, "pisteytt\u00e4m\u00e4ll\u00e4": 1.0, "although": 0.0004952947003467063, "n\u00e4hd\u00e4\u00e4n": 0.004545454545454545, "context": 0.00042716787697565144, "had": 0.00016753224995811694, "v\u00e4h\u00e4n": 0.0020408163265306124, "seen": 0.0004506534474988734, "use": 0.00020403999183840033, "sanattomassa": 1.0, "class-mittari": 1.0, "laatua": 0.012987012987012988, "ei": 0.00013294336612603032, "as": 2.1076592336551027e-05, "palaute": 0.15789473684210525, "trainees": 0.6, "matter": 0.0008223684210526315, "sanallisen": 0.3333333333333333, "kaikilla": 0.011235955056179775, "laatu": 0.005208333333333333, "teachers": 0.002617801047120419, "koostui": 0.01639344262295082, "does": 0.0002782415136338342, "p\u00e4tev\u00e4\u00e4": 0.5, "opettajien": 0.004784688995215311, "laadukkaampaa": 0.5, "ja": 0.00014744550659818642, "study": 0.00042176296921130323, "class-ty\u00f6kalun": 1.0, "videolla": 0.3333333333333333, "huomioida": 0.01282051282051282, "develop": 0.001589825119236884, "some": 0.00013610997686130393, "secondary": 0.001564945226917058, "viestint\u00e4": 0.045454545454545456, "that": 3.973773097556129e-05, "tutkimuksen": 0.0016299918500407497, "lessons\\n\\nmethods": 1.0, "were": 0.00012665442340573744, "perfunctory": 0.3333333333333333, "1\u20137": 0.05128205128205128, "ylt\u00e4nyt": 0.25, "expressions": 0.0024875621890547263, "quantitative": 0.0017761989342806395, "kun": 0.00043956043956043956, "oli": 0.0002827654460624912, "havainnointity\u00f6kalun": 1.0, "teacher\u2019s": 0.023529411764705882, "grades": 0.006993006993006993, "v\u00e4li\u00e4": 0.0625, "objectives": 0.007874015748031496, "luokanopettajaa": 0.16666666666666666, "every": 0.0009784735812133072, "huomioidaan": 0.02631578947368421, "videot": 0.125, "addition": 0.00038714672861014324, "none": 0.0035211267605633804, "toimivaksi": 0.09090909090909091, "palautteen": 0.25925925925925924, "palautetta": 0.022727272727272728, "p\u00e4tevien": 0.5, "qualitative": 0.0012121212121212121, "tarkastella": 0.005847953216374269, "analysoitiin": 0.02, "tutkimus": 0.0015220700152207, "kvantitatiivisen": 0.14285714285714285, "purpose": 0.0017271157167530224, "soveltuvuutta": 0.047619047619047616, "class\\n\\nresults": 1.0, "video": 0.0053475935828877, "material": 0.00046992481203007516, "tapaustutkimus": 0.03225806451612903, "eleet": 0.14285714285714285, "suitable": 0.0018796992481203006, "measures": 0.0015625, "aim": 0.0019743336623889436, "for": 2.088205813564985e-05, "by": 3.515803536898358e-05, "aineiston": 0.0024937655860349127, "system": 0.0006144393241167435, "tulee": 0.0014727540500736377, "aikaisemmin": 0.006134969325153374, "or": 4.915454187966968e-05, "to": 2.6747980527470175e-05, "considering": 0.002457002457002457, "annettiin": 0.015151515151515152, "my\u00f6s": 0.00014112334180073385, "this": 6.921373200442968e-05, "high": 0.00037313432835820896, "havainnoitiin": 1.0, "classroom": 0.004889975550122249, "research": 0.00026748696001069946, "was": 3.961808169248445e-05, "qualified": 0.020833333333333332, "asteikolla": 0.1, "lessons": 0.059322033898305086, "section": 0.0002937720329024677, "matalaa": 0.3333333333333333, "data": 0.00013083867591259977, "is": 0.00010411244143675169, "videoiduista": 0.5, "sis\u00e4lt\u00e4\u00e4": 0.004098360655737705, "tutkimusaineisto": 0.02564102564102564, "kuin": 0.00034223134839151266, "scoring": 0.05555555555555555, "tai": 0.00020855057351407716, "when": 0.00013176966662274345, "luonteeltaan": 0.017857142857142856, "oppitunneista": 0.5, "compare": 0.003205128205128205, "viestinn\u00e4ss\u00e4": 0.0625, "drama": 0.0847457627118644, "facial": 0.02702702702702703, "test": 0.0007716049382716049, "siin\u00e4": 0.0012853470437017994, "non-verbal": 0.015625, "class": 0.0027502750275027505, "conclusions": 0.0016611295681063123, "middle-range": 0.2, "kaksi": 0.001644736842105263, "antaman": 0.13333333333333333, "luokanopettajien": 0.3333333333333333, "mik\u00e4\u00e4n": 0.0136986301369863, "opetusharjoittelijoiden": 1.0, "of": 8.059087332062842e-05, "joka": 0.00037593984962406017, "sanaton": 0.3333333333333333, "analyse": 0.0034602076124567475, "parantamiseksi": 0.05263157894736842, "low": 0.0011142061281337048, "analysoiduilla": 1.0, "in": 4.6709951221465225e-05, "opettajan": 0.019801980198019802, "filmed": 0.2, "korkeisiin": 0.3333333333333333, "teacher": 0.0019933554817275745, "space": 0.0004885197850512946, "includes": 0.0014084507042253522, "tool": 0.002751031636863824, "tavoitteena": 0.003355704697986577, "arvioidaan": 0.027777777777777776, "using": 0.00020312817387771684, "case": 0.00024277737314882253, "the": 6.506851172046568e-05, "observation": 0.001851851851851852, "analysed": 0.006172839506172839, "analysing": 0.003278688524590164, "lis\u00e4ksi": 0.001148105625717566, "keskitasoista": 1.0, "mittarilla": 0.3333333333333333}