{"national": 0.0223463687150838, "concluded": 0.5, "arvoihin": 0.004651162790697674, "draw": 0.09090909090909091, "noted": 0.5, "kasvohunnuista": 1.0, "tutkittuja": 0.16666666666666666, "not": 0.009259259259259259, "been": 0.02830188679245283, "\\n\\nfinally": 0.5, "contemporary": 0.024390243902439025, "examination": 0.125, "discuss": 0.2, "esiin": 0.0007968127490039841, "body": 0.02, "large": 0.02631578947368421, "analyysia": 0.015873015873015872, "uskontona": 0.034482758620689655, "on": 9.756859071927564e-05, "toimia": 0.0018214936247723133, "t\u00e4ydent\u00e4m\u00e4\u00e4n": 0.04, "shows": 0.04, "but": 0.006097560975609756, "peitt\u00e4v\u00e4n": 0.5, "selvitysryhmien": 1.0, "more": 0.013333333333333334, "kannalta": 0.0012690355329949238, "full": 0.2692307692307692, "kasvohunnut": 1.0, "studies": 0.003236245954692557, "work": 0.0078125, "threatening": 1.0, "islamista": 0.16666666666666666, "nor": 0.058823529411764705, "uskonto": 0.0024096385542168677, "variety": 0.1111111111111111, "molempiin": 0.023809523809523808, "k\u00e4sitteist\u00f6n": 0.1111111111111111, "tavoin": 0.0010319917440660474, "v\u00e4littyy": 0.024390243902439025, "done": 0.07692307692307693, "\\n\\nthe": 0.023255813953488372, "k\u00e4ytt\u00e4minen": 0.020202020202020204, "use": 0.020689655172413793, "kesken\u00e4\u00e4n": 0.00273224043715847, "aiempaa": 0.0072992700729927005, "yhteiskunnalle": 0.020833333333333332, "stranger": 1.0, "merkitt\u00e4vien": 0.037037037037037035, "ristiriitainen": 0.037037037037037035, "sek\u00e4": 9.52653138992093e-05, "n\u00e4kemyst\u00e4": 0.009009009009009009, "suggested": 0.16666666666666666, "se": 0.000209885612341274, "issues": 0.018518518518518517, "public": 0.009174311926605505, "does": 0.023809523809523808, "periaatteet": 0.008403361344537815, "ja": 0.000175261431635523, "headscarves": 1.0, "identiteetin": 0.004132231404958678, "insights": 0.09090909090909091, "sphere": 0.047619047619047616, "result": 0.038461538461538464, "poliitikkojen": 0.02564102564102564, "ranskalaiselle": 0.6666666666666666, "derived": 1.0, "ovat": 0.00019033117624666921, "p\u00e4\u00e4huivit": 1.0, "p\u00e4\u00e4omaan": 0.25, "huomio": 0.006578947368421052, "mostly": 0.16666666666666666, "usefulness": 0.3333333333333333, "her\u00e4tt\u00e4neet": 0.05263157894736842, "pukeutumisesta": 0.125, "headscarf": 1.0, "were": 0.0033222591362126247, "ohjaa": 0.0070921985815602835, "hearings": 1.0, "us": 0.015384615384615385, "debates": 0.1875, "pohjautuvan": 0.02564102564102564, "halutaan": 0.0072992700729927005, "\\n\\ntutkimuksessa": 0.2, "perceptions": 0.09090909090909091, "categorization": 0.2, "examines": 0.08, "ongelmalliseksi": 0.038461538461538464, "ole": 0.0003402517863218782, "arvoista": 0.01015228426395939, "generally": 0.1, "far": 0.1111111111111111, "samalla": 0.0005417118093174431, "tuomalla": 0.043478260869565216, "ei": 5.779010633379565e-05, "existing": 0.14285714285714285, "kuulemistilaisuuksia": 0.5, "avulla": 0.00032268473701193933, "are": 0.002976190476190476, "pyrkii": 0.004291845493562232, "islamin": 0.21428571428571427, "their": 0.004048582995951417, "p\u00e4\u00e4huivi": 1.0, "presents": 0.14285714285714285, "rajata": 0.02702702702702703, "analyysimallin": 1.0, "respectively": 1.0, "transcripts": 1.0, "jopa": 0.0009372071227741331, "teorioiden": 0.013888888888888888, "planeetalta": 1.0, "ranskalaisuuden": 1.0, "first": 0.009345794392523364, "aim": 0.04, "nationalism": 0.05555555555555555, "aineiston": 0.002162162162162162, "jean-louis": 0.16666666666666666, "tavalla": 0.0008496176720475786, "johtamien": 0.2, "with": 0.00196078431372549, "to": 0.0035879036391594054, "values": 0.006172839506172839, "lausumiin": 0.5, "kasvot": 0.017543859649122806, "this": 0.005319148936170213, "yleens\u00e4": 0.0009328358208955224, "eliitin": 0.0425531914893617, "especially": 0.04, "mainly": 0.038461538461538464, "julkisilla": 0.14285714285714285, "euroopassa": 0.005494505494505495, "ponders": 1.0, "keskustelua": 0.0024630541871921183, "widely": 0.08333333333333333, "yksitt\u00e4isell\u00e4": 0.125, "data": 0.014218009478672985, "little-studied": 1.0, "is": 0.005474452554744526, "neither": 0.2, "theoretical": 0.02, "2000-luvun": 0.014705882352941176, "kuin": 0.00013000520020800833, "islam": 0.3157894736842105, "keskusteluissa": 0.014184397163120567, "suhteutetaan": 0.1111111111111111, "laajaa": 0.011764705882352941, "joita": 0.001417434443656981, "enable": 0.16666666666666666, "kansallisen": 0.0032258064516129032, "entirely": 0.25, "claim": 0.3333333333333333, "jne": 0.0049504950495049506, "k\u00e4ydyiss\u00e4": 0.15384615384615385, "perinteisesti": 0.006134969325153374, "capital": 0.038461538461538464, "debr\u00e9": 1.0, "arvot": 0.000946969696969697, "threefold": 0.5, "n\u00e4kemyksemme": 0.08333333333333333, "of": 0.0023850536637074335, "binary": 0.125, "joka": 0.00026680896478121667, "categories": 0.05263157894736842, "schools": 0.019230769230769232, "periaatteista": 0.07692307692307693, "analysoimalla": 0.058823529411764705, "vs": 0.0037174721189591076, "keskeisist\u00e4": 0.0196078431372549, "approach": 0.009615384615384616, "dealing": 0.25, "tutkijoiden": 0.005154639175257732, "new": 0.0024125452352231603, "2003": 0.000725689404934688, "p\u00e4\u00e4huivin": 1.0, "huntunsa": 1.0, "tools": 0.034482758620689655, "gerinin": 1.0, "veil": 1.0, "vilkasta": 0.05, "uskontoaan": 0.5, "tutkimuskirjallisuutta": 0.0625, "tietyt": 0.007407407407407408, "third": 0.025, "naisista": 0.024390243902439025, "france": 0.07692307692307693, "moninaisia": 0.05, "looked": 0.25, "vahvasti": 0.0030864197530864196, "vaikuttaakin": 0.0625, "republikanismille": 1.0, "focus": 0.02702702702702703, "nuanced": 1.0, "scholarly": 1.0, "kyseenalaistaa": 0.014925373134328358, "notably": 1.0, "parliamentary": 0.16666666666666666, "muslimityt\u00f6ist\u00e4": 1.0, "musliminaiset": 1.0, "mutta": 0.0001437607820586544, "heid\u00e4n": 0.0006983240223463687, "that": 0.010548523206751054, "pohjalta": 0.0011862396204033216, "kasvohuntukeskustelut": 1.0, "paikoilla": 0.05, "identity": 0.028037383177570093, "uhmaavan": 0.5, "j\u00e4rjest\u00f6johtajien": 0.3333333333333333, "organized": 0.125, "ett\u00e4": 9.935913358835511e-05, "commissions": 1.0, "toiseudesta": 0.2, "ranskalaiseen": 0.07692307692307693, "political": 0.004694835680751174, "n\u00e4ky\u00e4": 0.014084507042253521, "social": 0.002336448598130841, "yhteen": 0.0019083969465648854, "muslims": 1.0, "others": 0.038461538461538464, "tasavaltaa": 0.3333333333333333, "great": 0.018518518518518517, "and": 0.0028585040495474035, "discursive": 0.1111111111111111, "katsotaan": 0.0072992700729927005, "identities": 0.038461538461538464, "tutkimuksessa": 0.0006195786864931846, "aineistossa": 0.0034129692832764505, "harjoittaako": 1.0, "musliminaisten": 0.5, "instead": 0.058823529411764705, "they": 0.009009009009009009, "parlamentaaristen": 0.3333333333333333, "kautta": 0.00037593984962406017, "tasavaltaan": 0.3333333333333333, "discourse-historical": 0.5, "ep\u00e4selvyytt\u00e4": 0.14285714285714285, "soveltuu": 0.011363636363636364, "hyvin": 0.00039184952978056425, "tarkastellaan": 0.0016420361247947454, "also": 0.005813953488372093, "olevaan": 0.006329113924050633, "l\u00e4hestymistapaan": 0.029411764705882353, "v\u00e4h\u00e4n": 0.0013315579227696406, "second": 0.007751937984496124, "poliittisen": 0.005555555555555556, "kysyt\u00e4\u00e4n": 0.02631578947368421, "perusteella": 0.0006165228113440197, "though": 0.25, "as": 0.004640371229698376, "state": 0.012195121951219513, "ennemmin": 0.0064516129032258064, "rakentamista": 0.012048192771084338, "perspective": 0.031746031746031744, "toistaiseksi": 0.008849557522123894, "so": 0.005813953488372093, "piirtyv\u00e4t": 0.16666666666666666, "analysoidaan": 0.023255813953488372, "vaatekappaleiksi": 1.0, "sit\u00e4": 0.00022825838849577722, "arvojen": 0.0012515644555694619, "huivinsa": 0.5, "\\n\\np\u00e4\u00e4huivit": 1.0, "maalliseen": 0.16666666666666666, "harjoittajina": 0.5,