{"muassa": 0.001953125, "environment": 0.0012437810945273632, "voida": 0.0070921985815602835, "than": 0.0002848597065945022, "piirteit\u00e4": 0.006060606060606061, "joten": 0.0019193857965451055, "entisest\u00e4\u00e4n": 0.019230769230769232, "viiveinen": 1.0, "not": 4.378092027494418e-05, "puhetta": 0.0425531914893617, "puheen": 0.010309278350515464, "keskittyv\u00e4\u00e4": 0.16666666666666666, "esiin": 0.0018018018018018018, "leon": 0.13333333333333333, "\u00e4itins\u00e4": 0.07142857142857142, "vuorovaikutuksessa": 0.0297029702970297, "ep\u00e4symmetrisyytt\u00e4": 1.0, "individual": 0.00045558086560364467, "on": 0.00019927861142663558, "keinoihin": 0.07142857142857142, "tuloksia": 0.007518796992481203, "tukivat": 0.04, "ep\u00e4symmetrisyys": 1.0, "atypical": 0.017241379310344827, "kehitys": 0.009615384615384616, "acquisition": 0.005050505050505051, "paljon": 0.0010570824524312897, "keinot": 0.018867924528301886, "kielellisen": 0.09090909090909091, "examine": 0.004728132387706856, "studies": 0.00037167812674224123, "tutkimushavaintojen": 1.0, "participant": 0.005747126436781609, "hallitsevammilta": 1.0, "therapy": 0.002105263157894737, "videotaped": 0.1, "monia": 0.007518796992481203, "use": 0.00040807998367680065, "seem": 0.0008019246190858059, "merkitys": 0.0024752475247524753, "lastentarhanopettajalla": 1.0, "jatkua": 0.08333333333333333, "vuorovaikutusfunktiot": 1.0, "young": 0.001597444089456869, "tutkimusta": 0.004524886877828055, "aktiivisen": 0.02127659574468085, "sek\u00e4": 0.0012462612163509472, "puheterapiaa": 0.25, "abstract\\n\\nbackground": 1.0, "ymp\u00e4rist\u00f6ss\u00e4\u00e4n": 0.14285714285714285, "\u00e4iti\u00e4": 0.18181818181818182, "koostui": 0.01639344262295082, "counting": 0.005434782608695652, "selvitet\u00e4\u00e4n": 0.034482758620689655, "does": 0.0002782415136338342, "aikuisten": 0.022727272727272728, "ja": 0.00029489101319637285, "vaikuttavat": 0.0038022813688212928, "modes": 0.003883495145631068, "kehity": 0.25, "reciprocal": 0.007407407407407408, "child": 0.004429678848283499, "way": 0.000643293663557414, "tulokset": 0.0035335689045936395, "adultskielenkehitykselt\u00e4\u00e4n": 1.0, "kannustivat": 0.2, "tarjota": 0.016666666666666666, "tutkimuksen": 0.004074979625101874, "were": 0.0003166360585143436, "having": 0.001, "vuorovaikutuksen": 0.029850746268656716, "pulmia": 0.6666666666666666, "lapsien": 0.16666666666666666, "kielenkehitykselt\u00e4\u00e4n": 1.0, "arjessa\\n\\nmenetelm\u00e4t": 1.0, "moves": 0.008695652173913044, "ole": 0.0004130524576621231, "vuorovaikutuksesta": 0.047619047619047616, "partner": 0.013157894736842105, "pystyy": 0.012658227848101266, "symmetrist\u00e4": 1.0, "vuorovaikutustilanteissa": 0.5, "m\u00e4\u00e4r\u00e4": 0.0028011204481792717, "between": 0.0005075111652456354, "k\u00e4ytetyt": 0.017241379310344827, "kehityksess\u00e4\u00e4n": 0.25, "molempien": 0.008620689655172414, "suomalaista": 0.01282051282051282, "ei": 0.0003988300983780909, "tukevilla": 1.0, "toisaalta": 0.0014326647564469914, "active": 0.0022123893805309734, "are": 2.8354315526823182e-05, "aikana": 0.001091703056768559, "leo\u2019s": 1.0, "analysoitiin": 0.02, "their": 7.744133818632385e-05, "rooli": 0.009478672985781991, "communication": 0.0036798528058877645, "purpose": 0.0017271157167530224, "viiveisen": 1.0, "tukeviin": 0.5, "aktiiviseen": 0.058823529411764705, "selvitt\u00e4\u00e4": 0.005291005291005291, "tapaustutkimus": 0.06451612903225806, "yleisi\u00e4": 0.014492753623188406, "videoiduista": 0.5, "l\u00e4hiaikuisten": 1.0, "aineiston": 0.0024937655860349127, "monipuolisesti": 0.02564102564102564, "however": 0.00014174344436569808, "made": 0.000437636761487965, "abstrakt": 0.18181818181818182, "even": 0.00035555555555555557, "with": 8.533636751528944e-05, "to": 7.13279480732538e-05, "millaisia": 0.011235955056179775, "osallistumiseen": 0.09090909090909091, "haastateltiin": 0.06666666666666667, "this": 0.0001730343300110742, "m\u00e4\u00e4r\u00e4\u00e4": 0.012048192771084338, "merkitt\u00e4v\u00e4": 0.007042253521126761, "keino": 0.015384615384615385, "lasten": 0.002777777777777778, "data": 0.00013083867591259977, "lapsella": 0.1111111111111111, "dominant": 0.0031645569620253164, "is": 5.9492823678143824e-05, "ilmaisukeinoja": 1.0, "t\u00e4m\u00e4n": 0.0029651593773165306, "pieni\u00e4": 0.013513513513513514, "child\u2019s": 0.029197080291970802, "kommunikointiin": 0.5, "when": 0.00013176966662274345, "initiations": 0.13333333333333333, "adults": 0.02425876010781671, "tutkimuksissa": 0.008695652173913044, "participated": 0.0036363636363636364, "interaction": 0.011472275334608031, "siin\u00e4": 0.0012853470437017994, "dominating": 0.023255813953488372, "entirely": 0.004048582995951417, "number": 0.00026616981634282674, "sis\u00e4lt\u00e4m\u00e4t": 0.08333333333333333, "v\u00e4lill\u00e4": 0.00234192037470726, "lastentarhanopettajansa": 1.0, "eiv\u00e4t": 0.0007710100231303007, "results": 0.0007499062617172854, "interviewed": 0.003703703703703704, "finnish": 0.00042069835927639884, "aloitteellinen": 0.5, "kahdenkeskiset": 1.0, "of": 8.059087332062842e-05, "experiences": 0.000881057268722467, "children": 0.0015372790161414297, "joka": 0.00037593984962406017, "language": 0.0015833521827640805, "keruun": 0.16666666666666666, "t\u00e4m\u00e4": 0.0005934718100890207, "siirtym\u00e4t": 0.03333333333333333, "osallistua": 0.016129032258064516, "quite": 0.0008223684210526315, "influence": 0.002162162162162162, "vuorovaikutustilanteista": 1.0, "teacher": 0.0019933554817275745, "there": 0.00011033873993158998, "useissa": 0.017241379310344827, "vuorovaikutushetket": 1.0, "relative": 0.000819672131147541, "by": 7.031607073796716e-05, "analysed": 0.00205761316872428, "kuinka": 0.0014388489208633094, "usein": 0.0009765625, "l\u00e4hiaikuistensa": 1.0, "kommunikointityylin": 1.0, "lapsi": 0.00819672131147541, "tutkitavana": 1.0, "k\u00e4ytti": 0.013157894736842105, "ilmaisun": 0.030303030303030304, "kyseess\u00e4": 0.0036900369003690036, "more": 0.000708842814105972, "life": 0.0003769317753486619, "generalised": 0.03225806451612903, "kaikilta": 0.0625, "heid\u00e4n": 0.00267379679144385, "that": 1.9868865487780646e-05, "vastavuoroista": 0.2, "l\u00e4hiymp\u00e4rist\u00f6n": 0.375, "korvaaviin": 1.0, "v\u00e4lisess\u00e4": 0.02631578947368421, "adult-child-dyads": 1.0, "general": 0.0003673769287288758, "lis\u00e4tutkimuksella": 1.0, "laskettiin": 0.02857142857142857, "examining": 0.005319148936170213, "well": 0.0004506534474988734, "v\u00e4list\u00e4": 0.008, "tue": 0.05263157894736842, "thus": 0.0002834467120181406, "voidaan": 0.0014114326040931546, "speech": 0.0009157509157509158, "kindergarten": 0.017241379310344827, "aiemmissa": 0.04, "hieman": 0.007434944237918215, "everyday": 0.003992015968063872, "equally": 0.002564102564102564, "and": 8.77608691836484e-05, "lapsen": 0.020172910662824207, "concentrating": 0.0196078431372549, "tyypillisesti": 0.010416666666666666, "tutkimuksessa": 0.0014124293785310734, "also": 0.00017957620016760445, "interview\\n\\nmethods": 1.0, "johtop\u00e4\u00e4t\u00f6kset": 0.010309278350515464, "aloitteellisempi": 1.0, "vuorovaikutusta": 0.04, "ihmisten": 0.004219409282700422, "leoa": 1.0, "revealed": 0.0018867924528301887, "provide": 0.0007112375533428165, "kovin": 0.00641025641025641, "v\u00e4linen": 0.005681818181818182, "encouraged": 0.006622516556291391, "had": 0.0003350644999162339, "consists": 0.001443001443001443, "aac-keinojen": 1.0, "styles": 0.021739130434782608, "ep\u00e4tyypillist\u00e4": 0.5, "perusteella": 0.0015313935681470138, "h\u00e4nen": 0.0016488046166529267, "have": 0.00010711225364181663, "aloitteita": 0.2, "as": 6.322977700965309e-05, "keinoilla": 0.037037037037037035, "vuorovaikutukseen": 0.021739130434782608, "dominate": 0.018867924528301886, "korostuu": 0.012987012987012988, "brief": 0.004405286343612335, "received": 0.002044989775051125, "seems": 0.000547645125958379, "role": 0.0018684603886397607, "significant": 0.0016168148746968471, "study": 0.0008435259384226065,