{"odotuksia": 0.02857142857142857, "opetussuunnitelmia\\nkouluissa": 1.0, "vanhaa": 0.029411764705882353, "mukaan": 0.0003502626970227671, "merkkej\u00e4": 0.025, "esittely": 0.037037037037037035, "m\u00e4\u00e4rin": 0.005263157894736842, "j\u00e4rjestettiin": 0.043478260869565216, "koulusta": 0.043478260869565216, "p\u00e4\u00e4sy": 0.1, "j\u00e4nnitteet": 0.125, "ohjaamiseen": 0.14285714285714285, "tiettyyn": 0.018867924528301886, "julkinen": 0.047619047619047616, "liittyv\u00e4": 0.00909090909090909, "mutta": 0.0009633911368015414, "annettu": 0.018518518518518517, "oppilaiden": 0.0022222222222222222, "cygnaeuksen": 1.0, "oppiaineen": 0.038461538461538464, "vastuu": 0.02040816326530612, "mill\u00e4": 0.006622516556291391, "vaan": 0.00078003120124805, "maailmassa": 0.014925373134328358, "uuden": 0.002881844380403458, "oman": 0.001430615164520744, "hirdmanin": 1.0, "aihe": 0.010752688172043012, "lopulla": 0.009345794392523364, "tilaal\u00f6yt\u00f6retki": 1.0, "alueen": 0.005376344086021506, "arvoja": 0.02, "tutkimuskohteena": 0.03125, "kyseenalaistamisesta": 1.0, "oppikirjallisuudessa": 1.0, "naisille": 0.10526315789473684, "opetuksen": 0.011428571428571429, "tilaa\\nopetus": 1.0, "erilaisina": 0.16666666666666666, "sukupuoli": 0.022222222222222223, "edetess\u00e4": 0.03333333333333333, "suuremman": 0.06666666666666667, "fyysiset": 0.16666666666666666, "jyv\u00e4skyl\u00e4n": 0.025974025974025976, "selv\u00e4t": 0.25, "kuitenkin": 0.0005058168942842691, "kehittyi": 0.027777777777777776, "keskikouluissa": 1.0, "kansalais": 0.3333333333333333, "kansalaiskoulu": 0.6666666666666666, "oppilaan": 0.005235602094240838, "uusi": 0.0030581039755351682, "ovat": 0.00025673940949935817, "ammatinvalintaan": 1.0, "jyv\u00e4skyl\u00e4st\u00e4": 1.0, "ammatinvalinnanopetus": 1.0, "paljon": 0.0010570824524312897, "1960-lopulta": 1.0, "vaikkakin": 0.018518518518518517, "kautta": 0.0009505703422053232, "eliitti": 0.2, "ainakin": 0.002840909090909091, "koskeva": 0.01818181818181818, "kohteissa": 0.3333333333333333, "ammatinvalinnanohjausta": 1.0, "edell\u00e4": 0.0034602076124567475, "miesten": 0.02564102564102564, "v\u00e4linen": 0.005681818181818182, "kuten": 0.0011587485515643105, "ettei": 0.0019455252918287938, "luokkateorian": 1.0, "tavoin": 0.0035714285714285713, "opetukseen": 0.02666666666666667, "mahdollisuuksina": 0.5, "ylip\u00e4\u00e4ns\u00e4": 0.01639344262295082, "teoriassa": 0.034482758620689655, "p\u00e4\u00e4osin": 0.011111111111111112, "eroja": 0.006535947712418301, "korosti": 0.041666666666666664, "keskikoulu": 1.0, "silloinkin": 0.05263157894736842, "l\u00e4hinn\u00e4": 0.005714285714285714, "sukupuoliroolit": 0.3333333333333333, "luokkap\u00e4iv\u00e4kirjoja": 1.0, "etujen": 0.07692307692307693, "totuuksina\\nopetus": 1.0, "kiinnostuksen": 0.024096385542168676, "vahvistui": 0.2, "ammatinvalinnanohjaus": 1.0, "yksin": 0.009433962264150943, "l\u00e4hialueita": 1.0, "ominaisuuksissa": 0.3333333333333333, "sek\u00e4": 0.002243270189431705, "sopivilla": 0.2, "ty\u00f6n": 0.001841620626151013, "yksil\u00f6n": 0.014084507042253521, "se": 0.00029507229271171436, "vallitsevan": 0.047619047619047616, "l\u00e4htein\u00e4": 0.08333333333333333, "kohtaan": 0.003215434083601286, "selv\u00e4sti": 0.003389830508474576, "valtakunnallisten": 0.3333333333333333, "kaikkea": 0.004166666666666667, "yhteiskuntaluokkien": 0.14285714285714285, "murros": 0.08333333333333333, "pienemm\u00e4ss\u00e4": 0.16666666666666666, "suuntaan": 0.008064516129032258, "opettajien": 0.004784688995215311, "henkiset": 0.2, "ja": 0.0003194652642960706, "olivat": 0.0005711022272986865, "liikkuvuuden": 0.25, "sis\u00e4lt\u00f6j\u00e4": 0.05, "kotipaikkakuntaa": 1.0, "horjuttanut": 1.0, "jatkokoulutusmahdollisuuksien": 1.0, "mahdollisuuksiin": 0.041666666666666664, "j\u00e4nnite": 0.08333333333333333, "opetus": 0.008771929824561403, "heijastui": 0.05263157894736842, "teorian": 0.008403361344537815, "yvonne": 0.16666666666666666, "jolloin": 0.001524390243902439, "pitk\u00e4lti": 0.012048192771084338, "esimerkiksi": 0.0005227391531625719, "toimintaa": 0.0031545741324921135, "riippuen\\ntutkimusajanjakson": 1.0, "1958\u20131973": 1.0, "yhteiskunnallinen": 0.020833333333333332, "ne": 0.0003795066413662239, "bourdieun": 0.07142857142857142, "yhteiskoulu": 1.0, "toteuttamisessa": 0.09090909090909091, "l\u00e4hell\u00e4": 0.010638297872340425, "ristiriita": 0.05, "koulutuspolkuina": 1.0, "tilanteen": 0.011111111111111112, "oli": 0.0007069136151562279, "johon": 0.0033783783783783786, "lievestuoreelta": 1.0, "aloilla": 0.06666666666666667, "erittelen": 0.09090909090909091, "k\u00e4yt\u00e4n": 0.007407407407407408, "valossa": 0.006666666666666667, "p\u00e4tevyydess\u00e4": 1.0, "ei": 0.00026588673225206064, "eteenp\u00e4in": 0.004672897196261682, "opetuksessa": 0.021505376344086023, "jyv\u00e4skyl\u00e4ss\u00e4": 0.07142857142857142, "asiakirjoja": 0.041666666666666664, "ilmeniv\u00e4t\\nhy\u00f6dynn\u00e4n": 1.0, "n\u00e4enn\u00e4isesti": 0.07692307692307693, "eroille": 0.5, "ammatinvalintaa": 1.0, "ohjeiden": 0.05, "viesti": 0.02702702702702703, "keskittynyt": 0.018518518518518517, "perustui": 0.030303030303030304, "hyv\u00e4ksytyille": 1.0, "asettivat": 0.16666666666666666, "ollut": 0.0005291005291005291, "erot": 0.013333333333333334, "nuorille": 0.017543859649122806, "sai": 0.0026455026455026454, "ammatinvalinnanopetusta": 1.0, "etua": 0.1111111111111111, "lievestuoreella": 1.0, "sukupuolisopimus-teorian": 1.0, "pysyv\u00e4t": 0.07142857142857142, "jossain": 0.008, "asettajat": 1.0, "yleisesti": 0.003968253968253968, "millaisia": 0.0056179775280898875, "j\u00e4nnitteen": 0.2, "opetussis\u00e4ll\u00f6iss\u00e4": 1.0, "mainitut": 0.016666666666666666, "kuului": 0.006172839506172839, "kotipaikkakunta": 0.5, "laukaan": 1.0, "alueellisen": 0.16666666666666666, "ajanjakson": 0.030303030303030304, "analysoin": 0.014492753623188406, "yhteiskunnan": 0.014563106796116505, "oletuksia": 0.14285714285714285, "tila": 0.015384615384615385, "pierre": 0.011363636363636364, "naisten": 0.005434782608695652, "painokkaasti": 0.5, "n\u00e4ht\u00e4viss\u00e4": 0.008849557522123894, "raamien": 0.5, "perhetausta": 0.5, "eritt\u00e4in": 0.0031545741324921135, "rooli": 0.004739336492890996, "asiat": 0.006369426751592357, "neutraaleina": 0.5, "pysyvyyden": 0.5, "suoraan": 0.0036900369003690036, "on": 3.985572228532711e-05, "v\u00e4litt\u00e4mi\u00e4": 0.5, "tavoite": 0.010869565217391304, "nelj\u00e4n": 0.018867924528301886, "vuosina": 0.0035587188612099642, "luotu": 0.02857142857142857, "ep\u00e4suorasti": 0.038461538461538464, "hankintaan": 0.125, "ett\u00e4": 0.00021595939963286903, "siin\u00e4": 0.002570694087403599, "keskisuomalaisissa": 1.0, "kunnallinen": 0.02564102564102564, "miten": 0.0007513148009015778, "v\u00e4lill\u00e4": 0.00234192037470726, "p\u00e4\u00e4asiassa": 0.00546448087431694, "niin": 0.00042301184433164127, "ominaisuudet": 0.01098901098901099, "erityisesti": 0.0014326647564469914, "kannustettiin": 0.25, "tutkin": 0.011235955056179775, "n\u00e4ytt\u00e4ytyiv\u00e4t": 0.125, "erikseen": 0.0070921985815602835, "tutkimukseni": 0.005952380952380952, "ammatinvalinnan": 1.0, "k\u00e4sittelevi\u00e4": 0.06666666666666667, "naisiakin": 1.0, "k\u00e4sitteit\u00e4": 0.015625, "oppikirjoja": 0.3333333333333333, "sijainti": 0.034482758620689655, "n\u00e4kyi": 0.04395604395604396, "ammattitaidon": 0.0625, "hallitsemaa": 0.5, "havaittavissa\\nammatinvalinnanopetus": 1.0, "opetushenkil\u00f6kunnan": 0.5, "lievestuoreen": 1.0, "paikkakunnan": 0.034482758620689655, "enemm\u00e4n": 0.0027739251040221915, "hierarkkisuus": 0.5, "kouluissa": 0.06060606060606061, "ammatinvalinnalle": 1.0, "entist\u00e4kin": 0.16666666666666666, "ennen": 0.00129366106080207, "roolissa": 0.015151515151515152, "raamit": 0.5, "h\u00e4ivytetty": 0.5, "koulujen": 0.03773584905660377, "tasossa": 0.25}