{"\\nl\u00e4hteen\u00e4ni": 1.0, "ja": 4.914850219939548e-05, "muassa": 0.001953125, "toiminnan": 0.0019646365422396855, "tutkimiseen": 0.017241379310344827, "perusteella": 0.0015313935681470138, "p\u00f6yt\u00e4kirjal\u00e4hteiden": 1.0, "ollen": 0.0038910505836575876, "helsingiss\u00e4": 0.015625, "jotka": 0.0005461496450027307, "tilaa": 0.011363636363636364, "yleistetty": 1.0, "johtop\u00e4\u00e4t\u00f6ksiin": 0.2, "partiotoiminta": 1.0, "tutkin": 0.011235955056179775, "vuosina": 0.0035587188612099642, "mukailee-ko": 1.0, "tutkimuksissa": 0.008695652173913044, "toimin-nan": 1.0, "haaste": 0.03333333333333333, "valtakunnal-lisesta": 1.0, "koko": 0.001215066828675577, "vai": 0.002652519893899204, "kansallisen": 0.022727272727272728, "aikaisemmissa": 0.09090909090909091, "usein": 0.0009765625, "j\u00e4rjest\u00f6tason": 1.0, "helsingin": 0.0007716049382716049, "perustuvat": 0.016129032258064516, "kehityksest\u00e4partiopoikatoiminta": 1.0, "selvitt\u00e4\u00e4": 0.005291005291005291, "eiv\u00e4t": 0.0007710100231303007, "k\u00e4rsi": 0.09090909090909091, "ett\u00e4": 0.00021595939963286903, "suomessa": 0.001976284584980237, "kansallisesta": 0.3333333333333333, "kotirintamalla": 0.5, "1939-1945": 1.0, "kehityst\u00e4": 0.012658227848101266, "n\u00e4in": 0.0011337868480725624, "n\u00e4m\u00e4": 0.0017985611510791368, "tekemisi\u00e4": 0.5, "poikkeaako": 0.3333333333333333, "on": 5.978358342799067e-05, "tutkimusten": 0.017241379310344827, "kansallista": 0.05263157894736842, "partiopoikatoimintaa": 1.0, "muiden": 0.0018050541516245488, "paikallistoiminta": 1.0, "osoittaa": 0.003367003367003367, "k\u00e4yt\u00e4n": 0.007407407407407408, "tarkoita": 0.0196078431372549, "koskemaan": 0.041666666666666664, "sota-ajan": 0.4, "kehitys": 0.009615384615384616, "partioliikkeen": 1.0, "keskusteluja": 0.037037037037037035, "ty\u00f6ss\u00e4ni": 0.030303030303030304, "tutkimukset": 0.017241379310344827, "kotkien": 1.0, "partioleirien": 1.0, "partiopoikalippukunta": 1.0, "p\u00f6yt\u00e4kirjoja": 0.08333333333333333, "ty\u00f6ni": 0.027777777777777776, "osittain": 0.006172839506172839, "my\u00f6s": 0.00014112334180073385, "1939\u20131945": 1.0, "niihin": 0.005681818181818182, "kirjattu": 0.03571428571428571, "\\ntutkimukseni": 1.0, "siit\u00e4": 0.0006079027355623101, "kehityksest\u00e4\\naikaisempien": 1.0, "kuitenkin": 0.0005058168942842691, "poikkeaa": 0.021739130434782608, "toiminta": 0.007380073800738007, "p\u00e4\u00e4t\u00f6sten": 0.058823529411764705, "kokousten": 0.1111111111111111, "liittotason": 1.0, "muuttumisesta": 0.1, "talkooleireiksi": 1.0, "v\u00e4hyydest\u00e4": 0.3333333333333333, "tehtyihin": 0.06666666666666667, "vuosilta": 0.023255813953488372, "johtajien": 0.0125}