{"university": 0.0010482180293501049, "n\u00e4ytt\u00e4isi": 0.010416666666666666, "palvelut": 0.024, "seurauksena": 0.004016064257028112, "kaupunkirakenteen": 0.3333333333333333, "avhandlingens": 0.09090909090909091, "seuraukset": 0.023809523809523808, "search": 0.03225806451612903, "suuret": 0.0053475935828877, "helsingiss\u00e4": 0.001893939393939394, "at": 0.002932551319648094, "vanhuksille": 0.5, "saavutettavissa": 0.09090909090909091, "av": 0.004524886877828055, "saavuttavat": 0.08333333333333333, "laajemmalle": 0.045454545454545456, "helsingfors": 0.0027397260273972603, "toimipaikat": 1.0, "bibliotek": 0.07142857142857142, "mukaan": 0.00016353229762878168, "75-vuotiasta": 1.0, "elinpiiri": 1.0, "helsingin": 0.0003757985719654265, "t\u00e4ll\u00e4": 0.0017699115044247787, "ajallisesti": 0.010309278350515464, "suomen": 0.000160333493666827, "laskettiin": 0.011363636363636364, "ett\u00e4": 0.00024839783397088776, "sijainnit": 0.07142857142857142, "voidaan": 0.00045589240939138365, "on": 7.805487257542052e-05, "myym\u00e4l\u00f6ihin": 1.0, "t\u00e4llaiset": 0.006622516556291391, "hajautuneet": 0.5, "lopettaneet": 0.25, "k\u00e4ytettiin": 0.00205761316872428, "saavutettavuuteen": 0.1, "l\u00e4ht\u00f6ja": 0.5, "yli": 0.0024783147459727386, "ihmiset": 0.0019455252918287938, "kannalta": 0.0025380710659898475, "ovat": 0.0007613247049866769, "palveluaukkoja": 1.0, "syrj\u00e4isemmill\u00e4": 1.0, "asuminen": 0.05263157894736842, "keinot": 0.014285714285714285, "palveluiden": 0.012987012987012988, "erityisesti": 0.0004982561036372695, "helsinki": 0.00025926886180969663, "parhaiten": 0.004366812227074236, "kirjastossa": 0.030303030303030304, "lopettavat": 0.5, "siit\u00e4": 0.00027662517289073305, "library": 0.037037037037037035, "palveluita": 0.02857142857142857, "avhandlingen": 0.09090909090909091, "n\u00e4ist\u00e4": 0.002, "opinn\u00e4ytteiden": 0.07142857142857142, "p\u00e4ivitt\u00e4istavarakauppaan": 1.0, "hyvin": 0.0007836990595611285, "mahdollisimman": 0.002105263157894737, "alle": 0.0026246719160104987, "ajamisen": 0.14285714285714285, "alueilla": 0.004975124378109453, "l\u00e4hell\u00e4": 0.003236245954692557, "v\u00e4hent\u00e4neet": 0.2, "v\u00e4h\u00e4n": 0.0013315579227696406, "helka-tietokannasta": 0.09090909090909091, "v\u00e4hitt\u00e4iskaupat": 1.0, "alkaa": 0.00211864406779661, "saavutettavuuksissa": 1.0, "eroja": 0.0031746031746031746, "halutaan": 0.0072992700729927005, "available": 0.03571428571428571, "t\u00e4rkeimpi\u00e4": 0.01098901098901099, "whole": 0.04, "pyrki\u00e4": 0.008333333333333333, "olivat": 0.0004784688995215311, "l\u00e4himp\u00e4\u00e4n": 0.5, "saavutettavilla": 1.0, "asuu": 0.044444444444444446, "use": 0.006896551724137931, "joista": 0.0013333333333333333, "varsille": 0.3333333333333333, "sek\u00e4": 0.00047632656949604646, "vantaaseen\\nvarsinaisia": 1.0, "sellaisia": 0.003389830508474576, "ykr": 1.0, "75-vuotiaita": 1.0, "abstract": 0.009900990099009901, "kolmesta": 0.00909090909090909, "vanhuksia": 0.5, "erikseen": 0.003246753246753247, "sit\u00e4": 0.00022825838849577722, "seurantaj\u00e4rjestelm\u00e4n": 0.16666666666666666, "only": 0.0136986301369863, "suuntaan": 0.002544529262086514, "l\u00e4sesalsbruk": 0.09090909090909091, "pankkiin": 1.0, "ja": 9.180360704717871e-05, "keskittyneet": 0.07142857142857142, "kotona": 0.003424657534246575, "tutkimusten": 0.004608294930875576, "tiivistelm\u00e4": 0.010869565217391304, "l\u00e4hes": 0.0012285012285012285, "keskittymist\u00e4": 0.034482758620689655, "hae": 0.07142857142857142, "v\u00e4est\u00f6": 0.01282051282051282, "joissa": 0.0006738544474393531, "luettavissa": 0.01639344262295082, "httpwwwhelsinkifihelkaindexhtmpalveluiden": 1.0, "matkustusmuodosta": 1.0, "alueilla\\nautoriippuvuutta": 1.0, "kohdeaineistojen": 1.0, "endast": 0.04, "riippumatta": 0.004347826086956522, "tutkimuksen": 0.00031665611146295124, "t\u00e4rkeit\u00e4": 0.0038461538461538464, "palvelujen": 0.007142857142857143, "universitets": 0.07692307692307693, "t\u00e4ll\u00f6in": 0.0010893246187363835, "hetkell\u00e4": 0.0055248618784530384, "p\u00e4ivitt\u00e4istavarakaupat": 1.0, "pankit": 0.125, "p\u00e4\u00e4kaupunkiseudulla": 0.13793103448275862, "omasta": 0.002631578947368421, "ik\u00e4\u00e4ntyv\u00e4t": 1.0, "f\u00f6r": 0.0033003300330033004, "copy": 0.09090909090909091, "samassa": 0.0026455026455026454, "saavutettavuus": 0.045454545454545456, "oli": 4.9952545082171936e-05, "muilla": 0.008264462809917356, "t\u00e4rke\u00e4\u00e4": 0.001607717041800643, "kaupunkirakennetta": 0.25, "joilla": 0.0017543859649122807, "room": 0.029411764705882353, "muuttuneen": 0.03125, "asuvan": 0.045454545454545456, "samalla": 0.0005417118093174431, "minuutissa": 0.25, "poimittiin": 0.04, "vain": 0.0002464268112370626, "finns": 0.02631578947368421, "olla": 0.000297000297000297, "sammandrag": 0.038461538461538464, "yliopiston": 0.0008051529790660225, "asuinalueesta": 0.3333333333333333, "puolestaan": 0.0009671179883945841, "vuoden": 0.0005027652086475615, "vanhukset": 0.25, "julkisia": 0.021739130434782608, "useita": 0.0014492753623188406, "v\u00e4hentyneet": 0.1111111111111111, "yh\u00e4": 0.0013440860215053765, "selkeit\u00e4": 0.015151515151515152, "t\u00e4rke\u00e4mpi": 0.03571428571428571, "riippuen": 0.006329113924050633, "joukkoliikenteell\u00e4": 1.0, "ulkopuolelle": 0.0030303030303030303, "arkistokappaleet": 0.08333333333333333, "for": 0.0009165902841429881, "pappersexemplaret": 0.09090909090909091, "k\u00e4ytetyimm\u00e4t": 0.25, "nopeasti": 0.005934718100890208, "tulee": 0.0005117707267144319, "kotia\\np\u00e4\u00e4kaupunkiseudun": 1.0, "httpwwwhelsinkifihelkaindexhtm": 0.09090909090909091, "supistuu": 0.5, "erottaa": 0.004149377593360996, "kauppojen": 0.2, "reading": 0.02631578947368421, "tavalla": 0.0008496176720475786, "myym\u00e4l\u00f6it\u00e4\u00e4n": 1.0, "kaikki": 0.0008110300081103001, "v\u00e4hent\u00e4m\u00e4\u00e4n": 0.08333333333333333, "matka-ajat": 1.0, "reuna-alueilla": 0.2, "my\u00f6s": 0.0001156938740093712, "vanhenee": 0.25, "noin": 0.0009380863039399625, "hajautumisesta": 1.0, "terveysasemalle": 1.0, "k\u00e4vellen": 0.3333333333333333, "tekij\u00f6it\u00e4": 0.00881057268722467, "p\u00e4ivitt\u00e4isvarakaupan": 1.0, "palvelusta": 0.1111111111111111, "p\u00e4\u00e4kaupunkiseudun": 0.008264462809917356, "nopeiten": 0.5, "joukkoliikenteell\u00e4\\ntuloksista": 1.0, "selvi\u00e4\u00e4": 0.014492753623188406, "s\u00f6k": 0.08333333333333333, "mahdollistetaan": 0.125, "is": 0.0009124087591240876, "liikkuville": 0.2, "niiden": 0.0006391818472355385, "el\u00e4m\u00e4\u00e4": 0.0034482758620689655, "catalog": 0.09090909090909091, "verrattuna": 0.00205761316872428, "t\u00e4m\u00e4n": 0.00032562683165092806, "tutkia": 0.003215434083601286, "suuriin": 0.03333333333333333, "mittaamisen": 0.010869565217391304, "est\u00e4m\u00e4ll\u00e4": 0.25, "asui": 0.009523809523809525, "tiivist\u00e4m\u00e4ll\u00e4": 0.16666666666666666, "hajautumisen": 1.0, "ihmisen": 0.0011737089201877935, "ruutuja": 0.6666666666666666, "helka-databasen": 0.09090909090909091, "helposti": 0.0026595744680851063, "the": 0.00032726082687902256, "ik\u00e4luokat": 0.1111111111111111, "osa": 0.000429553264604811, "helka": 0.058823529411764705, "terveysasemat": 0.25, "eniten": 0.002380952380952381, "vanhusten": 0.375, "i\u00e4ss\u00e4": 0.10526315789473684, "v\u00e4lill\u00e4": 0.0005991611743559018, "yhdyskuntarakenteen": 0.08333333333333333, "syyt": 0.011494252873563218, "alueelle": 0.005235602094240838, "aineistona": 0.019230769230769232, "pit\u00e4isi": 0.00408997955010225, "vaikuttavia": 0.011627906976744186, "espooseen": 1.0, "of": 0.00013250298131707962, "pienempien": 0.029411764705882353, "mit\u00e4": 0.0003718854592785422, "pitk\u00e4\u00e4n": 0.0025252525252525255, "sijaitsevat": 0.009433962264150943, "joukosta": 0.01, "kassapalvelukonttoreita\\npalveluiden": 1.0, "hajoamisen": 0.125, "mitata": 0.01639344262295082, "kun": 0.00017358097552508245, "p\u00e4\u00e4s\u00e4\u00e4nt\u00f6isesti": 0.00909090909090909,