{"yksi": 0.0012578616352201257, "muassa": 0.005859375, "ennakkotiedot": 0.6666666666666666, "ohjejoukkoa": 1.0, "kohtia": 0.07142857142857142, "14122015": 0.5, "vaikuttavat": 0.0038022813688212928, "vastaanottoteorioita": 1.0, "ratkaisuilla": 0.2, "vihje": 1.0, "ohi\\n\\nk\u00e4ytt\u00f6liittym\u00e4n": 1.0, "aiemmin": 0.003048780487804878, "pavisin": 1.0, "osalta": 0.0024813895781637717, "hermeneuttisesti": 1.0, "tarkoitetaan": 0.0070921985815602835, "k\u00e4ytt\u00f6liittym\u00e4ksi": 1.0, "esitystallenne": 1.0, "teoreettisempi": 1.0, "esitystutkimukselle": 1.0, "k\u00e4ytt\u00f6liittym\u00e4n": 1.0, "pikkolo": 1.0, "suunnattu": 0.024390243902439025, "hetkiseen": 0.5, "kutsua": 0.021739130434782608, "osallistuvalla": 0.3333333333333333, "ett\u00e4": 0.00010797969981643452, "lukeutuvat": 0.1111111111111111, "tutkielmassani": 0.015625, "mahdolliselta": 0.25, "materiaalin": 0.009259259259259259, "skenografisia": 1.0, "kutsuja": 0.3333333333333333, "toimia": 0.005319148936170213, "teatterista": 0.125, "k\u00e4ytt\u00f6kelpoisuuden": 0.3333333333333333, "haastatellut": 0.03225806451612903, "kategoriaa": 0.05263157894736842, "esiintyj\u00e4n": 0.08333333333333333, "ym": 0.012690355329949238, "aikuisille": 0.14285714285714285, "esityksen": 0.14035087719298245, "k\u00e4y": 0.005208333333333333, "uusi": 0.0030581039755351682, "j\u00e4lkihoitoon": 1.0, "ty\u00f6ss\u00e4ni": 0.030303030303030304, "m\u00e4\u00e4ritelm\u00e4ni": 0.5, "esityksell\u00e4": 0.3333333333333333, "elementeist\u00e4": 0.0625, "esitykseen": 0.1, "vaikutusta": 0.011235955056179775, "kautta": 0.0009505703422053232, "jakamista": 0.058823529411764705, "soveltamalla": 0.3333333333333333, "pohdin": 0.015625, "nybergi\u00e4": 1.0, "taustaa": 0.025, "tieto": 0.005434782608695652, "lastenteatteriesitys": 1.0, "upotetaan": 1.0, "lukeutuivat": 0.25, "terveyskeskus": 1.0, "yleis\u00f6kokemuksia": 1.0, "kuten": 0.0005793742757821553, "ilmi": 0.004878048780487805, "esitysanalyysi": 1.0, "ja": 0.0003194652642960706, "immersiivist\u00e4": 1.0, "siirtym\u00e4": 0.047619047619047616, "k\u00e4sitteen": 0.011235955056179775, "kolmeen": 0.016129032258064516, "katsoja": 0.2222222222222222, "julkaisut": 0.1111111111111111, "j\u00e4lkihoito": 1.0, "m\u00e4\u00e4rittelemi\u00e4": 1.0, "tutkin": 0.011235955056179775, "mahdollisia": 0.0136986301369863, "saa": 0.0022271714922048997, "pro": 0.0027548209366391185, "esitt\u00e4m\u00e4\u00e4n": 0.022727272727272728, "tutkimusta": 0.004524886877828055, "sek\u00e4": 0.0012462612163509472, "havainnoinnilla": 0.25, "hahmo": 0.058823529411764705, "strukturoidusta": 1.0, "esityksest\u00e4": 0.07692307692307693, "se": 0.00014753614635585718, "orientaatioon": 0.6666666666666666, "ymp\u00e4rist\u00f6nomaisissa": 1.0, "muodosta": 0.043478260869565216, "m\u00e4\u00e4rittelee": 0.01282051282051282, "sit\u00e4": 0.0005165289256198347, "kohteena": 0.00558659217877095, "erilaisia": 0.002531645569620253, "machonin": 1.0, "nime\u00e4m\u00e4\u00e4n": 0.16666666666666666, "mahdollisuus": 0.0058823529411764705, "ker\u00e4tty": 0.014285714285714285, "fasilitoiva": 1.0, "toimet": 0.06666666666666667, "kokemusta": 0.008130081300813009, "harjoituskaudelta": 1.0, "rakentuu": 0.03508771929824561, "jo": 0.0007716049382716049, "olisi": 0.0016246953696181965, "mitk\u00e4": 0.006134969325153374, "radio-ohjelmaa": 1.0, "liitosk\u00e4ytt\u00e4ytymisen": 1.0, "keskustelemassa": 1.0, "yleis\u00f6n": 0.015625, "ollessa": 0.010526315789473684, "esitystapahtuman": 1.0, "tutkimuksen": 0.0008149959250203749, "gareth": 0.125, "lainattuja": 0.125, "j\u00e4lkeen": 0.0009319664492078285, "teknologian": 0.02040816326530612, "k\u00e4ytt\u00f6liittym\u00e4st\u00e4": 1.0, "laajempi": 0.027777777777777776, "valikoidusti": 1.0, "elementtien": 0.045454545454545456, "dramaturgisesta": 1.0, "jatkotutkimuksille": 1.0, "esityksist\u00e4": 0.16666666666666666, "muun": 0.004830917874396135, "tuovat": 0.013513513513513514, "k\u00e4ytt\u00f6\u00f6n\\n\\nk\u00e4ytt\u00f6liittym\u00e4-k\u00e4site": 1.0, "ohje": 0.07692307692307693, "1282016": 1.0, "p\u00e4\u00e4aineistona": 1.0, "t\u00e4t\u00e4": 0.001838235294117647, "oikea": 0.047619047619047616, "ehdotan": 0.5, "kolme": 0.002967359050445104, "toimii": 0.003937007874015748, "lavastetuissa": 1.0, "arkitilan": 1.0, "monipuolista": 0.06666666666666667, "tutkimukseen": 0.003937007874015748, "\u00e4\u00e4net": 0.05, "tila": 0.015384615384615385, "esitysten": 0.02857142857142857, "osallistumisen": 0.025, "jonka": 0.0008123476848090983, "toisaalta": 0.0014326647564469914, "avulla": 0.0013175230566534915, "peilata": 0.5, "moniaistista": 0.5, "aikana": 0.001091703056768559, "analyysin": 0.004608294930875576, "maailmaan": 0.02564102564102564, "p\u00e4": 0.7142857142857143, "valaistus": 0.5, "tutkimus": 0.0015220700152207, "yleis\u00f6": 0.030303030303030304, "tarkastelemalla": 0.03333333333333333, "malliin": 0.025, "ohjaajia": 0.5, "esityksess\u00e4": 0.14285714285714285, "p\u00e4\u00e4dyn": 0.5, "tapaustutkimus": 0.03225806451612903, "riippuen": 0.00980392156862745, "laadulla": 0.1, "esitystutkimuksen": 1.0, "tiloissa": 0.043478260869565216, "syksyn": 0.05263157894736842, "jukka": 0.005714285714285714, "kuitenkin": 0.0005058168942842691, "esitystilan": 0.5, "oikean": 0.06896551724137931, "m\u00e4\u00e4ritelm\u00e4\u00e4nimmersiivisen": 1.0, "vihjejoukkona": 1.0, "l\u00e4hestymistapa": 0.010416666666666666, "ohjaaja": 0.015873015873015872, "vaikuttaa": 0.0015748031496062992, "2015": 0.00032206119162640903, "l\u00f6ydetyn": 0.25, "osallistumiseen": 0.18181818181818182, "tutkimukselleni\\n\\naineisto": 1.0, "selvitt\u00e4miseksi": 0.07692307692307693, "my\u00f6s": 0.0002822466836014677, "t\u00e4ydennyst\u00e4": 0.5, "esitysanalyysimallista": 1.0, "sill\u00e4": 0.0005973715651135006, "olen": 0.0014326647564469914, "elementit": 0.024390243902439025, "lainattu": 0.06666666666666667, "tulkitaan": 0.03225806451612903, "esitys": 0.017543859649122806, "ri": 0.05747126436781609, "immersiivisest\u00e4": 1.0, "n\u00e4yttelij\u00e4nty\u00f6n": 0.125, "toteuttamina": 1.0, "k\u00e4ytt\u00f6liittym\u00e4": 1.0, "elementtej\u00e4": 0.0196078431372549, "immersiivisell\u00e4": 1.0, "ehdotuksen": 0.06666666666666667, "esityst\u00e4": 0.11764705882352941, "t\u00e4m\u00e4n": 0.0014825796886582653, "uppouttavien": 1.0, "on": 9.963930571331779e-05, "skenografia": 1.0, "soveltua": 0.3333333333333333, "vaikuttavista": 0.07142857142857142, "tai": 0.00020855057351407716, "uutta": 0.009708737864077669, "tarkastelen": 0.012422360248447204, "terveyskeskuksen": 1.0, "vai": 0.002652519893899204, "vaatii": 0.008264462809917356, "alstonin": 1.0, "k\u00e4sityst\u00e4ni": 0.2, "maailmasta": 0.038461538461538464, "osaan": 0.018518518518518517, "kaksi": 0.001644736842105263, "v\u00e4lill\u00e4": 0.00117096018735363, "tietoa": 0.002028397565922921, "kartoittava": 0.25, "ihmisen": 0.0041841004184100415, "heiskasta": 1.0, "fabian": 0.07142857142857142, "ominaisuuksiin": 0.025, "ensi-ilta": 0.04878048780487805, "joka": 0.00037593984962406017, "josephine": 1.0, "minuuttinen": 1.0, "voisiko": 0.13333333333333333, "tapahtuuko": 0.2, "haapala\\n\\ntutkimuksessani": 1.0, "joissa": 0.001996007984031936, "sami": 0.01098901098901099, "suhteessa": 0.005813953488372093, "k\u00e4ytt\u00f6liittym\u00e4\u00e4n": 1.0, "terveyskeskusta": 1.0, "adam": 0.016129032258064516, "selvit\u00e4n": 0.043478260869565216, "skenografisilla": 1.0, "lis\u00e4\u00e4": 0.004807692307692308, "liittyv\u00e4t": 0.0033222591362126247, "esitystapahtumaan": 1.0, "oikeaa": 0.05263157894736842, "fasilitoivia": 1.0, "tarvitseeko": 0.3333333333333333, "oli": 0.0001413827230312456, "muokkaa": 0.03571428571428571, "osallistavista": 1.0, "eli": 0.0008539709649871904, "whiten": 0.25, "gradu": 0.0044444444444444444, "k\u00e4site": 0.013333333333333334, "k\u00e4sitt\u00e4\u00e4": 0.015625, "patrice": 0.5, "ennen": 0.00129366106080207, "lis\u00e4ksi": 0.001148105625717566, "koneen": 0.08333333333333333, "\\n\\nkokonaistutkimukseni": 1.0}