{"varten": 0.003246753246753247, "kategoriat": 0.020833333333333332, "k\u00e4ytt\u00f6": 0.006578947368421052, "mukaan": 0.0003502626970227671, "muuttaa": 0.010526315789473684, "ratkaisevasti": 0.1111111111111111, "muodostuu": 0.011363636363636364, "niit\u00e4": 0.0028694404591104736, "molempien": 0.008620689655172414, "justkidding": 1.0, "twitter-viesteist\u00e4": 1.0, "teoreettinen": 0.015873015873015872, "marras": 0.16666666666666666, "markers": 0.0015600624024961, "funktioidensa": 1.0, "k\u00e4yt\u00f6st\u00e4": 0.010526315789473684, "lukijan": 0.012345679012345678, "sis\u00e4ll\u00f6n": 0.010416666666666666, "markkereiden": 1.0, "pragmaattisiksi": 0.6666666666666666, "twitter-viestint\u00e4\u00e4": 1.0, "ett\u00e4": 0.00021595939963286903, "tutkielmassani": 0.046875, "discourse": 0.000931098696461825, "takia": 0.003105590062111801, "n\u00e4m\u00e4": 0.0017985611510791368, "interpersonaalisia": 1.0, "on": 1.9927861142663556e-05, "k\u00e4sityksi\u00e4": 0.012195121951219513, "pehmennys": 1.0, "sosiaalisenmedian": 1.0, "sis\u00e4lt\u00f6\u00f6n": 0.01818181818181818, "kategoriaa": 0.05263157894736842, "twitter-viestien": 1.0, "laajentunut": 0.05263157894736842, "sorry": 0.07142857142857142, "hashtagit": 1.0, "pohjautuu": 0.018867924528301886, "ovat": 0.0007702182284980744, "my\u00f6s": 0.0002822466836014677, "vaikuttaa": 0.0015748031496062992, "pragmaattisista": 0.5, "markkereiksi": 1.0, "2015": 0.00032206119162640903, "voiko": 0.022727272727272728, "twitter-viestinn\u00e4ss\u00e4": 1.0, "pienest\u00e4": 0.045454545454545456, "funktioista": 0.2, "aineistoni": 0.013888888888888888, "vaikutusta": 0.0056179775280898875, "ker\u00e4sin": 0.06666666666666667, "luonnehdin": 1.0, "pohdin": 0.015625, "kutsua": 0.043478260869565216, "joulukuussa": 0.043478260869565216, "siksi": 0.003076923076923077, "aihekohtaisesta": 1.0, "funktioita": 0.1111111111111111, "rituaalinen": 1.0, "korpus": 0.012987012987012988, "pragmatiikan": 0.16666666666666666, "hashtag": 1.0, "perinteisest\u00e4": 0.038461538461538464, "sis\u00e4ll\u00f6ist\u00e4twitter": 1.0, "joihin": 0.005747126436781609, "k\u00e4ytt\u00f6\u00f6n": 0.006802721088435374, "tutkielmaa": 0.02631578947368421, "koostuu": 0.012578616352201259, "niiden": 0.0009578544061302681, "twitter-viestist\u00e4": 1.0, "hashtagien": 1.0, "temaattisesta": 0.25, "tutkielmani": 0.009174311926605505, "as": 2.1076592336551027e-05, "tutkimukseen": 0.003937007874015748, "tarkoitukseen": 0.08333333333333333, "luonteeltaan": 0.017857142857142856, "verkkoviestinn\u00e4n": 1.0, "interpersonaaliseen": 1.0, "viestien": 0.08333333333333333, "esit\u00e4n": 0.022222222222222223, "tarkastelen": 0.006211180124223602, "pro": 0.0027548209366391185, "sek\u00e4": 0.0002492522432701894, "pragmaattisia": 0.16666666666666666, "analysoin": 0.014492753623188406, "osa": 0.0010869565217391304, "korpukseen": 0.2, "pragmatic": 0.0033112582781456954, "kaksi": 0.001644736842105263, "sorry\\n\\ntutkielmassani": 1.0, "molemmat": 0.005050505050505051, "ja": 0.00029489101319637285, "joka": 0.00037593984962406017, "t\u00e4rke\u00e4": 0.004132231404958678, "hashtags": 1.0, "tutkimukseni": 0.005952380952380952, "ker\u00e4tyt": 0.25, "jonka": 0.0008123476848090983, "sarkasmi": 0.3333333333333333, "sis\u00e4lt\u00f6\u00e4": 0.010752688172043012, "pragmaattisten": 0.5, "tutkimuksen": 0.0008149959250203749, "vakava": 0.041666666666666664, "hashtageja": 1.0, "ohjaa": 0.013513513513513514, "korpuksesta": 0.1111111111111111, "n\u00e4k\u00f6kulmasta": 0.002173913043478261, "sis\u00e4ltyy": 0.017857142857142856, "gradu": 0.0044444444444444444, "mik\u00e4": 0.0009182736455463728, "tausta": 0.01694915254237288, "anteeksipyynt\u00f6": 0.08, "voi": 0.00046882325363338024, "twitter-viestit": 1.0, "totean": 0.125, "usein": 0.0009765625, "metadataksi": 1.0}