{"onnistumisen": 0.024390243902439025, "environment": 0.0012437810945273632, "mallin": 0.008403361344537815, "parts": 0.0011961722488038277, "oppilaita": 0.021739130434782608, "haastatelluista": 0.045454545454545456, "nelj\u00e4": 0.005555555555555556, "am": 0.0005837711617046118, "l\u00e4hdin": 0.16666666666666666, "not": 4.378092027494418e-05, "oppimisymp\u00e4rist\u00f6\u00e4": 0.05555555555555555, "esitellyst\u00e4": 0.25, "erilaiset": 0.005128205128205128, "heille": 0.007042253521126761, "huomioivaa": 0.5, "k\u00e4sity\u00f6nopettajien": 1.0, "tuottaakseen": 1.0, "haastattelurunkoa": 0.25, "opettajat\\n\\ntutkimukseni": 1.0, "k\u00e4sity\u00f6t\u00e4": 0.25, "tutkimustani": 0.1111111111111111, "millaisin": 0.1, "on": 0.00015942288914130845, "mink\u00e4": 0.002717391304347826, "interviewees": 0.01652892561983471, "k\u00e4sity\u00f6nopettajan": 0.16666666666666666, "female": 0.000946073793755913, "but": 8.153946510110893e-05, "four": 0.0014577259475218659, "specifically": 0.0033112582781456954, "wiew": 1.0, "positive": 0.0013717421124828531, "this": 0.00010382059800664452, "keinoja": 0.017699115044247787, "classes": 0.0008865248226950354, "opettajaa": 0.045454545454545456, "tuntity\u00f6skentelyyn": 1.0, "tukeakseen": 0.3333333333333333, "monenlaisia": 0.030303030303030304, "areas": 0.0008305647840531562, "eriytt\u00e4minen": 0.25, "use": 0.00020403999183840033, "huomioon": 0.0035460992907801418, "seem": 0.0008019246190858059, "kehityst\u00e4": 0.012658227848101266, "n\u00e4ill\u00e4": 0.015151515151515152, "part": 0.00028669724770642203, "suhtautumisesta": 0.058823529411764705, "theme": 0.003389830508474576, "varsin": 0.003472222222222222, "created": 0.0015408320493066256, "eriytt\u00e4mist\u00e4": 0.5, "differentiation": 0.049773755656108594, "focuses": 0.0036101083032490976, "these": 9.365926758452749e-05, "kohtaan": 0.003215434083601286, "progress": 0.0036101083032490976, "own": 0.0008507018290089324, "teachers": 0.006980802792321117, "only": 0.0001296512381693245, "osa-aluetta": 0.07692307692307693, "challenge": 0.0029154518950437317, "opettavaa": 1.0, "ja": 0.00014744550659818642, "building": 0.0025252525252525255, "selvitt\u00e4\u00e4": 0.005291005291005291, "sort": 0.005405405405405406, "pohjalta": 0.0035971223021582736, "kinds": 0.0034562211981566822, "ty\u00f6skentely\u00e4": 0.03333333333333333, "that": 3.973773097556129e-05, "tutkimuksen": 0.0008149959250203749, "tomlinson": 0.15384615384615385, "underlined": 0.018867924528301886, "1995": 0.0012353304508956147, "method": 0.0007288629737609329, "olevan": 0.0011148272017837235, "teachers\\n\\nmy": 1.0, "ottavat": 0.03571428571428571, "most": 0.0004509921828021648, "haasteena": 0.041666666666666664, "monipuolista": 0.06666666666666667, "suhtautui": 0.04, "haastateltavien": 0.010309278350515464, "importance": 0.001145475372279496, "opetuksensa": 0.5, "k\u00e4sity\u00f6nopettajat": 1.0, "rakennan": 0.2, "school": 0.00047996160307175426, "are": 5.6708631053646363e-05, "tavoista": 0.03225806451612903, "theory-bound": 1.0, "going": 0.0020833333333333333, "analysoitiin": 0.02, "all": 0.00010316723408645414, "their": 0.0006195307054905908, "heist\u00e4": 0.0125, "tavallaan": 0.006369426751592357, "opetustaan": 0.5, "tapaustutkimus": 0.06451612903225806, "taking": 0.0016778523489932886, "oppimisymp\u00e4rist\u00f6": 0.058823529411764705, "aim": 0.0009871668311944718, "for": 0.00010441029067824925, "imbeau": 1.0, "naispuolista": 1.0, "with": 8.533636751528944e-05, "to": 0.0001069919221098807, "ways": 0.0031923383878691143, "indicated": 0.0015432098765432098, "clearly": 0.0010111223458038423, "content": 0.00046882325363338024, "opettaessaan": 1.0, "intensive": 0.004310344827586207, "eriytt\u00e4v\u00e4\u00e4": 0.5, "haastavaksi": 0.14285714285714285, "avulla\\n\\nkaikissa": 1.0, "basis": 0.000859106529209622, "way": 0.000321646831778707, "kukin": 0.014705882352941176, "considered": 0.0004336513443191674, "suhtautumista": 0.06451612903225806, "is": 7.436602959767977e-05, "presented": 0.00045187528242205153, "important": 0.00029717682020802375, "when": 0.00013176966662274345, "produce": 0.0011933174224343676, "n\u00e4kemyksen": 0.01818181818181818, "osa-alueeksi": 0.5, "joita": 0.0018552875695732839, "doing": 0.0019157088122605363, "siin\u00e4": 0.0012853470437017994, "during": 0.00022114108801415304, "miten": 0.0007513148009015778, "n\u00e4kev\u00e4t": 0.0196078431372549, "six": 0.004213483146067416, "interviewed": 0.003703703703703704, "selvitt\u00e4ess\u00e4ni": 0.5, "skilled": 0.034482758620689655, "sis\u00e4ll\u00f6nanalyysin": 0.018518518518518517, "semi-structured": 0.008, "rakentamaan": 0.03125, "who": 0.0002050440844781628, "pyrkiv\u00e4t": 0.009523809523809525, "primary": 0.0016474464579901153, "opetukseen": 0.013333333333333334, "students": 0.0013692377909630307, "tools": 0.0012453300124533001, "according": 0.0003205128205128205, "evaluate": 0.003355704697986577, "menetelm\u00e4n": 0.030303030303030304, "haastatteluissa": 0.02702702702702703, "jokainen": 0.006802721088435374, "selvit\u00e4nkin": 1.0, "kuinka": 0.0014388489208633094, "took": 0.0016835016835016834, "aineisto": 0.0038461538461538464, "mukaan": 0.0003502626970227671, "individual": 0.00045558086560364467, "attachment": 0.008403361344537815, "opettajilla": 0.1111111111111111, "work": 0.0002181500872600349, "varying": 0.002840909090909091, "arvioidessaan": 0.25, "laadullinen": 0.0196078431372549, "opetuksessaan": 0.03125, "oppilaiden": 0.006666666666666667, "eniten": 0.006535947712418301, "basing": 0.058823529411764705, "model": 0.00018416206261510129, "area": 0.0006574621959237344, "view": 0.0005282620179609086, "interviews": 0.0025974025974025974, "omalla": 0.01282051282051282, "hy\u00f6tyv\u00e4t": 0.125, "teemahaastattelun": 0.034482758620689655, "nelj\u00e4ll\u00e4": 0.125, "ett\u00e4": 0.00010797969981643452, "beneficial": 0.005025125628140704, "keinot": 0.018867924528301886, "osallistui": 0.013333333333333334, "puts": 0.014084507042253521, "oppilaan": 0.005235602094240838, "and": 5.8507246122432263e-05, "tarkasteluni": 0.16666666666666666, "also": 5.985873338920148e-05, "they": 9.879470460383324e-05, "taitavaa": 0.2, "towards": 0.0007272727272727272, "hyvin": 0.0007057163020465773, "painottuu": 0.04, "of": 0.00011377535057029895, "context": 0.00042716787697565144, "interview": 0.0011312217194570137, "name": 0.0011173184357541898, "had": 0.00016753224995811694, "selv\u00e4sti": 0.003389830508474576, "consists": 0.001443001443001443, "huomioimaan": 0.04, "how": 0.0005817335660267597, "l\u00e4hinn\u00e4": 0.005714285714285714, "assessment": 0.0010183299389002036, "evaluation": 0.0015220700152207, "as": 6.322977700965309e-05, "exploring": 0.007042253521126761, "consideration": 0.00851063829787234, "v\u00e4hiten": 0.05263157894736842, "osa-alueesta": 1.0, "seeing": 0.008264462809917356, "textile": 0.0055248618784530384, "2010": 0.0006002400960384153, "k\u00e4ytett\u00e4viss\u00e4\u00e4n": 0.2, "pay": 0.0058823529411764705, "kuusi": 0.009259259259259259, "oppijat": 0.06666666666666667, "opettajien": 0.014354066985645933, "seems": 0.001095290251916758, "frame": 0.003472222222222222, "luokkahuonekontekstissa": 1.0, "study": 0.0007380851961197807, "least": 0.0006108735491753207, "learning": 0.0005412719891745603, "arviointi": 0.013888888888888888, "be": 9.628345850182938e-05, "jonka": 0.0008123476848090983, "each": 0.0002549069589599796, "vaihtelua": 0.0196078431372549, "eriytt\u00e4misest\u00e4": 0.3333333333333333, "collected": 0.0018867924528301887, "eriytt\u00e4miseen": 0.5, "toimintaa": 0.0031545741324921135, "haastattelin": 0.06666666666666667, "oppilaidensa": 0.125, "soveltuvaksi": 0.3333333333333333, "varaan": 0.03333333333333333, "intensiivisesti": 0.25, "out": 0.0002701242571582928, "attention": 0.001326259946949602, "oli": 0.0001413827230312456, "alakoulun": 0.025, "variation": 0.0007331378299120235, "started": 0.001658374792703151, "effort": 0.002369668246445498, "esitteliv\u00e4t": 0.3333333333333333,