{"parodioivat": 1.0, "representaation": 0.25, "n\u00e4ytt\u00e4isi": 0.014285714285714285, "tyypilliseen": 0.1, "muuhun": 0.019230769230769232, "piirteit\u00e4": 0.006060606060606061, "s": 4, "performanssia": 0.3333333333333333, "et\u00e4isyyden": 0.125, "vuoropuhelua": 0.125, "teoretisointiin": 0.5, "perustan": 0.125, "nykytaiteessa": 1.0, "nykytaiteilijoiden": 1.0, "postmoderneihin": 1.0, "mutta": 0.0003211303789338471, "analyysieni": 0.5, "teit\u00e4": 0.05263157894736842, "perint\u00f6\u00e4": 0.14285714285714285, "uudelleentulkitsevat": 1.0, "reflektoimisesta": 1.0, "teoksissa": 0.08571428571428572, "tarkastelemani": 0.1111111111111111, "analysoimani": 0.25, "ilmi\u00f6ihin": 0.05, "peircen": 1.0, "historian": 0.018808777429467086, "atelieri": 1.0, "uudelleentulkintaan": 1.0, "ett\u00e4": 0.00021595939963286903, "kuvataiteen": 0.3333333333333333, "tutkimuskohteena": 0.03125, "saara": 0.05, "nykyisess\u00e4": 0.08333333333333333, "on": 9.963930571331779e-05, "toimia": 0.005319148936170213, "kanssa": 0.0012953367875647669, "2000": 0.00033344448149383126, "v\u00e4line-erityisyytt\u00e4": 1.0, "representaatioina": 1.0, "nostalgiaa": 0.5, "ovat": 0.00025673940949935817, "kyse": 0.009302325581395349, "visuaalinen": 0.023809523809523808, "klassikoita": 0.16666666666666666, "romaanin": 0.043478260869565216, "hy\u00f6dynt\u00e4en": 0.045454545454545456, "suomalaisesta": 0.03571428571428571, "katsovat": 0.0625, "koskeva": 0.01818181818181818, "kuitenkin": 0.0005058168942842691, "hahmottelemaan": 0.5, "pys\u00e4ytt\u00e4misen": 0.5, "todetaan": 0.023255813953488372, "1981": 0.0032520325203252032, "sitten": 0.001277139208173691, "pohjautuva": 0.09090909090909091, "k\u00e4sitteen": 0.02247191011235955, "tarkastellaan": 0.006993006993006993, "kuten": 0.0005793742757821553, "menneisyyden": 0.056818181818181816, "\\n\\nuusviktorianismia": 1.0, "tavoin": 0.0035714285714285713, "teoretisointi": 0.3333333333333333, "historianfilosofian": 1.0, "v\u00e4h\u00e4n": 0.0020408163265306124, "vain": 0.0007267441860465116, "representaatiota": 0.25, "aikamme": 0.2, "kysyt\u00e4\u00e4n": 0.1, "perusteella": 0.0015313935681470138, "postmodernia": 1.0, "j\u00e4ljitt\u00e4v\u00e4\u00e4": 1.0, "ei": 0.00013294336612603032, "visuaalisen": 0.043478260869565216, "teoreettinen": 0.015873015873015872, "ironisoivat": 1.0, "ajan": 0.001692047377326565, "my\u00f6hempiin": 0.2, "kosketuksiin": 0.25, "viktoriaanisen": 0.3333333333333333, "k\u00e4sitell\u00e4\u00e4n": 0.006802721088435374, "sovellettu": 0.08333333333333333, "tutkielmassa": 0.029940119760479042, "semiotiikkaan": 1.0, "uusviktoriaanismille": 1.0, "marjo": 0.058823529411764705, "installaatioteoksia": 1.0, "stephen": 0.013157894736842105, "suomalaisten": 0.0070921985815602835, "levlinin": 1.0, "koskevaan": 0.125, "sukulaisten": 0.14285714285714285, "uusviktorianismi": 1.0, "unohdetun": 1.0, "representaatiosta": 0.3333333333333333, "historiakuttuuriin": 1.0, "1800-luku": 0.5, "aikakauden": 0.02, "ja": 0.00046691077089425697, "tutkimukselle": 0.02631578947368421, "mahdottomuuden": 0.5, "paradoksaalisesti": 0.2, "poetiikkaan": 0.25, "merkkin\u00e4": 0.045454545454545456, "jotka": 0.0005461496450027307, "representaatio": 0.16666666666666666, "1800-luvulle": 0.25, "uusviktoriaaniset": 1.0, "1968": 0.002932551319648094, "fiktio": 0.1, "1800-luvun": 0.06315789473684211, "representaationa": 1.0, "sadan": 0.05263157894736842, "nykytodellisuuden": 1.0, "kuvaamia": 0.3333333333333333, "kuvataiteessa": 0.6666666666666666, "k\u00e4sitett\u00e4": 0.013888888888888888, "nykytaiteesta": 1.0, "millainen": 0.009900990099009901, "uudelleenmuotoilusta": 1.0, "suunnista": 0.14285714285714285, "anni": 0.00847457627118644, "eteenp\u00e4in": 0.004672897196261682, "nojaten": 0.07142857142857142, "melenderin": 1.0, "vilkaisuja": 1.0, "nykytaiteen": 0.5, "olevan": 0.0011148272017837235, "valokuvaa": 0.375, "voi": 0.00046882325363338024, "kirjallisuuden": 0.005813953488372093, "oli": 0.0001413827230312456, "taiteilijaparin": 1.0, "ole": 0.0004130524576621231, "saavat": 0.012195121951219513, "poliittisessa": 0.125, "n\u00e4k\u00f6kulmat": 0.025, "joilla": 0.0033112582781456954, "samaan": 0.005235602094240838, "itserefleksiivisyytt\u00e4": 1.0, "kulttuuri": 0.011111111111111112, "samalla": 0.00404040404040404, "tapaan": 0.011560693641618497, "angloamerikkalaisessa": 0.5, "muodostavat": 0.016129032258064516, "auttavat": 0.029411764705882353, "toimivat": 0.0045045045045045045, "innoittamanaviktoriaanisia": 1.0, "bannin": 1.0, "nykyisyydess\u00e4": 0.3333333333333333, "historiallista": 0.03333333333333333, "modernin": 0.014492753623188406, "nykytaideteoksia": 1.0, "kulttuurin": 0.0078125, "yhdist\u00e4v\u00e4\u00e4": 0.3333333333333333, "taideteoksia": 0.3333333333333333, "l\u00f6ydett\u00e4viss\u00e4": 0.022222222222222223, "uusviktoriaanisina": 1.0, "salmen": 0.25, "marco": 0.02631578947368421, "v\u00e4lisen": 0.011363636363636364, "k\u00e4ytt\u00f6st\u00e4": 1.0, "projektia": 0.14285714285714285, "pidett\u00e4vi\u00e4": 0.5, "representaatiogenren\u00e4": 1.0, "l\u00f6yt\u00e4\u00e4kseen": 0.25, "nykyisyyden": 0.16666666666666666, "representaatiot": 0.125, "keskustelu": 0.007042253521126761, "kirjallisuustieteess\u00e4": 1.0, "kulttuurihistoriaa": 0.3333333333333333, "2010-luvuilta": 1.0, "kerronnan": 0.05555555555555555, "mit\u00e4": 0.000774593338497289, "teokset": 0.05357142857142857, "suomalaisessa": 0.024691358024691357, "uusviktoriaaninen": 1.0, "l\u00e4hestymistapa": 0.010416666666666666, "taustan": 0.05, "uusviktorianisiimiin": 1.0, "kansainv\u00e4lisestikin": 1.0, "millaisia": 0.0056179775280898875, "yhdist\u00e4\u00e4": 0.02564102564102564, "merkit\u00e4": 0.058823529411764705, "my\u00f6s": 0.00014112334180073385, "haapala": 0.02564102564102564, "uudelleentulkinneet": 1.0, "takaista": 0.5, "romaanit": 1.0, "l\u00e4hiluetaan": 1.0, "kannalta\\n\\nkeskeisen": 1.0, "teoreettisen": 0.04878048780487805, "voisikin": 0.06666666666666667, "yhteis\u00f6taidetta": 1.0, "voimana": 0.16666666666666666, "kulttuurissa": 0.023809523809523808, "keskustelussa": 0.013157894736842105, "muotoihin": 0.14285714285714285, "1800-luvusta": 0.5, "vuoden": 0.0013966480446927375, "taaksep\u00e4in": 0.058823529411764705, "niiden": 0.0009578544061302681, "1966": 0.003436426116838488, "kuin": 0.00034223134839151266, "tutkimukseen": 0.003937007874015748, "sanoa": 0.004651162790697674, "\\n\\nkaikki": 1.0, "valokuvan": 0.4117647058823529, "tai": 0.0004171011470281543, "teoksia": 0.0547945205479452, "vertautuvat": 0.25, "valokuva": 0.13333333333333333, "lepp\u00e4l\u00e4n": 1.0, "k\u00e4sitykset": 0.015873015873015872, "representaatioita": 0.3333333333333333, "tropologinen": 1.0, "lyhytelokuvaa": 1.0, "tutkimuskysymyksen": 0.14285714285714285, "kiinnostus": 0.015873015873015872, "museoymp\u00e4rist\u00f6ss\u00e4": 1.0, "miten": 0.0007513148009015778, "yhdistyy": 0.041666666666666664, "uusviktoriaanisessa": 1.0, "indeksisyyden": 0.3333333333333333, "hahmottaa": 0.02127659574468085, "merkityksi\u00e4": 0.022988505747126436, "kirjallisuudessa": 0.025, "analysoidut": 0.2, "erityisesti": 0.0028653295128939827, "ohella": 0.009345794392523364, "mediumia": 1.0, "hy\u00f6dynt\u00e4v\u00e4st\u00e4": 1.0, "tutkittu": 0.006289308176100629, "tutkielman": 0.0049261083743842365, "ominainen": 0.1111111111111111, "amerikan-siirtolaisuutta": 1.0, "pyrkiv\u00e4t": 0.009523809523809525, "eri": 0.0011723329425556857, "pohditaan": 0.058823529411764705, "luovat": 0.02, "teoksissa\\n\\naineistona": 1.0, "k\u00e4yv\u00e4t": 0.047619047619047616, "sek\u00e4": 0.0009970089730807576, "keinoihin\\nkuten": 1.0, "valokuvataiteilija": 1.0, "suhde": 0.005681818181818182, "olemusta": 0.14285714285714285, "kyky\u00e4": 0.027777777777777776, "utooppisena": 1.0, "whiten": 0.25, "avaavat": 0.0625, "k\u00e4site": 0.006666666666666667, "narrativistisen": 1.0, "yhdistelm\u00e4st\u00e4": 1.0, "uusviktorianismin": 1.0, "aiemmin": 0.003048780487804878, "hayden": 0.06666666666666667}