{"kis\u00e4llien": 1.0, "mattsson": 0.02857142857142857, "hakeutuivat": 0.25, "r\u00e4\u00e4t\u00e4li1444-1445122margareta": 1.0, "v\u00e4h\u00e4varaisten": 1.0, "ammattikuntana": 0.5, "r\u00e4\u00e4t\u00e4li1538-1539122per": 1.0, "eik\u00e4": 0.0012004801920768306, "r\u00e4\u00e4t\u00e4leille": 1.0, "koti": 0.006944444444444444, "merkityksellinen": 0.03333333333333333, "veranleikkaaja1428-1429122nils": 1.0, "varallisuuden": 0.09090909090909091, "kaupunkilaisten": 0.07692307692307693, "jotkut": 0.010638297872340425, "riitansa": 1.0, "r\u00e4\u00e4t\u00e4li1452-1459188katarina": 1.0, "suuria": 0.011363636363636364, "veranleikkaajille\\n\\nk\u00e4yt\u00e4n": 1.0, "1460\u20131525": 1.0, "erityist\u00e4": 0.015625, "kapinallinen": 0.5, "on": 7.971144457065423e-05, "muut": 0.006349206349206349, "talo": 0.037037037037037035, "saman": 0.005780346820809248, "r\u00e4\u00e4t\u00e4li1494-1495122jon": 1.0, "tukivat": 0.04, "mestarien": 1.0, "veranleikkaajat": 1.0, "korkeampaa": 0.14285714285714285, "suosivat": 0.06666666666666667, "yhteis\u00f6t": 0.07692307692307693, "valat": 1.0, "kaavamaisuuksia": 1.0, "menetelm\u00e4ss\u00e4": 0.2, "jota": 0.0016339869281045752, "ammattikuntaan": 1.0, "keskikastia": 1.0, "kuitenkin": 0.0005058168942842691, "sis\u00e4korttelia": 1.0, "aikaisempi": 0.03571428571428571, "ammattikunta": 0.7142857142857143, "l\u00e4hteet": 0.006622516556291391, "ammatinharjoittaminen": 1.0, "kuten": 0.0005793742757821553, "r\u00e4\u00e4t\u00e4li1487-15003613mattis": 1.0, "varkaus": 1.0, "verosta": 1.0, "tutkimuskohteenani": 1.0, "\u00e4yrityinen": 1.0, "kaupunkiyhteis\u00f6ss\u00e4": 1.0, "seuraavasti": 0.014492753623188406, "k\u00f6lner": 1.0, "kaupunkiyhteis\u00f6": 0.25, "ket\u00e4\u00e4n": 0.024390243902439025, "molempia": 0.04, "merkitys": 0.0024752475247524753, "oikeuden": 0.012658227848101266, "asuneet": 0.14285714285714285, "kvalitatiivista": 0.14285714285714285, "tukholma": 0.42857142857142855, "veranleikkaaja1467-1499721451271jon": 1.0, "sek\u00e4": 0.0002492522432701894, "kyennyt": 0.08333333333333333, "se": 0.00029507229271171436, "tunnetut": 0.07692307692307693, "analysoinnissa": 0.09090909090909091, "laitos": 0.0035842293906810036, "aika": 0.0024691358024691358, "puuttunut": 0.08333333333333333, "nuorempi149211laurens": 1.0, "valalupaukset": 1.0, "kuuluneita": 0.16666666666666666, "r\u00e4\u00e4t\u00e4li1475-1480133j\u00f6ns": 1.0, "ja": 0.0012532868060845847, "l\u00e4hteiden": 0.014285714285714285, "t\u00e4rke\u00e4": 0.004132231404958678, "r\u00e4\u00e4t\u00e4li1543111laurens": 1.0, "joukon": 0.037037037037037035, "lasten": 0.002777777777777778, "nuorempi1536-15402312kort": 1.0, "millainen": 0.009900990099009901, "k\u00e4sitti": 0.09090909090909091, "\\n\\nr\u00e4\u00e4t\u00e4leill\u00e4": 1.0, "t\u00e4rkeimp\u00e4\u00e4n": 1.0, "mielipiteit\u00e4": 0.01818181818181818, "korttelissa\\n\\nammattikunta": 1.0, "tulla": 0.006172839506172839, "kortteleissa": 1.0, "k\u00e4sity\u00f6l\u00e4isten": 0.07692307692307693, "saattoivat": 0.01, "kortteleittain": 1.0, "keskiarvoista": 1.0, "is\u00e4nt\u00e4": 0.0625, "nyckelord": 0.011494252873563218, "additional": 0.0010683760683760685, "kpl": 0.13559322033898305, "kunnianloukkaustapaukset": 1.0, "subject": 0.0006257822277847309, "raatihuone": 1.0, "s\u00e4ilytyspaikka": 0.012195121951219513, "persdotter": 1.0, "ole": 0.0004130524576621231, "wardborg": 1.0, "veranleikkaajilla": 1.0, "alueille": 0.041666666666666664, "ensisijainenammattikuntaveli": 1.0, "\u00e4yri\u00e4": 0.09090909090909091, "ura": 0.05, "m\u00e4\u00e4r\u00e4": 0.011204481792717087, "samalla": 0.00202020202020202, "ei": 0.0011964902951342728, "suosiossa": 0.09090909090909091, "toisaalta": 0.0014326647564469914, "tekij\u00e4": 0.0048543689320388345, "valittu": 0.02564102564102564, "luottamusteht\u00e4viin": 1.0, "valituksi": 0.125, "tutkimus": 0.0015220700152207, "deposited": 0.006756756756756757, "n\u00e4ytt\u00e4m\u00f6n\u00e4": 0.16666666666666666, "ryhm\u00e4n\u00e4": 0.0625, "lopulla": 0.009345794392523364, "keskim\u00e4\u00e4r\u00e4inen": 0.11538461538461539, "kunniallinen": 0.3333333333333333, "kaikkien": 0.0038314176245210726, "veroa": 0.5, "vertailu": 0.04081632653061224, "kaupungissa": 0.041666666666666664, "kultaseppien": 1.0, "ammattikuntaveli": 1.0, "talonomistaja": 1.0, "r\u00e4\u00e4t\u00e4li1536111mattis": 1.0, "j\u00e4senyys": 0.030303030303030304, "kaupank\u00e4ynti": 0.06666666666666667, "veroja": 0.5, "teht\u00e4v\u00e4\u00e4n": 0.025, "yhten\u00e4ist\u00e4": 0.07692307692307693, "hoitajatontinmittaajatontti\u00e4yrivahtip\u00e4\u00e4llikk\u00f6anders": 1.0, "l\u00e4ntisess\u00e4": 0.3333333333333333, "tuntematon": 0.02564102564102564, "yhteens\u00e4": 0.009950248756218905, "1400-luvun": 0.09090909090909091, "r\u00e4\u00e4t\u00e4leit\u00e4": 0.6, "havaita": 0.015151515151515152, "kirjallisuus": 0.0136986301369863, "r\u00e4\u00e4t\u00e4li1506111141151264121212218virkaa": 1.0, "v\u00e4h\u00e4varaiset": 0.3333333333333333, "laji": 0.012195121951219513, "r\u00e4\u00e4t\u00e4li1465111laurens": 1.0, "etel\u00e4isess\u00e4": 1.0, "sis\u00e4kortteli": 1.0, "metodia": 0.14285714285714285, "r\u00e4\u00e4t\u00e4lien": 1.0, "harjoittajat": 0.07692307692307693, "sis\u00e4ll\u00e4": 0.005208333333333333, "suosimissa": 1.0, "tukholmassa": 0.25, "kuin": 0.001026694045174538, "tuomiovaltaa": 1.0, "hyyryl\u00e4inen": 1.0, "markka": 0.5, "asui": 0.125, "yksitt\u00e4iset": 0.058823529411764705, "vuosina": 0.0035587188612099642, "paatunut": 1.0, "r\u00e4\u00e4t\u00e4li1453-14673742henrik": 1.0, "osana": 0.004166666666666667, "vai": 0.015915119363395226, "r\u00e4\u00e4t\u00e4li1481-1492221erik": 1.0, "author": 0.001148105625717566, "number": 0.00026616981634282674, "tiedekuntaosasto": 0.01639344262295082, "muutkin": 0.03333333333333333, "v\u00e4lill\u00e4": 0.00351288056206089, "prosopografista": 1.0, "r\u00e4\u00e4t\u00e4li": 0.6153846153846154, "eiv\u00e4t": 0.0015420200462606013, "muiden": 0.0036101083032490976, "ammattikunnan": 0.3333333333333333, "it\u00e4isess\u00e4": 0.5, "valamiehen\u00e4": 1.0, "pages": 0.001037344398340249, "mestarin": 0.25, "joka": 0.0015037593984962407, "tutkin": 0.02247191011235955, "rikosten": 0.5, "edustaa": 0.010416666666666666, "pitk\u00e4": 0.010752688172043012, "kaupungin": 0.0076726342710997444, "suhteessa": 0.00872093023255814, "vaimo1481-1485122mattis": 1.0, "perhep\u00e4\u00e4": 1.0, "1516-1525": 1.0, "tontti": 0.3333333333333333, "kaupunkilaisia": 0.5, "poikkeuksellista": 0.11764705882352941, "siis": 0.0009250693802035153, "arbetets": 0.012048192771084338, "kanssa": 0.0006476683937823834, "tutkimusteht\u00e4v\u00e4": 0.07142857142857142, "tutkimusjakso": 1.0, "sosiaaliset": 0.017857142857142856, "kaupunkiyhteis\u00f6\u00e4": 0.5, "hoitaneiden": 1.0, "mik\u00e4": 0.0027548209366391185, "veranleikkaaja148511klaus": 1.0, "yhten\u00e4isen": 0.05, "department": 0.0012987012987012987, "kuinka": 0.0014388489208633094, "r\u00e4\u00e4t\u00e4li1419-14272514hans": 1.0, "r\u00e4\u00e4t\u00e4li1490111enevald": 1.0, "erikoistuneempien": 1.0, "v\u00e4kivaltarikokset": 1.0, "eroa": 0.010638297872340425, "esittely": 0.037037037037037035, "j\u00e4senill\u00e4": 0.06666666666666667, "toimintaansa": 0.027777777777777776, "puoliso": 0.1, "verojen": 0.6666666666666666, "k\u00e4sity\u00f6l\u00e4isiin": 1.0, "yhdist\u00e4m\u00e4ll\u00e4": 0.05555555555555555, "suurta": 0.006711409395973154, "mutta": 0.0019267822736030828, "samoille": 0.125, "1460-1468": 1.0, "heid\u00e4n": 0.001336898395721925, "r\u00e4\u00e4t\u00e4lit": 0.9285714285714286, "yht\u00e4\u00e4lt\u00e4": 0.0136986301369863, "sivum\u00e4\u00e4r\u00e4": 0.014705882352941176, "vett\u00e4": 0.010638297872340425, "vaan": 0.00078003120124805, "f\u00f6rfattare": 0.01282051282051282, "toiseksi": 0.014285714285714285, "ragnarsson": 1.0, "institution": 0.0045871559633027525, "puhdistuvalat": 1.0, "s\u00e4\u00e4teli": 0.3333333333333333, "k\u00e4sity\u00f6nharjoittamista": 1.0, "sosiaalinen": 0.008771929824561403, "yhteis\u00f6": 0.09090909090909091,