{"theaterin": 1.0, "ole": 0.0004130524576621231, "kahden": 0.0030581039755351682, "liikekielest\u00e4": 1.0, "intentio": 0.2, "piirteit\u00e4": 0.006060606060606061, "projekti": 0.03333333333333333, "esimerkkitapaukset": 1.0, "valkin": 1.0, "synonyymin\u00e4": 0.3333333333333333, "koreografiasta": 0.2, "sis\u00e4lty\u00e4": 0.5, "kuvan": 0.0055248618784530384, "vasten": 0.030303030303030304, "mutta": 0.0003211303789338471, "voidaankin": 0.034482758620689655, "pohjalta": 0.0035971223021582736, "liikkeellisen\u00e4": 1.0, "2010-luvun": 0.058823529411764705, "vaan": 0.00078003120124805, "koreografit": 0.05555555555555555, "klienin": 1.0, "ilmi\u00f6ihin": 0.05, "selv\u00e4ksi": 0.03225806451612903, "merkist\u00e4": 0.3333333333333333, "ett\u00e4": 0.00021595939963286903, "sosiaalinen": 0.043859649122807015, "tansseja": 0.14285714285714285, "ortizin": 1.0, "ammattilaisuuden": 0.3333333333333333, "voidaan": 0.0007057163020465773, "on": 9.963930571331779e-05, "l\u00e4hestytty": 0.1111111111111111, "nykytanssiin": 0.5, "toinen": 0.0018281535648994515, "k\u00e4y": 0.005208333333333333, "ovat": 0.00025673940949935817, "k\u00e4sitteell\u00e4": 0.05, "sosiaalista": 0.03076923076923077, "paitsi": 0.0043859649122807015, "ihmisten": 0.004219409282700422, "siit\u00e4": 0.0006079027355623101, "tarvitse": 0.017543859649122806, "kautta": 0.0019011406844106464, "asettelu": 0.2, "koistisen": 1.0, "taiteesta": 0.047619047619047616, "kuten": 0.0005793742757821553, "vastasi": 0.009900990099009901, "ammattilaisille": 0.5, "suhteiden": 0.007575757575757576, "soveltavasta": 0.5, "traditioon": 0.3333333333333333, "perusteella": 0.006125574272588055, "painottaminen": 0.09090909090909091, "aiempaa": 0.019230769230769232, "\\n\\nesimerkkitapausten": 1.0, "omia": 0.0049504950495049506, "k\u00e4sitteen\u00e4": 0.020833333333333332, "vastaajaa": 0.045454545454545456, "tutkimusta": 0.004524886877828055, "laajasti": 0.012048192771084338, "sek\u00e4": 0.0007477567298105683, "ajatuksista": 0.1111111111111111, "hy\u00f6dynt\u00e4miseen": 0.1, "toimi": 0.003745318352059925, "olennaiseksi": 0.125, "tutkielman": 0.0049261083743842365, "analysoidaan": 0.030303030303030304, "kysymyksen": 0.0136986301369863, "koreografi": 0.03225806451612903, "sit\u00e4": 0.0005165289256198347, "selvitet\u00e4\u00e4n": 0.034482758620689655, "ja": 0.0003194652642960706, "nimeni": 0.25, "koreografialle": 1.0, "tehdyn": 0.045454545454545456, "laajemmin": 0.010638297872340425, "ty\u00f6ss\u00e4": 0.009174311926605505, "mik\u00e4\u00e4n": 0.0136986301369863, "steve": 0.05, "olla": 0.0006305170239596469, "dramaturgi": 1.0, "seitsem\u00e4n": 0.012048192771084338, "tutkimuksen": 0.0016299918500407497, "tanssintutkimuksellisesta": 1.0, "vastaanotto": 0.02631578947368421, "suunnatulla": 1.0, "vuorovaikutuksen": 0.014925373134328358, "eri": 0.0005861664712778429, "maalaa": 0.5, "dance": 0.017543859649122806, "vaikuttaneista": 0.2, "korostaminen": 0.034482758620689655, "michael": 0.0028653295128939827, "tekij\u00f6ilt\u00e4": 0.5, "\\n\\ntutkimuksessa": 0.06666666666666667, "mink\u00e4lainen": 0.03125, "k\u00e4site": 0.006666666666666667, "v\u00e4listen": 0.012987012987012988, "politiikkaa": 0.06666666666666667, "johon": 0.0033783783783783786, "tutkimus": 0.0015220700152207, "aiheesta": 0.008928571428571428, "yksitt\u00e4inen": 0.030303030303030304, "varta": 0.3333333333333333, "tunnistaa": 0.013888888888888888, "koreografiaa": 0.2857142857142857, "minun": 0.009615384615384616, "kyselyll\u00e4": 0.25, "ymm\u00e4rt\u00e4\u00e4": 0.005263157894736842, "ei": 0.0005317734645041213, "yhteiskuntakritiikkin\u00e4kehollista": 1.0, "toisaalta": 0.0014326647564469914, "tarkoitetaan": 0.0070921985815602835, "sosiaalisesta": 0.043478260869565216, "sosiaaliselle": 0.25, "v\u00e4ltt\u00e4m\u00e4tt\u00e4": 0.0038314176245210726, "pitk\u00e4lti": 0.012048192771084338, "vera": 0.08333333333333333, "ilmi\u00f6ist\u00e4": 0.05263157894736842, "demokraattisuus": 1.0, "tanssin": 0.011363636363636364, "ker\u00e4ttyyn": 0.16666666666666666, "mit\u00e4": 0.000774593338497289, "havainnointia": 0.05263157894736842, "projekteihin": 0.5, "tavalla": 0.001697792869269949, "koreografin": 0.01020408163265306, "aikalaistutkimuksena": 1.0, "tekij\u00f6iden": 0.01818181818181818, "my\u00f6s": 0.0002822466836014677, "piirteisiin": 0.08333333333333333, "ilmi\u00f6n\u00e4": 0.023255813953488372, "muusta": 0.017241379310344827, "perustuu": 0.005434782608695652, "tanssialan": 0.3333333333333333, "puolilta": 0.06666666666666667, "esimerkkitapauksen": 0.14285714285714285, "kuuluu": 0.003875968992248062, "koreografian": 0.25, "kehollisena": 0.125, "k\u00e4sitys": 0.007633587786259542, "laajentunut": 0.05263157894736842, "yhteis\u00f6tanssista": 1.0, "hahmotetaan": 0.125, "tai": 0.0004171011470281543, "ulkoisesta": 0.16666666666666666, "aihetta": 0.02857142857142857, "tekijyys": 0.125, "monella": 0.014492753623188406, "tekohetkell\u00e4\\n\\ntutkimus": 1.0, "sosiaalisen": 0.022727272727272728, "valikoiduille": 0.5, "k\u00e4sitell\u00e4\u00e4n": 0.006802721088435374, "hahmottaa": 0.02127659574468085, "vaikka": 0.000864304235090752, "suomessa": 0.003952569169960474, "prim\u00e4\u00e4riaineistojen": 1.0, "vaikutteita": 0.021739130434782608, "aineistoon": 0.02040816326530612, "favela": 1.0, "teoksiin": 0.045454545454545456, "l\u00e4hestyt\u00e4\u00e4n": 0.023809523809523808, "kun": 0.00043956043956043956, "koreografia": 0.4166666666666667, "suhteessa": 0.0029069767441860465, "voi": 0.0009376465072667605, "juurikaan": 0.011764705882352941, "paikkasidonnaisuus": 1.0, "jenni": 0.021739130434782608, "nousevat": 0.020833333333333332, "n\u00e4k\u00f6kulmasta": 0.002173913043478261, "muihin": 0.004739336492890996, "suomea": 0.012195121951219513, "saanut": 0.004694835680751174, "kyselyn": 0.05405405405405406, "yhtym\u00e4kohtia": 0.125, "aiheena": 0.04, "judson": 1.0, "tanssia": 0.037037037037037035, "ymp\u00e4rist\u00f6n": 0.008264462809917356, "joiden": 0.002008032128514056}