{"decline": 0.008264462809917356, "order": 0.0003204101249599487, "relies": 0.007575757575757576, "luomisen": 0.045454545454545456, "kielii": 0.5, "early": 0.0017219113215669393, "coordinated": 0.005555555555555556, "subordination": 0.044444444444444446, "kokonaisuuksiin": 0.16666666666666666, "diakronisesti": 1.0, "liittyy": 0.0033222591362126247, "increases": 0.0037313432835820895, "ilmi\u00f6": 0.00980392156862745, "preceded": 0.013513513513513514, "sosiohistoriallisia": 1.0, "rinnasteiset": 1.0, "explore": 0.0045662100456621, "pragmatics": 0.011111111111111112, "n-grammien": 1.0, "elements": 0.0020325203252032522, "corpus": 0.002546148949713558, "s\u00e4\u00e4d\u00f6ksiss\u00e4": 1.0, "s\u00e4\u00e4d\u00f6sosa": 1.0, "analysis": 0.0005947660586835844, "tasoilla": 0.08333333333333333, "text": 0.0005442176870748299, "on": 0.00015942288914130845, "historialliset": 0.05555555555555555, "diachronically": 0.06666666666666667, "mallin": 0.008403361344537815, "but": 0.00016307893020221786, "kielipiirteiden": 1.0, "nomini": 0.02631578947368421, "lauseisiin": 0.25, "alkavat": 0.041666666666666664, "keskitytty": 0.09090909090909091, "texts": 0.0022148394241417496, "assessment": 0.0010183299389002036, "socio-historical": 0.4, "variety": 0.0015873015873015873, "binomials": 1.0, "tekstien": 0.12195121951219512, "koottu": 0.02702702702702703, "kielik\u00e4yt\u00e4nteiden": 1.0, "length": 0.002638522427440633, "lakitekstit": 1.0, "kuten": 0.0005793742757821553, "k\u00e4ytt\u00e4\u00e4": 0.002188183807439825, "punctuation": 0.014814814814814815, "finally": 0.0012033694344163659, "1500-luvun": 0.018518518518518517, "\\n\\nthe": 0.011235955056179775, "kasvaa": 0.011235955056179775, "use": 0.00020403999183840033, "perustuu": 0.005434782608695652, "kehityst\u00e4": 0.012658227848101266, "aiempaa": 0.019230769230769232, "sis\u00e4lt\u00e4\u00e4": 0.004098360655737705, "modern": 0.003218020917135961, "historiallisissa": 0.5, "vaikeaselkoisena": 1.0, "diachronic": 0.016666666666666666, "tekstitasolla": 1.0, "laeissa": 1.0, "sek\u00e4": 0.0002492522432701894, "focuses": 0.0036101083032490976, "genre": 0.0035026269702276708, "rakenteisiin": 0.029411764705882353, "these": 9.365926758452749e-05, "asettelua": 0.25, "lain": 0.06060606060606061, "coordination": 0.0049504950495049506, "selvittelee": 1.0, "prepositional": 0.02040816326530612, "methods": 0.00030807147258163895, "kompleksisuuspiirteit\u00e4": 1.0, "ja": 0.0005160592730936524, "virkepituus": 1.0, "toisteisuuden": 0.5, "laajemmalle": 0.09090909090909091, "jotka": 0.0010922992900054614, "osoittaa": 0.003367003367003367, "develop": 0.003179650238473768, "sosiohistoriallisen": 1.0, "kiinte\u00e4sti": 0.08333333333333333, "kompleksisten": 1.0, "and-konjunktiolla": 1.0, "huomio": 0.014925373134328358, "that": 0.00011921319292668389, "tutkimuksen": 0.0008149959250203749, "all": 0.00020633446817290828, "acts": 0.013888888888888888, "heijastaen": 0.25, "layout": 0.0053285968028419185, "scrutinised": 0.08333333333333333, "clause": 0.0014641288433382138, "laajempi": 0.027777777777777776, "view": 0.0010565240359218173, "proclamations": 0.3333333333333333, "both": 0.00016142050040355126, "inclusive": 0.004761904761904762, "forms": 0.0009615384615384616, "tarkasteltavalla": 1.0, "kiteytyneit\u00e4": 0.2, "jakautuvat": 0.058823529411764705, "become": 0.001467351430667645, "instance": 0.0009900990099009901, "between": 0.00010150223304912708, "sanatasolla": 1.0, "avulla": 0.0013175230566534915, "are": 0.00019848020868776229, "sentence": 0.0021551724137931034, "alkoivat": 0.010869565217391304, "tutkimus": 0.0015220700152207, "previous": 0.0007496251874062968, "useita": 0.004291845493562232, "outside": 0.001379310344827586, "syntactic": 0.007936507936507936, "esimerkiksi": 0.0005227391531625719, "j\u00e4rjestyksen": 0.045454545454545456, "alisteiset": 0.14285714285714285, "lauseilla": 1.0, "yleisi\u00e4": 0.028985507246376812, "research": 0.00013374348000534973, "for": 6.264617440694954e-05, "kielipiirteilt\u00e4\u00e4n": 1.0, "however": 0.00014174344436569808, "lakien": 0.1111111111111111, "korpuslingvistiikan": 0.5, "defining": 0.006097560975609756, "to": 6.241195456409707e-05, "occur": 0.0008278145695364238, "johtolause": 0.5, "distributed": 0.00398406374501992, "phrase": 0.0027100271002710027, "government": 0.004048582995951417, "kompleksisuuspiirteet": 1.0, "form": 0.00028074115665356543, "asetteluun": 0.5, "data": 0.0003925160277377993, "containing": 0.0015698587127158557, "yleis\u00f6lle": 0.04, "k\u00e4ytettyihin": 0.1111111111111111, "is": 2.9746411839071912e-05, "useat": 0.013333333333333334, "many": 0.00023272050267628578, "tarkastellut": 0.05, "pienempiin": 0.16666666666666666, "konventiot": 0.3333333333333333, "osia": 0.024390243902439025, "nykylakikielt\u00e4": 1.0, "tutkimuksissa": 0.008695652173913044, "muutoksia": 0.008333333333333333, "joita": 0.0018552875695732839, "vaihteessa": 0.05263157894736842, "enactment": 0.125, "number": 0.00026616981634282674, "s\u00e4\u00e4nn\u00f6nmukaisemmin": 1.0, "tarkemmin": 0.004878048780487805, "kaudella": 0.038461538461538464, "alkuisilla": 1.0, "syntax": 0.011428571428571429, "kompleksisuus": 0.4, "s\u00e4\u00e4d\u00f6ksi\u00e4": 0.16666666666666666, "lis\u00e4\u00e4ntyv\u00e4t": 0.2, "of": 4.740639607095789e-05, "joka": 0.00037593984962406017, "carried": 0.0018018018018018018, "survey": 0.00199203187250996, "language": 0.00045238633793259444, "organise": 0.027777777777777776, "shows": 0.0016025641025641025, "smaller": 0.001519756838905775, "phrasal": 0.05263157894736842, "structures": 0.000612369871402327, "new": 0.00033789491468153406, "audiences": 0.020833333333333332, "surveys": 0.01020408163265306, "functions": 0.0006675567423230974, "kiinnittyy": 0.045454545454545456, "sanaston": 0.16666666666666666, "merkit\u00e4\u00e4n": 0.05263157894736842, "v\u00e4henev\u00e4t": 1.0, "examined": 0.002004008016032064, "printed": 0.002638522427440633, "types": 0.0006172839506172839, "virkkeiden": 0.5, "teoriatausta": 0.5, "signalled": 0.06666666666666667, "including": 0.0007892659826361484, "mik\u00e4": 0.0009182736455463728, "v\u00e4limerkkej\u00e4": 0.6666666666666666, "thesis": 0.0003616636528028933, "kappalemerkeill\u00e4": 1.0, "tarkastelee": 0.015873015873015872, "three-part": 0.125, "kielipiirteet": 1.0, "and": 0.00016967101375505356, "vaihtumisesta": 0.5, "more": 0.000354421407052986, "make": 0.0005530973451327434, "hy\u00f6dynt\u00e4\u00e4": 0.008771929824561403, "at": 6.507451031430989e-05, "lakiteksteiss\u00e4": 1.0, "parliamentary": 0.08333333333333333, "preamble": 0.5, "mutta": 0.0006422607578676942, "distinct": 0.0024449877750611247, "muodostaa": 0.009345794392523364, "illustrating": 0.022727272727272728, "informational": 0.07142857142857142, "j\u00e4rjest\u00e4m\u00e4\u00e4n": 0.045454545454545456, "kirjalliseen": 0.07692307692307693, "predictable": 0.021739130434782608, "ilmauksia": 0.045454545454545456, "ett\u00e4": 0.00010797969981643452, "reflecting": 0.01818181818181818, "pidet\u00e4\u00e4n": 0.00819672131147541, "marks": 0.003745318352059925, "nominit": 0.05, "rakenne": 0.006622516556291391, "\\n\\naikaisemmissa": 0.5, "grammatical": 0.0024937655860349127, "shift": 0.003289473684210526, "organisation": 0.003076923076923077, "lausetasolla": 1.0, "ovat": 0.0010269576379974327, "tutkimuksessa": 0.0014124293785310734, "wider": 0.0035842293906810036, "structure": 0.0010476689366160294, "rakenneosaan": 1.0, "declines": 0.041666666666666664, "prepositiolausekkeet": 0.5, "kautta": 0.0009505703422053232, "lauserakenteeseen": 1.0, "syntaksin": 0.015873015873015872, "useiden": 0.014925373134328358, "uusia": 0.003389830508474576, "patterns": 0.001081081081081081, "orality": 0.125, "prevail": 0.045454545454545456, "also": 5.985873338920148e-05, "provisions": 0.07142857142857142, "lauseita": 0.1, "muuttuvat": 0.023809523809523808, "context": 0.0008543357539513029, "when": 0.00013176966662274345, "further": 0.0008169934640522876, "specific": 0.0006949270326615705,