{"waste": 0.01, "waters": 0.009708737864077669, "plating": 0.08333333333333333, "using": 0.00020312817387771684, "harmful": 0.008403361344537815, "removal": 0.007936507936507936, "exchangers": 1.0, "selective": 0.002898550724637681, "ion": 0.0017152658662092624, "metals": 0.009708737864077669, "from": 4.177982034677251e-05, "metal": 0.003472222222222222, "of": 4.7406396070957894e-06}