{"long": 0.0007173601147776184, "p\u00e4\u00e4st\u00e4": 0.007194244604316547, "potilaat": 0.125, "conducted": 0.0012135922330097086, "tutkimuskerta": 1.0, "alaryhm\u00e4": 0.4, "than": 0.0001424298532972511, "potilasta": 0.25, "saaneilla": 0.5, "ryhm\u00e4st\u00e4": 0.1111111111111111, "tavoitteet": 0.009174311926605505, "neurokognitiiviset": 0.3333333333333333, "testisuoriutumisella": 1.0, "tavoitteena": 0.003355704697986577, "that": 1.9868865487780646e-05, "vamman": 0.5, "not": 4.378092027494418e-05, "explore": 0.0045662100456621, "havaittiin": 0.018867924528301886, "neurokognitiivisia": 0.3333333333333333, "domains": 0.002840909090909091, "muuttujien": 0.04, "potilaille": 0.16666666666666666, "tarkoitus": 0.005747126436781609, "differ": 0.0033222591362126247, "menetelmi\u00e4": 0.01020408163265306, "also": 0.00017957620016760445, "neuropsychological": 0.11764705882352941, "tutkimukseen": 0.003937007874015748, "muut": 0.0031746031746031746, "self-reported": 0.046511627906976744, "osallistui": 0.013333333333333334, "there\\nwas": 1.0, "toinen": 0.0018281535648994515, "testisuoriutumisessa": 1.0, "tarkkaavaisuuden": 0.125, "current": 0.0007401924500370096, "more": 0.000177210703526493, "aiheuttavan": 0.14285714285714285, "and": 3.510434767345936e-05, "usually": 0.0007468259895444362, "phase": 0.0006493506493506494, "executive": 0.02531645569620253, "tutkimuksessa": 0.0014124293785310734, "injury": 0.046153846153846156, "pit\u00e4isi": 0.005917159763313609, "examine": 0.0070921985815602835, "detected": 0.0016722408026755853, "did": 0.0003698224852071006, "johtop\u00e4\u00e4t\u00f6kset": 0.010309278350515464, "viimeist\u00e4\u00e4n": 0.04, "saaneista": 0.3333333333333333, "testej\u00e4": 0.1111111111111111, "at": 6.507451031430989e-05, "l\u00f6ytyisik\u00f6": 0.5, "lasting": 0.025, "havaitaanko": 0.3333333333333333, "toiminnanohjauksen": 1.0, "kuukauden": 0.04819277108433735, "olisi": 0.0008123476848090983, "up": 0.0008703220191470844, "kuten": 0.0005793742757821553, "heikommin": 0.25, "attention": 0.002652519893899204, "tulevassa": 0.1111111111111111, "resolve": 0.009708737864077669, "selv\u00e4sti": 0.003389830508474576, "second": 0.0008798944126704796, "concerning": 0.0011947431302270011, "p\u00e4iv\u00e4\u00e4": 0.014925373134328358, "questionnaire": 0.003236245954692557, "have": 5.3556126820908315e-05, "ei": 0.00013294336612603032, "contributing": 0.010101010101010102, "group": 0.00033886818027787193, "kuitenkin": 0.0005058168942842691, "study": 0.00042176296921130323, "experience": 0.0008984725965858042, "tarpeeksi": 0.009433962264150943, "sek\u00e4": 0.0009970089730807576, "continue": 0.003194888178913738, "jatkavan": 1.0, "month": 0.00881057268722467, "level": 0.0003599712023038157, "v\u00e4hemmist\u00f6n": 0.03125, "brief": 0.004405286343612335, "aivovammojen": 1.0, "ryhm\u00e4tasolla": 0.5, "etsi\u00e4": 0.021739130434782608, "trauma": 0.047619047619047616, "oireisiin": 0.2, "ja": 9.829700439879095e-05, "p\u00e4\u00e4osin": 0.011111111111111112, "significant": 0.0008084074373484236, "for": 2.088205813564985e-05, "symptoms": 0.007067137809187279, "neurocognitive": 0.12195121951219512, "kuluessa": 0.01639344262295082, "liev\u00e4n": 0.8333333333333334, "joillain": 0.16666666666666666, "some": 0.00027221995372260786, "be": 3.209448616727646e-05, "assessed": 0.00392156862745098, "patteristolla": 1.0, "both": 0.00016142050040355126, "sensitiivisi\u00e4": 1.0, "objektiivisiin": 0.25, "correlated": 0.0033333333333333335, "tutkimuksen": 0.0008149959250203749, "ryhm\u00e4\u00e4": 0.03225806451612903, "neuropsykologisiin": 1.0, "neuropsykologisessa": 1.0, "were": 6.332721170286872e-05, "verrokkiryhm\u00e4n": 0.5, "j\u00e4lkeen": 0.0009319664492078285, "subtle": 0.011235955056179775, "vapaaehtoista": 0.07142857142857142, "acute": 0.00398406374501992, "this": 3.460686600221484e-05, "tervett\u00e4": 0.2, "yhteys": 0.005649717514124294, "neuropsykologisia": 0.5, "kuukautta\\n\\nmenetelm\u00e4t": 1.0, "arvioituna": 0.5, "neuropsykologisella": 1.0, "muistin": 0.03333333333333333, "jotka": 0.0005461496450027307, "can": 6.90035881865857e-05, "ryhm\u00e4lle": 0.058823529411764705, "oli": 0.0002827654460624912, "including": 0.0007892659826361484, "t\u00e4rke\u00e4\u00e4": 0.0033444816053511705, "h\u00e4iri\u00f6it\u00e4": 0.12, "objective": 0.002688172043010753, "objectives": 0.007874015748031496, "in": 5.338280139596026e-05, "potilasryhm\u00e4ss\u00e4": 1.0, "kohdalla": 0.0028653295128939827, "joilla": 0.009933774834437087, "if": 0.0001416029453412631, "showed": 0.000851063829787234, "conclusion": 0.002109704641350211, "whether": 0.0005078720162519045, "examination": 0.005847953216374269, "memory": 0.00228310502283105, "compare": 0.003205128205128205, "eritt\u00e4in": 0.0031545741324921135, "scat2-kysely": 1.0, "suoriutuisi": 1.0, "testeill\u00e4": 1.0, "are": 5.6708631053646363e-05, "testattiin": 0.045454545454545456, "needed": 0.0017605633802816902, "teetettiin": 1.0, "raportoidaan": 0.2, "testituloksiin": 1.0, "dysfunctions": 0.3333333333333333, "muistia": 0.07692307692307693, "saanutta": 0.25, "selvitt\u00e4\u00e4": 0.005291005291005291, "subgroup": 0.010638297872340425, "yksitt\u00e4isten": 0.014084507042253521, "mtbilievien": 1.0, "first": 0.00046685340802987864, "aim": 0.0029615004935834156, "completed": 0.004166666666666667, "one": 0.00010423181154888472, "battery": 0.004347826086956522, "subjektiivisia": 0.2222222222222222, "cause": 0.0012642225031605564, "kummallekin": 0.5, "known": 0.0006361323155216285, "with": 0.00014222727919214906, "to": 8.024394158241052e-05, "kehitt\u00e4\u00e4": 0.007407407407407408, "factors": 0.0005988023952095808, "future": 0.0006858710562414266, "pitk\u00e4kestoisiin": 1.0, "yli": 0.003745318352059925, "my\u00f6s": 0.0002822466836014677, "verrokkia": 0.5, "aiheuttamat": 0.058823529411764705, "scat2": 1.0, "controls": 0.010471204188481676, "lyhyell\u00e4": 0.1, "research": 0.00013374348000534973, "tekij\u00f6it\u00e4": 0.00909090909090909, "was": 0.0001584723267699378, "aivovamman": 1.0, "kolmen": 0.0234375, "lievien": 1.0, "using": 0.00020312817387771684, "is": 2.9746411839071912e-05, "saamisen": 0.0625, "liev\u00e4t": 1.0, "verrata": 0.027777777777777776, "follow": 0.0033783783783783786, "symptoms\\n\\nresults": 1.0, "minority": 0.008695652173913044, "t\u00e4m\u00e4n": 0.0007412898443291327, "months": 0.005050505050505051, "kuin": 0.00034223134839151266, "on": 5.978358342799067e-05, "examined": 0.002004008016032064, "functions": 0.0013351134846461949, "mild": 0.015873015873015872, "tai": 0.00020855057351407716, "potilaiden": 0.06451612903225806, "riski": 0.037037037037037035, "ensimm\u00e4isest\u00e4\\n\\ntulokset": 1.0, "participated": 0.0036363636363636364, "akuuttivaiheessa": 1.0, "potilas": 0.08333333333333333, "mtbi": 1.0, "from": 4.177982034677251e-05, "seurannassa": 0.6666666666666666, "groups": 0.0005081300813008131, "tarkkaavaisuutta": 0.2, "but": 8.153946510110893e-05, "muuta": 0.004201680672268907, "reported": 0.0008628127696289905, "havaittu": 0.02564102564102564, "traumatic": 0.2, "patients": 0.010638297872340425, "longer": 0.0014347202295552368, "kartoittava": 0.25, "voitaisiin": 0.007246376811594203, "suoriutui": 0.3333333333333333, "of": 3.7925116856766316e-05, "brain": 0.003257328990228013, "joka": 0.0007518796992481203, "oireita": 0.09523809523809523, "toiminnanohjausta": 1.0, "eroa": 0.010638297872340425, "tutkia": 0.0056179775280898875, "after": 0.001321003963011889, "oireilua": 1.0, "days": 0.0016313213703099511, "tests": 0.005703422053231939, "new": 0.00016894745734076703, "potilailla": 0.2222222222222222, "helpottavat": 0.1, "selfreported": 0.25, "erottaa": 0.012658227848101266, "merkitt\u00e4v\u00e4si": 1.0, "h\u00e4iri\u00f6t": 0.1111111111111111, "potilaista": 0.125, "healthy": 0.0111731843575419, "test": 0.0007716049382716049, "neuropsykologisilla": 0.14285714285714285, "kolme": 0.005934718100890208, "months\\n\\nmethods": 1.0, "performance": 0.0010162601626016261,