{"university": 0.0010482180293501049, "t\u00e4rkeimp\u00e4n\u00e4": 0.023255813953488372, "normitettuja": 1.0, "ensimm\u00e4inen": 0.001049317943336831, "erityistarkasteluun": 1.0, "lopuksi": 0.006309148264984227, "luvun": 0.008064516129032258, "library": 0.037037037037037035, "toisessa": 0.002849002849002849, "ryhm\u00e4n": 0.006622516556291391, "liittyy": 0.0010672358591248667, "riemannin": 0.25, "av": 0.004524886877828055, "lien": 1.0, "g2-monistoihin": 1.0, "kahden": 0.0017574692442882249, "sileit\u00e4": 1.0, "g2-monistot": 1.0, "reaaliluvut": 1.0, "helsingin": 0.0003757985719654265, "\\n": 0.6363636363636364, "vastaava": 0.003663003663003663, "differentiaaligeometriaa": 1.0, "ett\u00e4": 0.00014903870038253267, "p\u00e4\u00e4s\u00e4iekimppu": 1.0, "derivaatta-algebrana": 1.0, "su(2": 1.0, "kutsutaan": 0.003194888178913738, "voidaan": 0.00045589240939138365, "g2": 1.0, "tuloksia": 0.002380952380952381, "kertaa": 0.0022624434389140274, "kohomologian": 1.0, "k\u00e4y": 0.003076923076923077, "perusominaisuuksia": 0.3333333333333333, "l\u00e4pi": 0.006396588486140725, "ovat": 0.0002854967643700038, "tarvittava": 0.045454545454545456, "unitaariryhm\u00e4t": 1.0, "m\u00e4\u00e4ritelm\u00e4": 0.006993006993006993, "erityisesti": 0.0014947683109118087, "helsinki": 0.00025926886180969663, "algebra": 0.5, "kirjastossa": 0.030303030303030304, "kolmiulotteinen": 0.041666666666666664, "ryhm\u00e4t": 0.010309278350515464, "at": 0.002932551319648094, "assosiatiivisella": 1.0, "joista": 0.0013333333333333333, "opinn\u00e4ytteiden": 0.07142857142857142, "su(3": 1.0, "luettavissa": 0.01639344262295082, "tarkastellaan": 0.0016420361247947454, "kuten": 0.00028993911278631486, "kulmininoituvat": 1.0, "vain": 0.0002464268112370626, "kvaterniot": 1.0, "available": 0.03571428571428571, "seitsem\u00e4nulotteisia": 1.0, "k\u00e4yd\u00e4\u00e4n": 0.024691358024691357, "h\u00e4vi\u00e4\u00e4": 0.05555555555555555, "topologiaa": 0.25, "k\u00e4sitell\u00e4\u00e4n": 0.00516795865633075, "avhandlingen": 0.09090909090909091, "httpwwwhelsinkifihelkaindexhtmjohdatus": 1.0, "sek\u00e4": 0.0002857959416976279, "keski\u00f6ssa": 1.0, "kappale": 0.006944444444444444, "ricci-kaarevuus": 1.0, "matriisiryhmi\u00e4": 1.0, "se": 0.000104942806170637, "abstract": 0.009900990099009901, "muita": 0.00117096018735363, "kiinnostavia": 0.021739130434782608, "sit\u00e4": 0.00022825838849577722, "kolmas": 0.0034482758620689655, "only": 0.0136986301369863, "l\u00e4sesalsbruk": 0.09090909090909091, "ja": 0.00011684095442368199, "finns": 0.02631578947368421, "sen": 0.00010792143319663285, "kahdennuksella": 1.0, "avhandlingens": 0.09090909090909091, "jotka": 0.0007190795781399808, "tiivistelm\u00e4": 0.010869565217391304, "tulokset": 0.0016891891891891893, "luku": 0.0014134275618374558, "hae": 0.07142857142857142, "tulevat": 0.0028653295128939827, "yhteydess\u00e4": 0.0006949270326615705, "ty\u00f6ss\u00e4": 0.00234192037470726, "s6": 1.0, "automorfismiryhm\u00e4n\u00e4": 1.0, "ymm\u00e4rt\u00e4\u00e4": 0.0035650623885918, "sammandrag": 0.038461538461538464, "algebroja": 1.0, "seuraa": 0.00423728813559322, "esitell\u00e4": 0.015873015873015872, "kyseisell\u00e4": 0.04, "yhten\u00e4isyys": 0.02631578947368421, "otetaan": 0.005917159763313609, "teoriakokonaisuudesta\\n": 1.0, "avaruudella": 1.0, "ortogonaaliryhm\u00e4": 1.0, "monistoja": 1.0, "m\u00e4\u00e4ritell\u00e4\u00e4n": 0.004784688995215311, "tavoitteeseen": 0.045454545454545456, "f\u00f6r": 0.0033003300330033004, "bibliotek": 0.07142857142857142, "copy": 0.09090909090909091, "samassa": 0.0026455026455026454, "keskeisi\u00e4": 0.004166666666666667, "johon": 0.0011876484560570072, "kolme": 0.0013717421124828531, "aluksi": 0.0024449877750611247, "joilla": 0.0017543859649122807, "room": 0.029411764705882353, "whole": 0.04, "todistetaan": 0.1111111111111111, "kolmiulotteiset": 0.5, "l\u00f6ydet\u00e4\u00e4n": 0.08823529411764706, "esille": 0.0011947431302270011, "teoria": 0.004424778761061947, "use": 0.006896551724137931, "jakoalgebroja": 1.0, "m\u00e4\u00e4ritelm\u00e4\u00e4n": 0.07142857142857142, "kahdentamalla": 1.0, "kahdella": 0.008333333333333333, "yksikk\u00f6pallo": 1.0, "k\u00e4sittelee": 0.008298755186721992, "yliopiston": 0.0008051529790660225, "puolestaan": 0.0009671179883945841, "is": 0.0009124087591240876, "endast": 0.04, "h\u00e4vi\u00e4misest\u00e4": 0.3333333333333333, "tuohon": 0.017543859649122806, "n\u00e4ist\u00e4": 0.002, "algebran": 0.3333333333333333, "kohomologialuokkia": 1.0, "suunnistuvia": 1.0, "arkistokappaleet": 0.08333333333333333, "paper": 0.02040816326530612, "ensimm\u00e4isen": 0.0012755102040816326, "pappersexemplaret": 0.09090909090909091, "tuo": 0.0018315018315018315, "avaruus": 0.06666666666666667, "httpwwwhelsinkifihelkaindexhtm": 0.09090909090909091, "esittelem\u00e4ll\u00e4": 0.058823529411764705, "kompaktius": 1.0, "alustava": 0.038461538461538464, "3-muodolla": 1.0, "reading": 0.02631578947368421, "oktonioiden": 1.0, "helsingfors": 0.0027397260273972603, "kaikki": 0.00040551500405515005, "alustavasta": 0.5, "my\u00f6s": 0.0001156938740093712, "so(3": 1.0, "helka-databasen": 0.09090909090909091, "tutustutaan": 0.05263157894736842, "cauleyn-dicksonin": 1.0, "merkitt\u00e4v\u00e4": 0.002544529262086514, "homologiaa": 1.0, "p\u00e4\u00e4tavoite": 0.09090909090909091, "ryhm\u00e4": 0.003115264797507788, "search": 0.03225806451612903, "imagin\u00e4\u00e4risten": 1.0, "dynkinin": 1.0, "yksinkertainen": 0.007936507936507936, "s\u00f6k": 0.08333333333333333, "catalog": 0.09090909090909091, "g2-monistojen": 1.0, "kahdeksanulotteiset": 1.0, "spin-rakenne": 1.0, "on": 0.00017562346329469617, "jotta": 0.0011947431302270011, "helka-tietokannasta": 0.09090909090909091, "prosessiksi": 0.1111111111111111, "juurisysteemej\u00e4": 1.0, "viimeinen": 0.008333333333333333, "for": 0.0009165902841429881, "the": 0.00032726082687902256, "g2-moniston": 1.0, "tangenttikimppu": 1.0, "vektori": 0.012048192771084338, "helka": 0.058823529411764705, "kahdentamista": 1.0, "kaksi": 0.0008, "kohomologiaa": 1.0, "luvussa": 0.0010718113612004287, "p\u00e4\u00e4-su(3-s\u00e4iekimppu": 1.0, "of": 0.00013250298131707962, "algebrallista": 0.5, "oktoniot": 1.0, "tutkielman": 0.009852216748768473, "kustakin": 0.058823529411764705, "menetelmiin": 0.03571428571428571, "varustettu": 0.043478260869565216, "nelj\u00e4nnen": 0.014705882352941176, "stiefel-whitney-kohomologialuokan": 1.0, "keskeiset": 0.0058823529411764705, "p\u00e4\u00e4st\u00e4\u00e4n": 0.010752688172043012, "siis": 0.000449842555105713, "motivoimana": 1.0, "online": 0.011627906976744186, "thesis": 0.01639344262295082, "sill\u00e4": 0.0003313452617627568, "eli": 0.00035398230088495576, "hela": 0.010309278350515464, "diagrammeja": 1.0, "ristitulo": 0.08333333333333333, "isotropia-aliryhm\u00e4": 1.0, "universitets": 0.07692307692307693, "puhtaiden": 0.2, "g2-monisto": 1.0, "laskennallisen": 0.125, "joiden": 0.00145985401459854}