{"university": 0.0010482180293501049, "rokotteen": 1.0, "monte": 0.03571428571428571, "tilajoukko": 0.25, "mukaan": 0.00016353229762878168, "k\u00e4ytet\u00e4\u00e4n": 0.0012121212121212121, "rokote": 1.0, "mallinnetaan": 0.05, "library": 0.037037037037037035, "teemoja": 0.011627906976744186, "tutkittiin": 0.014492753623188406, "oletus": 0.014705882352941176, "erilaista": 0.006896551724137931, "esiasteiden": 0.6666666666666666, "av": 0.004524886877828055, "ker\u00e4tyn": 0.029411764705882353, "pitkittyess\u00e4\u00e4n": 1.0, "teht\u00e4v\u00e4\u00e4": 0.008620689655172414, "simulointiskenaarioissa": 1.0, "korkean": 0.014925373134328358, "havaittiin": 0.008064516129032258, "eksponenttifunktioon": 1.0, "keskinopeasti": 1.0, "helsingin": 0.0003757985719654265, "t\u00e4ss\u00e4": 0.00028538812785388126, "huomioitu": 0.015873015873015872, "kulun": 0.05555555555555555, "suojaava": 0.16666666666666666, "ett\u00e4": 9.935913358835511e-05, "papillomavirusinfektio": 1.0, "hasardiin": 1.0, "voidaan": 0.00022794620469569182, "keskeisin": 0.018867924528301886, "patricia-aineistoa": 1.0, "simuloidaan": 0.3333333333333333, "l\u00e4hivuosina": 0.1, "helka-tietokannasta": 0.09090909090909091, "ovat": 9.516558812333461e-05, "toimintaperiaatteisiin": 0.3333333333333333, "todenn\u00e4k\u00f6isyysjakaumasta": 0.5, "jolla": 0.0012706480304955528, "v\u00e4est\u00f6tason": 1.0, "helsinki": 0.00025926886180969663, "patricia-rokotetutkimuksella": 1.0, "papilloomavirus": 1.0, "mallilla": 0.1111111111111111, "kansainv\u00e4lisell\u00e4": 0.06666666666666667, "at": 0.002932551319648094, "aineistot": 0.010869565217391304, "analyyttisesti": 0.045454545454545456, "avhandlingen": 0.09090909090909091, "oliko": 0.005494505494505495, "henkil\u00f6t": 0.005747126436781609, "antavien": 0.25, "opinn\u00e4ytteiden": 0.07142857142857142, "luettavissa": 0.01639344262295082, "ketjun": 0.025, "kuten": 0.00028993911278631486, "merkitt\u00e4v\u00e4\u00e4": 0.007352941176470588, "hasardi": 1.0, "use": 0.006896551724137931, "uskottavuusfunktion": 0.6666666666666666, "aiheuttama": 0.017241379310344827, "maksimin": 0.08333333333333333, "available": 0.03571428571428571, "algoritmi": 0.0125, "whole": 0.04, "spontaanin": 0.3333333333333333, "finns": 0.02631578947368421, "httpwwwhelsinkifihelkaindexhtmkohdunkaulan": 1.0, "tehd\u00e4\u00e4n": 0.003125, "hoidolla": 0.1111111111111111, "patricia-tutkimuksessa": 1.0, "nykyisin": 0.007194244604316547, "eri": 0.0006319780914261639, "tuottaa": 0.002785515320334262, "havaitsemisen": 0.08333333333333333, "ty\u00f6n": 0.0011273957158962795, "abstract": 0.009900990099009901, "opinn\u00e4ytety\u00f6ss\u00e4": 0.4, "muita": 0.00117096018735363, "johtavia": 0.1, "hpv-tyyppien": 1.0, "maksimi": 0.027777777777777776, "tehty": 0.0022222222222222222, "kirjastossa": 0.030303030303030304, "only": 0.0136986301369863, "l\u00e4sesalsbruk": 0.09090909090909091, "s\u00f6k": 0.08333333333333333, "thesis": 0.01639344262295082, "ja": 2.5037347376503286e-05, "tyyppej\u00e4": 0.1111111111111111, "kansallista": 0.008849557522123894, "avhandlingens": 0.09090909090909091, "onko": 0.001607717041800643, "tiivistelm\u00e4": 0.010869565217391304, "pohjalta": 0.0011862396204033216, "kuitenkaan": 0.0008, "hae": 0.07142857142857142, "jonka": 0.0005813953488372093, "esiasteen": 0.5, "carlo": 0.02857142857142857, "tarkastellaan": 0.0016420361247947454, "endast": 0.04, "pidet\u00e4\u00e4n": 0.0031746031746031746, "sammandrag": 0.038461538461538464, "hpv-infektion": 1.0, "infektion": 0.8, "j\u00e4lkeen": 0.00039261876717707107, "hoitojen": 1.0, "markovilaisella": 1.0, "yliopiston": 0.0008051529790660225, "esiasteeksi": 1.0, "vaikutusta": 0.0032258064516129032, "yleisin": 0.010752688172043012, "muodostetaan": 0.01098901098901099, "f\u00f6r": 0.0033003300330033004, "olevan": 0.0005047955577990914, "bibliotek": 0.07142857142857142, "copy": 0.09090909090909091, "tehoa": 0.047619047619047616, "keskeisi\u00e4": 0.004166666666666667, "infektiolta": 1.0, "infektioihin": 1.0, "aineistoa": 0.0033222591362126247, "laajalla": 0.058823529411764705, "perusteltu": 0.022727272727272728, "miss\u00e4": 0.0009082652134423251, "edenneet": 0.09090909090909091, "joilla": 0.0017543859649122807, "room": 0.029411764705882353, "aineistoilla": 1.0, "ratkaista": 0.003861003861003861, "ei": 5.779010633379565e-05, "kulkua": 0.02631578947368421, "vain": 0.0002464268112370626, "jostakin": 0.017543859649122806, "j\u00e4ljittelev\u00e4\u00e4": 1.0, "hyvinvoinnin": 0.0035587188612099642, "maksimoiva": 1.0, "jaotellaan": 0.14285714285714285, "mallinnus": 0.02857142857142857, "vaikutus": 0.0029498525073746312, "uskottavuusfunktio": 0.5, "hpv-tyyppej\u00e4": 1.0, "perehtyminen": 0.05263157894736842, "rokotusohjelmaa": 1.0, "tavoitteena": 0.0014144271570014145, "kehittymist\u00e4": 0.009523809523809525, "algoritmin": 0.012345679012345678, "markovin": 0.013513513513513514, "arkistokappaleet": 0.08333333333333333, "for": 0.0009165902841429881, "pappersexemplaret": 0.09090909090909091, "nopeasti": 0.002967359050445104, "algoritmia": 0.06451612903225806, "httpwwwhelsinkifihelkaindexhtm": 0.09090909090909091, "parametri": 0.03225806451612903, "estimoimiseen": 1.0, "arvioida": 0.004166666666666667, "mcmc-algoritmi": 1.0, "terveyden": 0.004524886877828055, "n\u00e4ytteit\u00e4": 0.02564102564102564, "reading": 0.02631578947368421, "is": 0.0009124087591240876, "vaikuttaa": 0.0008291873963515755, "helsingfors": 0.0027397260273972603, "t\u00e4m\u00e4n": 0.00032562683165092806, "simuloitua": 0.5, "yli": 0.0012391573729863693, "my\u00f6s": 5.78469370046856e-05, "silloin": 0.001430615164520744, "helka-databasen": 0.09090909090909091, "esiaste": 0.1, "human": 0.007194244604316547, "aiheuttaa": 0.004347826086956522, "k\u00e4yt\u00f6ss\u00e4": 0.002173913043478261, "hankalaa": 0.01818181818181818, "sy\u00f6v\u00e4n": 0.6, "teoriaan": 0.010869565217391304, "useissa": 0.005555555555555556, "infektiot": 0.5, "search": 0.03225806451612903, "metropolis-hastings": 0.15789473684210525, "kuinka": 0.0011160714285714285, "riskin": 0.06666666666666667, "tulehdus": 0.09090909090909091, "tutkimusprotokollan": 1.0, "terveystiloista": 1.0, "tunnetaan": 0.005780346820809248, "koostuu": 0.004291845493562232, "hoidettu\\nty\u00f6n": 1.0, "niiden": 0.00031959092361776926, "kohdunkaulansy\u00f6p\u00e4\u00e4n": 1.0, "catalog": 0.09090909090909091, "parantuviin": 1.0, "on": 0.00017562346329469617, "laitoksella": 0.037037037037037035, "tai": 8.97827258035554e-05, "ihmisen": 0.0005868544600938967, "hoitoja": 0.16666666666666666, "halutusta": 0.125, "seurannassa": 0.034482758620689655, "vai": 0.0007942811755361397, "the": 0.00032726082687902256, "osa": 0.000429553264604811, "helka": 0.058823529411764705, "pieneksi": 0.030303030303030304, "havaintoaineiston": 0.3333333333333333, "ne": 0.0002703433360367667, "sukupuoliteitse": 1.0, "k\u00e4ytt\u00e4en": 0.010101010101010102, "suomessa": 0.0004737091425864519, "erityisesti": 0.0004982561036372695, "of": 0.00013250298131707962, "simulointiskenaarioilla": 1.0, "paranemisen": 0.36363636363636365, "tutkielman": 0.0049261083743842365, "tutkia": 0.003215434083601286, "kun": 0.00017358097552508245, "papillomavirus": 0.5, "perustuva": 0.0070921985815602835, "voi": 0.00018268176835951772, "estimoidaan": 1.0, "jatkotutkimuksiin": 0.14285714285714285, "maissa": 0.00684931506849315, "hitaasti": 0.01, "online": 0.011627906976744186, "hoitoon": 0.0033783783783783786, "solumuutoksia": 1.0, "tauti": 0.016129032258064516, "parametrien": 0.043478260869565216, "sill\u00e4": 0.0003313452617627568, "aineistolle": 0.0625, "joista": 0.0026666666666666666, "eli": 0.0007079646017699115, "hela": 0.010309278350515464, "oletettiin": 0.03333333333333333, "simuloiduilla": 0.5, "tarttuva": 0.3333333333333333, "aiheuttamat": 0.022727272727272728, "l\u00e4hetettiin": 0.03125, "universitets": 0.07692307692307693, "mallista": 0.03333333333333333, "paper": 0.02040816326530612, "joiden": 0.00072992700729927}