{"autobiographies": 0.041666666666666664, "syvennyt\u00e4\u00e4n": 0.25, "tarkastelee": 0.015873015873015872, "postkolonialistisen": 1.0, "monomyth": 1.0, "malcom": 0.3333333333333333, "l\u00f6ydett\u00e4viss\u00e4": 0.022222222222222223, "henkil\u00f6ill\u00e4": 0.14285714285714285, "lukijan": 0.012345679012345678, "2000-luvun": 0.038461538461538464, "tutkielma": 0.009389671361502348, "asioita": 0.0038314176245210726, "teemoja": 0.018518518518518517, "itsest\u00e4\u00e4n": 0.011904761904761904, "my\u00f6s\\npostkolonialistisen": 1.0, "paluuta\\nmuistuttavia": 1.0, "tuotantoa": 0.041666666666666664, "kvalitatiivinen": 0.0625, "teoria": 0.00847457627118644, "omael\u00e4m\u00e4kerran": 0.2, "analyysi": 0.0048543689320388345, "selitt\u00e4\u00e4": 0.007194244604316547, "paluu\\ntutkielmassa": 1.0, "julkisesta": 0.16666666666666666, "teoksissa": 0.02857142857142857, "samankaltaista": 0.06666666666666667, "jokaisessa": 0.03125, "ep\u00e4tasa-arvoisissa\\nyhteiskunnissa": 1.0, "tutkimus": 0.0030441400304414, "hy\u00f6dynnetty\\nmonomyytin": 1.0, "kolonialistisen": 0.5, "toimivat": 0.0045045045045045045, "tyler": 0.06666666666666667, "sankarista": 1.0, "selvitt\u00e4\u00e4": 0.005291005291005291, "xn\\nja": 1.0, "nostavat\\nesille": 1.0, "ett\u00e4": 0.00010797969981643452, "narratiivinen": 0.5, "teoriaosuudessa": 0.09090909090909091, "narratiivisella": 1.0, "postkolonialistinen": 1.0, "ollut": 0.0005291005291005291, "n\u00e4m\u00e4": 0.0017985611510791368, "ihmisoikeus": 1.0, "suosion": 0.05263157894736842, "l\u00e4ht\u00f6": 0.2, "viholliselementin\\nel\u00e4m\u00e4kertojen": 1.0, "kerronnassa": 0.25, "ihmisoikeusrikkomusten": 1.0, "initiaatiota": 1.0, "mahdollisuuksiin": 0.041666666666666664, "omael\u00e4m\u00e4kerta": 0.25, "teokset": 0.03571428571428571, "kertojan\\npaljastamia": 1.0, "suosituinta": 1.0, "populaarikulttuurin": 0.3333333333333333, "ihmiset": 0.006134969325153374, "ovat": 0.00025673940949935817, "pit\u00e4v\u00e4t": 0.01282051282051282, "nelson": 0.01, "omael\u00e4m\u00e4teoksessa": 1.0, "jolla": 0.006329113924050633, "my\u00f6s": 0.00014112334180073385, "etenkin": 0.002890173410404624, "kirjallisuutta": 0.020833333333333332, "todistuksinai": 1.0, "onko": 0.0026666666666666666, "mahdollisesta": 0.09090909090909091, "sankaritarinoita\\nja": 1.0, "k\u00e4yt\u00f6ss\u00e4": 0.0055248618784530384, "alin": 0.125, "taasen": 0.3333333333333333, "kokemuksiaan": 0.037037037037037035, "l\u00f6yt\u00e4\u00e4": 0.00546448087431694, "teoriaa\\ntutkielmassa": 1.0, "tulokseen": 0.06666666666666667, "konstruktiivinen": 0.3333333333333333, "tarkastellaan": 0.02097902097902098, "k\u00e4sittelev\u00e4t": 0.015625, "sankarimyyttiin\\nviittaavia": 1.0, "mahdollista": 0.0019120458891013384, "n\u00e4kyvyydest\u00e4": 0.2, "ihmisoikeuskysymykset": 1.0, "omael\u00e4m\u00e4kerronnan": 1.0, "hirsi": 0.5, "mit\u00e4\\nn\u00e4ill\u00e4": 1.0, "ymp\u00e4r\u00f6iv\u00e4st\u00e4\u00e4n": 1.0, "niiden": 0.0009578544061302681, "nelj\u00e4": 0.005555555555555556, "p\u00e4\u00e4dyt\u00e4\u00e4n": 0.25, "muotoa": 0.017857142857142856, "t\u00e4m\u00e4n": 0.002223869532987398, "valikoiduissa": 1.0, "p\u00e4iv\u00e4n\\nsankareina\\ntarkasteluun": 1.0, "on": 0.00017935075028397202, "n\u00e4ht\u00e4vill\u00e4\\nsankarimyyttiin": 1.0, "viittaavia": 0.037037037037037035, "mit\u00e4\\n1900-luvun": 1.0, "hero": 0.008130081300813009, "nelj\u00e4n": 0.018867924528301886, "ja\\nmetodologiana": 1.0, "k\u00e4ytt\u00e4m\u00e4ll\u00e4": 0.011627906976744186, "bonnie": 0.5, "mandelan": 1.0, "yht\u00e4l\u00e4isyyksi\u00e4": 0.034482758620689655, "kuvaavat": 0.012345679012345678, "n\u00e4kyvyyteen\\nomael\u00e4m\u00e4kerronnassa": 1.0, "the": 5.422375976705473e-06, "campbellin\\nteoreettiseen": 1.0, "yksinkertaisinta": 0.5, "kysymyksi\u00e4": 0.007692307692307693, "maailmasta": 0.038461538461538464, "gandhin": 1.0, "n\u00e4k\u00f6kulma": 0.005780346820809248, "niin": 0.00042301184433164127, "mahatma": 1.0, "hy\u00f6dyksi": 0.05555555555555555, "ja": 0.0001965940087975819, "mit\u00e4": 0.001549186676994578, "t\u00e4ten": 0.015384615384615385, "sankarit": 1.0, "need": 0.000591016548463357, "esitell\u00e4\u00e4n\\ncampbellin": 1.0, "tutkielman": 0.0049261083743842365, "joseph": 0.0072992700729927005, "jotka": 0.0010922992900054614, "valikoitunut": 0.1111111111111111, "edelleen": 0.003472222222222222, "teorian": 0.01680672268907563, "mahdolliseen": 0.08333333333333333, "t\u00e4m\u00e4": 0.0005934718100890207, "n\u00e4yttiv\u00e4t": 0.037037037037037035, "heroic": 0.021739130434782608, "mielikuvaan": 0.16666666666666666, "in": 6.672850174495032e-06, "sankarimalli": 1.0, "jolloin": 0.001524390243902439, "sek\u00e4": 0.0002492522432701894, "kerrontaan": 0.3333333333333333, "muotoja": 0.022222222222222223, "omael\u00e4m\u00e4nkirjoista": 1.0, "l\u00e4ht\u00f6\u00e4": 0.3333333333333333, "kahta": 0.011111111111111112, "metodologialla\\ntarkoituksena": 1.0, "kerrontaa": 0.13333333333333333, "kertojat": 0.2857142857142857, "tuovat": 0.013513513513513514, "n\u00e4k\u00f6kulmasta": 0.002173913043478261, "rakenteita": 0.01818181818181818, "kaavaa": 0.07142857142857142, "sankarimyytti": 1.0, "teoriasta": 0.04, "campbellin": 1.0, "postkolonialistia": 1.0, "ja\\nihmisoikeus": 1.0, "seuraa": 0.011627906976744186, "initiaatio": 1.0, "tarkemmin": 0.004878048780487805, "siihen": 0.0008984725965858042, "ayaan": 1.0, "maailman": 0.007142857142857143, "omael\u00e4m\u00e4kertaa": 0.3333333333333333, "lis\u00e4ksi": 0.001148105625717566, "monomyytti": 1.0, "p\u00e4\u00e4ty\u00e4": 0.1, "sankariuden": 1.0, "valikoituivat": 0.0625}