{"yksi": 0.0012578616352201257, "muassa": 0.00390625, "orja": 0.25, "kohtuullisen": 0.045454545454545456, "lains\u00e4\u00e4d\u00e4nt\u00f6\u00f6n": 0.2, "plinius": 0.09090909090909091, "rakastettuina": 1.0, "kreikkalainen": 0.1, "seuralaisista": 1.0, "caecubum": 1.0, "italialaiset": 0.3333333333333333, "nautinnot": 0.3333333333333333, "mutta": 0.0016056518946692357, "nautintojen": 0.25, "horatius": 0.6923076923076923, "joillekin": 0.047619047619047616, "ekr": 0.03571428571428571, "olla": 0.0006305170239596469, "kasveihin": 0.3333333333333333, "mill\u00e4": 0.006622516556291391, "vaan": 0.00078003120124805, "ihmisi\u00e4": 0.011235955056179775, "oodeissa": 1.0, "maecenas": 1.0, "ylellisyyslakeihin": 1.0, "varius": 1.0, "juhlaan": 0.14285714285714285, "poissa": 0.045454545454545456, "saattavat": 0.01020408163265306, "roomalaisen": 0.030303030303030304, "alueen": 0.005376344086021506, "ett\u00e4": 0.00032393909944930353, "viinin": 0.25, "naimattoman": 1.0, "kreikkalaiset": 0.023809523809523808, "falernum": 1.0, "naimisissa": 0.2, "yst\u00e4v\u00e4n": 0.25, "rakastetuista": 1.0, "on": 0.00015942288914130845, "el\u00e4m\u00e4\u00e4": 0.0136986301369863, "syit\u00e4": 0.01020408163265306, "kertaa": 0.004672897196261682, "vietto": 0.3333333333333333, "k\u00e4sittelen": 0.008695652173913044, "osittain": 0.006172839506172839, "k\u00e4yt\u00e4n": 0.007407407407407408, "henkil\u00f6ille": 0.06666666666666667, "vastoin": 0.020833333333333332, "ovat": 0.0015404364569961489, "runojaan": 1.0, "latiumin": 0.16666666666666666, "paljon": 0.0010570824524312897, "seksuaalimoraalin": 1.0, "kasvupaikkaa": 0.5, "ihmissuhteet": 0.07692307692307693, "\\n\\nkeskeisimpi\u00e4": 1.0, "hetero": 0.3333333333333333, "jota": 0.0016339869281045752, "maro": 0.125, "pohdin": 0.015625, "kutsumanimen": 1.0, "sielt\u00e4": 0.010101010101010102, "kumppaneiden": 0.5, "joista": 0.002680965147453083, "horatiuksen": 1.0, "ajanviettotapoihin": 1.0, "pidoissa": 1.0, "sabiinilaismaaseudulla": 1.0, "hyvin": 0.0007057163020465773, "kuten": 0.0017381228273464658, "l\u00e4hesk\u00e4\u00e4n": 0.045454545454545456, "tavoin": 0.0035714285714285713, "kolme": 0.002967359050445104, "vinum": 0.14285714285714285, "kirjoittaa": 0.017341040462427744, "seuralaisen": 1.0, "vain": 0.002180232558139535, "osapuoli": 0.07692307692307693, "katsottu": 0.03571428571428571, "vanhemman": 0.006944444444444444, "h\u00e4nen": 0.0008244023083264633, "tarjotaan": 0.047619047619047616, "erilaista": 0.012345679012345678, "pieni": 0.00847457627118644, "nauttia": 0.041666666666666664, "ajan": 0.001692047377326565, "perehdyn": 0.25, "erilaisten": 0.006622516556291391, "eik\u00e4": 0.0012004801920768306, "k\u00e4sitell\u00e4\u00e4n": 0.006802721088435374, "palveluihin": 0.16666666666666666, "runoilijan": 0.3333333333333333, "sek\u00e4": 0.0007477567298105683, "esiintyy": 0.008968609865470852, "tutkimusaineistonani": 0.5, "horatiukselle": 1.0, "viini": 0.5, "tunnistamattomista": 1.0, "mahdollisesti": 0.008968609865470852, "nuoria": 0.01282051282051282, "erilaiset": 0.005128205128205128, "erilaisia": 0.002531645569620253, "tucca": 1.0, "rufus": 0.05, "n\u00e4k\u00f6kulma": 0.005780346820809248, "\\n\\nt\u00e4rke\u00e4\u00e4": 1.0, "juhlien": 0.058823529411764705, "tuttavien": 0.3333333333333333, "miehi\u00e4": 0.02631578947368421, "millaisista": 0.125, "ja": 0.0005406335241933502, "olivat": 0.0005711022272986865, "yst\u00e4vi\u00e4": 0.05, "koska": 0.0008888888888888889, "jotka": 0.0005461496450027307, "lakeja": 0.1111111111111111, "campanian": 0.045454545454545456, "esimerkkien": 0.029411764705882353, "suhteita": 0.018691588785046728, "ihmisryhm\u00e4n": 0.3333333333333333, "naisiin": 0.1111111111111111, "yst\u00e4v\u00e4t": 0.08695652173913043, "orjankin": 1.0, "kutsuu": 0.023255813953488372, "homo": 0.008064516129032258, "maaseudulle": 0.05263157894736842, "esimerkiksi": 0.0015682174594877157, "yst\u00e4v\u00e4": 0.047619047619047616, "antiikin": 0.019230769230769232, "omistanut": 0.027777777777777776, "adjektiivein": 1.0, "oleviin": 0.037037037037037035, "teoksissa": 0.02857142857142857, "ominaisuuksia": 0.006944444444444444, "kumppanit": 0.2, "m\u00e4\u00e4ritell\u00e4\u00e4n": 0.034482758620689655, "salanimin\u00e4": 1.0, "taloudellinen": 0.016129032258064516, "olevan": 0.0011148272017837235, "muun": 0.00322061191626409, "ik\u00e4m\u00e4\u00e4rein": 1.0, "ilman": 0.0016366612111292963, "ole": 0.0004130524576621231, "paluu": 0.125, "yleist\u00e4": 0.012048192771084338, "jakoa": 0.09090909090909091, "suhdetta": 0.010416666666666666, "mukaan": 0.0003502626970227671, "orjia": 0.4, "viinej\u00e4": 1.0, "khioksen": 1.0, "augustuksen": 0.022727272727272728, "monesti": 0.016666666666666666, "suurelta": 0.058823529411764705, "yleissanoilla": 1.0, "ei": 0.0003988300983780909, "prostituutio": 1.0, "seksuaalisiin": 1.0, "avulla": 0.0013175230566534915, "kreikkalaista": 0.06666666666666667, "ne": 0.0003795066413662239, "tuttavapiirille": 1.0, "m\u00e4\u00e4ritelty": 0.023809523809523808, "yst\u00e4vist\u00e4": 0.5, "viett\u00e4\u00e4": 0.10526315789473684, "rauhallista": 0.25, "yst\u00e4vien": 0.047619047619047616, "oletettavasti": 0.018518518518518517, "massicum": 1.0, "nautintoihin": 1.0, "tunnettu": 0.018867924528301886, "seuralaispalvelutaustaan": 1.0, "palvelija": 0.16666666666666666, "keskeinen": 0.006666666666666667, "arvoviinit": 1.0, "osin": 0.004878048780487805, "prostituoituja": 0.3333333333333333, "aina": 0.0024968789013732834, "laajalle": 0.125, "nautinto": 0.1, "varsinaista": 0.02631578947368421, "t\u00e4rkeimm\u00e4t": 0.045454545454545456, "h\u00e4nell\u00e4": 0.015267175572519083, "viininimikett\u00e4": 1.0, "ulkoisia": 0.16666666666666666, "columellan": 1.0, "biseksuaalisiin": 1.0, "vaikuttaa": 0.0015748031496062992, "voivat": 0.0021598272138228943, "juominkien": 1.0, "kanssa": 0.0006476683937823834, "mies": 0.010309278350515464, "etuoikeutetuimman": 1.0, "my\u00f6s": 0.0007056167090036692, "seurassa": 0.1111111111111111, "h\u00e4n": 0.0009276437847866419, "flaccuksen": 1.0, "kreikkalaisper\u00e4isen": 0.5, "yhteens\u00e4": 0.004975124378109453, "italialaista": 0.3333333333333333, "aktiivinen": 0.012987012987012988, "aikakauden": 0.06, "runoissa": 0.25, "osalta": 0.0024813895781637717, "runoilijatoverit": 1.0, "rakastetut": 1.0, "tukija": 0.14285714285714285, "naisia": 0.02040816326530612, "nimettyj\u00e4": 0.125, "saaneet": 0.012048192771084338, "kuvattujen": 0.2, "prim\u00e4\u00e4ril\u00e4hteit\u00e4": 1.0, "el\u00e4imiin": 0.2, "moraaliin": 0.3333333333333333, "kaikkiaan": 0.008695652173913044, "vergilius": 0.14285714285714285, "juhlia": 0.06666666666666667, "viitata": 0.01694915254237288, "mainittuja": 0.05263157894736842, "esiintyvi\u00e4": 0.029411764705882353, "k\u00e4ytettiin": 0.004081632653061225, "vertailupohjana": 0.5, "plotius": 1.0, "tai": 0.0016684045881126173, "runoudessa": 0.5, "passiivinen": 0.0625, "nimet": 0.022222222222222223, "seksuaalisissa": 1.0, "kutsuttuja": 0.14285714285714285, "falernolaisviinist\u00e4": 1.0, "teoksia": 0.0136986301369863, "koko": 0.001215066828675577, "merum": 1.0, "rajautuu": 0.3333333333333333, "usein": 0.001953125, "joukko": 0.013888888888888888, "vapaasyntyinen": 1.0, "eniten": 0.013071895424836602, "viini\u00e4": 0.3333333333333333, "nautintoja": 0.75, "partnereina": 1.0, "edustettuina": 0.1, "tasa-arvoisiksi": 1.0, "erityisesti": 0.0014326647564469914, "lajiketta": 0.16666666666666666, "ruoka": 0.03225806451612903, "vapaasyntyisille": 1.0, "joka": 0.00037593984962406017, "avioliitto": 0.05555555555555555, "tunnistettavissa": 0.06666666666666667, "luonteenpiirteit\u00e4": 0.25, "kun": 0.00043956043956043956, "aihetta": 0.02857142857142857, "erilaisin": 0.13333333333333333, "runoissaan": 1.0, "sodasta": 0.06666666666666667, "roomassa": 0.034482758620689655, "voi": 0.00046882325363338024, "suurempaa": 0.023809523809523808, "nautinnoista": 1.0, "viinien": 0.3333333333333333, "kuvaamiin": 0.5, "suhteissa": 0.05555555555555555, "\\n\\nhoratiuksen": 1.0,