{"selitt\u00e4m\u00e4\u00e4n": 0.043478260869565216, "tanskalaisen": 0.3333333333333333, "vastaamaan": 0.018518518518518517, "kielen": 0.00468384074941452, "seurauksena": 0.0064516129032258064, "kirjeaineisto": 1.0, "alkuper\u00e4\u00e4": 0.0625, "historiaa": 0.01020408163265306, "yhteytt\u00e4": 0.008333333333333333, "seuraten": 0.16666666666666666, "vokaaliallofonian": 1.0, "perustuvan": 0.030303030303030304, "svabon": 1.0, "mutta": 0.0003211303789338471, "maakirjoissa": 1.0, "perusteltavissa": 0.1, "aiemmin": 0.003048780487804878, "av": 0.0006289308176100629, "nasalisoitumisesta": 1.0, "jakautumista": 0.25, "takaisin": 0.008547008547008548, "tapahtunut": 0.011235955056179775, "havaittiin": 0.009433962264150943, "a-vokaali": 1.0, "k\u00e4ynnistyi": 0.05555555555555555, "tutkimuksessa": 0.005649717514124294, "t\u00e4ss\u00e4": 0.0014214641080312722, "joskin": 0.019230769230769232, "vaikutuksesta": 0.0136986301369863, "erityist\u00e4": 0.015625, "allofonisesta": 1.0, "ett\u00e4": 0.00032393909944930353, "esiintyv\u00e4t": 0.011764705882352941, "j\u00e4ljenn\u00f6s": 1.0, "etymologisen": 1.0, "k\u00e4r\u00e4j\u00e4kirjoissa": 1.0, "tavurakenteeseen": 1.0, "\u00e4\u00e4nteenmuutoksen": 0.5, "voidaan": 0.0007057163020465773, "on": 0.0002391343337119627, "muinaisl\u00e4nsiskandinaavin": 1.0, "pyrit\u00e4\u00e4n": 0.006097560975609756, "syit\u00e4": 0.01020408163265306, "kuitenkin": 0.0015174506828528073, "deskriptiivisesti": 1.0, "yhteen": 0.004975124378109453, "varhaisimmissa": 1.0, "ovat": 0.0005134788189987163, "1770": 0.14285714285714285, "pyrit\u00e4": 0.1, "lienee": 0.014084507042253521, "pyrkinyt": 0.015384615384615385, "jolla": 0.006329113924050633, "jakautuminen": 0.08333333333333333, "vaikutusta": 0.0056179775280898875, "perua": 0.16666666666666666, "rekonstruktiolle": 1.0, "jens": 0.058823529411764705, "ohella": 0.009345794392523364, "edell\u00e4": 0.01384083044982699, "\u01eb-vokaalin": 1.0, "refleksien": 1.0, "runok\u00e4sikirjoitukset": 1.0, "hyvin": 0.0007057163020465773, "f\u00e4rsaarelainen": 1.0, "vastineena": 0.5, "tavattava": 1.0, "nasalisoitumiseen": 1.0, "o-kirjoitusasut": 1.0, "allofonisella": 1.0, "ja": 0.0002457425109969774, "my\u00f6hemmin": 0.006666666666666667, "l\u00e4nsiskandinaavinen": 1.0, "\u00e4\u00e4nnehistoriallisessa": 1.0, "perusteella": 0.0015313935681470138, "merkitys": 0.0024752475247524753, "tulkitsemista": 1.0, "foneettisesti\\n\\nty\u00f6n": 1.0, "kiinnitet\u00e4\u00e4n": 0.07142857142857142, "historiallisissa": 0.5, "ota": 0.03333333333333333, "refleksi": 1.0, "edellytt\u00e4\u00e4": 0.01818181818181818, "tutkimuksia": 0.007874015748031496, "nasaalikonsonanttien": 1.0, "eik\u00e4": 0.0012004801920768306, "l\u00e4hteiss\u00e4": 0.05263157894736842, "vokaalin": 0.07317073170731707, "tutkimuksia\\n\\ntutkimuksessa": 1.0, "sek\u00e4": 0.0004985044865403788, "ilmenemismuoto": 0.2, "se": 0.00014753614635585718, "mahdollisesti": 0.004484304932735426, "erilaiset": 0.005128205128205128, "islannissa": 1.0, "kehityksess\u00e4": 0.03571428571428571, "seurauksia": 0.038461538461538464, "selvitet\u00e4\u00e4n": 0.034482758620689655, "todenn\u00e4k\u00f6isesti": 0.011111111111111112, "suhteellisen": 0.00980392156862745, "muilta": 0.02631578947368421, "l\u00f6ydettyyn": 0.5, "o-vokaaleiksi": 1.0, "\u01ebn": 1.0, "nasalisoituminen": 1.0, "koska": 0.0017777777777777779, "till": 0.001088139281828074, "kehityskulku": 0.14285714285714285, "kuitenkaan": 0.001584786053882726, "osoittaa": 0.003367003367003367, "l\u00e4ht\u00f6kohtana": 0.011764705882352941, "yhteydess\u00e4": 0.0015267175572519084, "m\u00e4\u00e4ritelty": 0.023809523809523808, "\u00e4\u00e4nteenmuutoksia": 1.0, "nasalisoitumisella": 1.0, "kehityssuunta": 0.2, "tarkastellaan": 0.006993006993006993, "jolloin": 0.001524390243902439, "1298": 0.08333333333333333, "interferenssin": 1.0, "kahtiajakautumisen": 1.0, "labiaalistunut": 1.0, "sulautunut": 0.5, "vokaali\u00e4\u00e4nteen": 1.0, "analyysiss\u00e4": 0.021739130434782608, "kehitetty\u00e4": 0.1111111111111111, "\u0254-\u00e4\u00e4nteeksi": 1.0, "jakauma": 0.05, "alkuper\u00e4iset": 0.08333333333333333, "foneemin": 0.3333333333333333, "pian": 0.014492753623188406, "\\n\\ntutkimuksessa": 0.06666666666666667, "kahtalaisuus": 1.0, "kehittymist\u00e4": 0.02127659574468085, "innovaatio": 0.16666666666666666, "oli": 0.0002827654460624912, "etup\u00e4\u00e4ss\u00e4": 0.07692307692307693, "ole": 0.0004130524576621231, "piilottamiksi": 1.0, "tutkimuskysymyksiin": 0.05555555555555555, "\u01eb-\u00e4\u00e4nteen": 1.0, "miss\u00e4": 0.002890173410404624, "selitt\u00e4v\u00e4n\u00e4": 0.3333333333333333, "kirjoitettujen": 0.125, "l\u00e4nsiskandinaavin": 1.0, "yleinen": 0.007142857142857143, "sey\u00f0abr\u00e6vi\u00f0-lain": 1.0, "ei": 0.00026588673225206064, "tulkinta": 0.013888888888888888, "reflexerna": 1.0, "de": 6.409023905659168e-05, "olleet": 0.0025974025974025974, "tapahtua": 0.03125, "vain": 0.0014534883720930232, "nasaalisuuteenom": 1.0, "ilmaantuvan": 1.0, "analysoida": 0.015384615384615385, "poikkeava": 0.034482758620689655, "1": 1, "\\n\\njakautumisen": 1.0, "\u00e4\u00e4nteellisi\u00e4": 0.5, "esiintyvien": 0.0625, "\u00f8t\u00e4": 1.0, "christian": 0.0041841004184100415, "allofonisesti": 0.5, "\u0254\u0303-varianttiin": 1.0, "keskiaikaisissa": 0.125, "ollut": 0.0010582010582010583, "h\u00fasav\u00edkarbr\u00f8vini": 1.0, "o-foneemiin": 1.0, "ensimm\u00e4isen": 0.003436426116838488, "\u00e4\u00e4nnehistorian": 1.0, "aikaisempia": 0.0625, "huomiota": 0.004219409282700422, "mit\u00e4": 0.000774593338497289, "marginaaliseksi": 0.5, "etymologisesti": 0.3333333333333333, "fornv\u00e4stnordiskt": 1.0, "1584": 0.16666666666666666, "yksinomaan": 0.02702702702702703, "taustalla": 0.0044444444444444444, "muutoksen": 0.014285714285714285, "kuvatun": 0.125, "t\u00e4ytynyt": 0.029411764705882353, "oleva": 0.0049261083743842365, "kanssa": 0.0006476683937823834, "m\u00e4\u00e4ritt\u00e4miseksi": 0.08333333333333333, "u-umlaut": 1.0, "edelt\u00e4neest\u00e4": 1.0, "muodostumista": 0.043478260869565216, "vokaalien": 0.012987012987012988, "yleens\u00e4": 0.004329004329004329, "kieless\u00e4": 0.0273972602739726, "ajoittamismenetelm\u00e4n": 1.0, "sulautui": 1.0, "1600-l": 1.0, "1400-l": 1.0, "2": 1, "tutkimuskirjallisuudessa": 0.09090909090909091, "olosuhteissa": 0.03125, "muihin": 0.004739336492890996, "muinaisislannista": 1.0, "varhaisen": 0.047619047619047616, "tanskalaisissa": 0.25, "alussa": 0.0037735849056603774, "f\u00e4r\u00f6iska": 0.05, "paikannimien": 0.5, "seuraaviin": 0.05555555555555555, "vanhimmissa": 1.0, "historiallista": 0.03333333333333333, "foneettisissa": 1.0, "esiintyy": 0.008968609865470852, "a-kirjaimella": 1.0, "t\u00e4m\u00e4n": 0.0007412898443291327, "\u014b-konsonantin": 1.0, "kuin": 0.0006844626967830253, "ilmentymist\u00e4": 0.3333333333333333, "hy\u00f6dynnet\u00e4\u00e4n": 0.02564102564102564, "tai": 0.00020855057351407716, "f\u00e4\u00e4riss\u00e4kin": 1.0, "tekij\u00e4n\u00e4": 0.017857142857142856, "nimet": 0.022222222222222223, "tutkimuskysymykset": 0.014705882352941176, "nasalisoitumisen": 1.0, "sulautumaan": 0.5, "osin": 0.004878048780487805, "joita": 0.0018552875695732839, "perusteltua": 0.02857142857142857, "milloin": 0.016129032258064516, "f\u00e4\u00e4rinkieleiset": 1.0, "poikkeuksen": 0.07692307692307693, "f\u00e4\u00e4riss\u00e4": 1.0, "vokaaleihin": 0.125, "niin": 0.00042301184433164127, "o-vokaalin": 1.0, "j\u00e4i": 0.005952380952380952, "aineistoon": 0.02040816326530612, "olettaa": 0.010526315789473684, "f\u00e4\u00e4rin": 1.0, "joka": 0.00037593984962406017, "aiempia": 0.05263157894736842, "\u01eb-foneemin": 1.0, "esitt\u00e4m\u00e4t\u00f6n": 1.0, "alkuper\u00e4isen": 0.021739130434782608, "teoreettisessa": 0.07692307692307693, "maa": 0.0125, "k\u00e4ytetty": 0.003076923076923077, "t\u00e4m\u00e4": 0.0011869436201780415, "k\u00e4sittelevi\u00e4": 0.13333333333333333, "kohti": 0.004739336492890996, "nasaalien": 1.0, "h\u00e4rkomsten": 1.0, "ajankohdan": 0.125,