{"long": 0.0007173601147776184, "than": 0.0001424298532972511, "previously": 0.001652892561983471, "samankaltaisuuden": 0.125, "tutkittiin": 0.00909090909090909, "ketjua": 0.5, "not": 0.00013134276082483253, "olla": 0.0006305170239596469, "polymeraasi": 1.0, "katalyyttisten": 1.0, "v\u00e4it\u00f6skirjassa": 0.018518518518518517, "t\u00e4ss\u00e4": 0.0007107320540156361, "monilla": 0.043478260869565216, "virus": 0.002380952380952381, "no": 0.00013721185510428101, "closest": 0.007692307692307693, "ilment\u00e4misess\u00e4": 1.0, "sis\u00e4isist\u00e4": 0.09090909090909091, "because": 0.0002678093197643278, "on": 0.0002391343337119627, "virusten": 0.5, "\\n\\nas": 0.1, "kehityshistoriallisen": 1.0, "kehityshistorioista": 1.0, "alueita": 0.030303030303030304, "virion": 0.022222222222222223, "kuitenkin": 0.0010116337885685382, "t\u00e4h\u00e4n": 0.0022471910112359553, "rakenneyksik\u00f6n": 1.0, "trees": 0.007936507936507936, "oikeak\u00e4tisten": 1.0, "among": 0.0005136106831022085, "geeninvaihtoon": 1.0, "amino": 0.005747126436781609, "seem": 0.0016038492381716118, "fingers": 0.047619047619047616, "rakenneydinten": 1.0, "dependent": 0.0017543859649122807, "el\u00e4m\u00e4lle": 0.5, "relationships": 0.003579952267303103, "polymeraasit": 1.0, "oikeak\u00e4tinen": 1.0, "therefore": 0.0003837298541826554, "regions": 0.001053740779768177, "these": 9.365926758452749e-05, "t\u00e4llaisia": 0.010309278350515464, "catalysed": 0.07142857142857142, "follow": 0.0033783783783783786, "does": 0.0002782415136338342, "polymeraasiperheiden": 1.0, "peukaloon": 1.0, "ja": 9.829700439879095e-05, "t\u00e4rke\u00e4": 0.004132231404958678, "vuorostaan": 0.045454545454545456, "phage": 0.005952380952380952, "osoittaa": 0.003367003367003367, "structural": 0.004024144869215292, "oikeak\u00e4tiset": 1.0, "be": 6.418897233455292e-05, "geenien": 0.25, "all": 0.00020633446817290828, "suggest": 0.001394700139470014, "seuraa": 0.011627906976744186, "construct": 0.0035211267605633804, "viittaa": 0.00784313725490196, "illustrating": 0.022727272727272728, "families": 0.008915304606240713, "puu": 0.012048192771084338, "additional": 0.0010683760683760685, "right-hand": 0.02631578947368421, "polymeraasin": 1.0, "ilman": 0.0016366612111292963, "\\n\\noikeak\u00e4tisten": 1.0, "ole": 0.0004130524576621231, "bakteereista": 0.5, "ionien": 0.3333333333333333, "mutaatioiden": 1.0, "between": 0.0004060089321965083, "addition": 0.0007742934572202865, "proximity": 0.014285714285714285, "ei": 0.00013294336612603032, "kolmesta": 0.021739130434782608, "are": 0.00011341726210729273, "muistuttavat": 0.05, "v\u00e4ltt\u00e4m\u00e4tt\u00e4": 0.0038314176245210726, "thumb": 0.1, "their": 7.744133818632385e-05, "j\u00e4rjestys": 0.04, "relatives": 0.010869565217391304, "provides": 0.001336898395721925, "v\u00e4ltt\u00e4m\u00e4tt\u00f6mi\u00e4": 0.07692307692307693, "\\n\\nin": 0.017241379310344827, "related": 0.0008159934720522236, "phylogeny": 0.07692307692307693, "conservation": 0.004366812227074236, "havaittavissa": 0.009900990099009901, "mg2": 0.03125, "yhten\u00e4inen": 0.03571428571428571, "rna": 0.03896103896103896, "transcriptases": 1.0, "aina": 0.0012484394506866417, "subdomain": 0.2, "however": 0.00014174344436569808, "deduced": 0.015151515151515152, "core": 0.0012135922330097086, "aikaisemmin": 0.006134969325153374, "known": 0.0006361323155216285, "or": 4.915454187966968e-05, "to": 3.56639740366269e-05, "alignment": 0.003401360544217687, "transfer": 0.0010976948408342481, "l\u00e4heisyydess\u00e4": 0.09090909090909091, "polymerization": 0.047619047619047616, "this": 6.921373200442968e-05, "established": 0.00186219739292365, "proteiinirakenteita": 1.0, "k\u00e4mmeness\u00e4": 1.0, "form": 0.00028074115665356543, "mainly": 0.0011013215859030838, "viruses": 0.005115089514066497, "katalysoi": 0.3333333333333333, "mahdollista": 0.0019120458891013384, "containing": 0.0015698587127158557, "described": 0.0010188487009679063, "is": 8.923923551721573e-05, "samankaltaisuutta": 0.14285714285714285, "magnesium-ionia": 1.0, "t\u00e4m\u00e4n": 0.002223869532987398, "kuin": 0.0006844626967830253, "domeenista": 1.0, "puita": 0.04, "classification": 0.0028735632183908046, "share": 0.0014347202295552368, "solullisten": 1.0, "evolutiivisesti": 1.0, "\u03c66": 0.125, "eli\u00f6iden": 0.3333333333333333, "represent": 0.0013717421124828531, "retain": 0.015625, "kaksi": 0.001644736842105263, "v\u00e4lill\u00e4": 0.00117096018735363, "six": 0.0014044943820224719, "replicases": 1.0, "results": 0.00018747656542932134, "polymeraasien": 1.0, "of": 4.740639607095789e-05, "kolmeen": 0.016129032258064516, "non-catalytic": 1.0, "el\u00e4m\u00e4n": 0.006756756756756757, "rnan": 1.0, "havaittu": 0.01282051282051282, "t\u00e4m\u00e4": 0.0005934718100890207, "structures": 0.000612369871402327, "baltimore": 0.02127659574468085, "rna-dependent": 1.0, "viral": 0.003875968992248062, "rakenteeltaan": 0.058823529411764705, "tunnistettujen": 1.0, "there": 0.00011033873993158998, "kuvamaan": 0.3333333333333333, "eli\u00f6n": 1.0, "boundaries": 0.00390625, "resembling": 0.02564102564102564, "third": 0.0008665511265164644, "mik\u00e4": 0.0009182736455463728, "phylogenetic": 0.0392156862745098, "thesis": 0.0003616636528028933, "yksi": 0.0012578616352201257, "puun": 0.01818181818181818, "aminohappoj\u00e4rjestyst\u00e4": 1.0, "phylogenies": 0.07142857142857142, "architecture": 0.0047169811320754715, "nukleotidin": 1.0, "and": 7.020869534691872e-05, "located": 0.0034482758620689655, "life": 0.0003769317753486619, "proteiinimolekyylej\u00e4": 1.0, "at": 0.00013014902062861977, "vertailemalla": 0.047619047619047616, "that": 5.9606596463341945e-05, "pohjalta": 0.0035971223021582736, "approximately": 0.00196078431372549, "kehityshistoriallisia": 1.0, "kattaa": 0.024390243902439025, "identity": 0.001218026796589525, "kopioinnissa": 1.0, "domains": 0.002840909090909091, "subdomains": 0.25, "ion": 0.003430531732418525, "ioni": 0.5, "ett\u00e4": 0.00032393909944930353, "well": 0.0002253267237494367, "rakenne": 0.006622516556291391, "polymeraaseja": 1.0, "structure": 0.0005238344683080147, "viruksilla": 1.0, "merkitt\u00e4v\u00e4\u00e4": 0.01639344262295082, "evoluutioprosessissa": 1.0, "puut": 0.045454545454545456, "ovat": 0.00025673940949935817, "also": 5.985873338920148e-05, "gene": 0.0011933174224343676, "priming": 0.011627906976744186, "\u00e5ngstr\u00f6ms": 0.5, "\\n\\nv\u00e4it\u00f6skirja": 0.125, "do": 0.00016767270288397049, "ions": 0.007722007722007722, "s\u00e4ilyy": 0.041666666666666664, "evoluutio": 0.3333333333333333, "tree": 0.0051813471502590676, "yht\u00e4l\u00e4isyyksi\u00e4": 0.034482758620689655, "perusteella": 0.0015313935681470138, "eukaryooteista": 1.0, "joka": 0.00037593984962406017, "have": 0.00010711225364181663, "dnarna": 0.3333333333333333, "as": 6.322977700965309e-05, "korjaamisessa": 1.0, "aminohappoj\u00e4rjestyksess\u00e4": 1.0, "suggests": 0.0014367816091954023, "osoittavat": 0.008403361344537815, "aminohappoj\u00e4rjestys": 0.3333333333333333, "low": 0.0005571030640668524, "katalyysiin": 1.0, "tapahtuu": 0.005376344086021506, "following": 0.0004570383912248629, "polymeraaseilla": 1.0, "horizontal": 0.0031545741324921135, "tutkia": 0.0056179775280898875, "always": 0.0006161429451632779, "k\u00e4tt\u00e4": 0.25, "studied": 0.0005711022272986865, "kuvaava": 0.041666666666666664, "alignments": 0.022727272727272728, "least": 0.0012217470983506415, "acid": 0.0015278838808250573, "palm": 0.2222222222222222, "samankaltaisuus": 0.2857142857142857, "sormiin": 1.0, "reaktiota": 0.1, "each": 0.0002549069589599796, "right-hand-shaped": 1.0, "corresponding": 0.0015503875968992248, "potential": 0.0006341154090044388, "osallistumaton": 1.0, "arkeoneista": 1.0, "jossa": 0.0007733952049497294, "protein": 0.0021141649048625794, "mechanism": 0.0013333333333333333, "sequence": 0.002938295788442703, "structurally": 0.017857142857142856, "osaksi": 0.006666666666666667, "kauemmin": 0.07692307692307693,