{"aivan": 0.004901960784313725, "vaativat": 0.02564102564102564, "sotavahinkokorvaushakemuksista": 1.0, "seudulla": 0.1111111111111111, "artteleiksi": 1.0, "291808": 1.0, "ovat": 0.0005134788189987163, "ruokakunniksi": 1.0, "k\u00e4ytt\u00f6": 0.003289473684210526, "olleen": 0.0045662100456621, "armeija": 0.0625, "k\u00e4\u00e4nt\u00e4m\u00e4\u00e4n": 0.25, "olevissa": 0.05555555555555555, "jouduttiin": 0.05555555555555555, "rakennusten": 0.03571428571428571, "mutta": 0.0003211303789338471, "sota": 0.017857142857142856, "taakse": 0.03571428571428571, "heid\u00e4n": 0.001336898395721925, "herrasen": 1.0, "jo": 0.0007716049382716049, "sellaisena": 0.041666666666666664, "takaisin": 0.008547008547008548, "kertomusta": 0.058823529411764705, "p\u00e4\u00e4ssyt": 0.02127659574468085, "heille": 0.007042253521126761, "per\u00e4\u00e4ntymisen": 0.5, "metsien": 0.037037037037037035, "talonpojatkin": 1.0, "t\u00e4ss\u00e4": 0.0007107320540156361, "he": 0.00016450074025333114, "kuolleista\\ntutkielman": 1.0, "ry\u00f6st\u00e4m\u00e4\u00e4n\\nkeskeist\u00e4": 1.0, "etel\u00e4mm\u00e4ksi": 1.0, "lopettavat": 0.5, "ett\u00e4": 0.00010797969981643452, "haastattelusta": 0.1, "aikaan": 0.0031847133757961785, "yhteisel\u00e4m\u00e4": 0.5, "sivustassa": 1.0, "valtavat": 0.3333333333333333, "on": 0.0001394950279986449, "l\u00e4hteit\u00e4": 0.03225806451612903, "p\u00e4\u00e4ttyy": 0.03333333333333333, "muissakin": 0.04, "kohtelu": 0.09090909090909091, "kev\u00e4ttalvella": 1.0, "saada\\ntutkielmassa": 1.0, "edell\u00e4\u00e4n": 1.0, "virtain": 1.0, "taistelun": 0.0625, "surmaamisia": 1.0, "huolto": 0.3333333333333333, "per\u00e4\u00e4nnytt\u00e4m\u00e4\u00e4n": 1.0, "liittein\u00e4": 0.3333333333333333, "lienee": 0.014084507042253521, "onnistuvat": 0.2, "menestyi": 0.14285714285714285, "alavudella": 1.0, "noin": 0.006756756756756757, "kuortaneelle": 1.0, "siirtyv\u00e4t": 0.06666666666666667, "levi\u00e4\u00e4": 0.08333333333333333, "korvauksia": 0.029411764705882353, "t\u00e4h\u00e4n": 0.0044943820224719105, "taisteluiden": 0.07692307692307693, "etenemiseksi": 1.0, "k\u00e4rsiv\u00e4t": 0.05263157894736842, "l\u00e4hetetyt": 0.3333333333333333, "niit\u00e4": 0.0014347202295552368, "etel\u00e4st\u00e4": 0.16666666666666666, "kuortaneen": 1.0, "sotilaat": 0.045454545454545456, "tutkielmassa": 0.011976047904191617, "alavudelta": 1.0, "sietokykyns\u00e4\\nsuomalaiset": 1.0, "piilopirteilt\u00e4kin": 1.0, "ruokaa": 0.022222222222222223, "osan": 0.007575757575757576, "laajaper\u00e4isint\u00e4": 1.0, "ei": 0.0005317734645041213, "seudusta": 1.0, "per\u00e4\u00e4ntyminen": 1.0, "saa": 0.0022271714922048997, "ven\u00e4l\u00e4isten": 0.02631578947368421, "ruonan": 1.0, "pakkoluovutusvaatimuksista": 1.0, "sek\u00e4": 0.0004985044865403788, "kohtaaminen": 0.045454545454545456, "t\u00e4st\u00e4": 0.0021231422505307855, "p\u00e4in": 0.013157894736842105, "se": 0.00014753614635585718, "suomalaisten": 0.014184397163120567, "irtaimistojen": 1.0, "toimesta": 0.015625, "suomen": 0.005776173285198556, "alueella": 0.006802721088435374, "jaettu": 0.02631578947368421, "jotka": 0.0010922992900054614, "ja": 0.0007372275329909321, "tappaa": 0.07692307692307693, "t\u00e4rke\u00e4": 0.004132231404958678, "rothin": 0.5, "talot": 0.06666666666666667, "koska": 0.0008888888888888889, "valtaosin": 0.3333333333333333, "sotavahinkokorvaushakemuksissa": 1.0, "l\u00e4hes": 0.002857142857142857, "kuitenkaan": 0.001584786053882726, "kertomukset": 0.04, "tuomaala": 0.2, "napoleonin": 0.3333333333333333, "tiedet\u00e4\u00e4n": 0.017241379310344827, "asukkaat": 0.03225806451612903, "velvoitettu": 0.25, "n\u00e4kyv\u00e4t": 0.0196078431372549, "ven\u00e4j\u00e4n": 0.010752688172043012, "aikaisissa": 0.2, "suulliset": 0.14285714285714285, "sen": 0.0002768549280177187, "kanssa\\nven\u00e4l\u00e4isten": 1.0, "sihteeri": 0.05555555555555555, "liittyvi\u00e4": 0.005, "ruokahuolloltaan": 1.0, "hy\u00f6kk\u00e4yksest\u00e4": 1.0, "nousevat": 0.020833333333333332, "jahtaavat": 1.0, "passiiviseen": 1.0, "aktiiviseenkin": 1.0, "lis\u00e4voimia\\nsuomen": 1.0, "taisteluihin": 0.14285714285714285, "oli": 0.0002827654460624912, "1950\\nsuomen": 1.0, "ratkaisevat": 0.25, "t\u00f6ys\u00e4ss\u00e4": 1.0, "1808": 0.2857142857142857, "tarinaa": 0.043478260869565216, "makasiinij\u00e4rjestelm\u00e4\u00e4n": 1.0, "punatautiin": 1.0, "siviilien": 0.4, "1809": 0.07142857142857142, "kohtaamiset": 0.25, "omin": 0.05263157894736842, "suurelta": 0.058823529411764705, "etel\u00e4-pohjanmaan": 0.09090909090909091, "punatauti": 1.0, "v\u00e4est\u00f6st\u00e4": 0.06666666666666667, "erityisi\u00e4": 0.034482758620689655, "pett\u00e4\u00e4": 0.25, "kolmesta": 0.021739130434782608, "ne": 0.0003795066413662239, "aikana": 0.002183406113537118, "per\u00e4\u00e4nnytt\u00e4\u00e4": 1.0, "huoltoon": 0.16666666666666666, "talonpoikia": 0.14285714285714285, "katkaisevat": 1.0, "alkaa": 0.005154639175257732, "ylip\u00e4\u00e4llikk\u00f6": 1.0, "\u00e4ht\u00e4rist\u00e4": 1.0, "yksityisarkistostaven\u00e4l\u00e4isten": 1.0, "salmen": 0.25, "v\u00e4lisen": 0.011363636363636364, "vastarintaan": 0.25, "tekem\u00e4st\u00e4": 0.1111111111111111, "ruoastaan": 1.0, "talonpojat": 0.045454545454545456, "sotilaiden": 0.20833333333333334, "menetykset": 0.3333333333333333, "elintarvikkeita": 0.16666666666666666, "sotatoimialuetta": 1.0, "toimensa": 0.5, "jossa": 0.0007733952049497294, "sodassa": 0.021739130434782608, "menness\u00e4": 0.02247191011235955, "pohjoiseen": 0.058823529411764705, "tulee": 0.0014727540500736377, "t\u00f6ys\u00e4n": 1.0, "karstulassa": 1.0, "varassa": 0.045454545454545456, "v\u00e4in\u00f6": 0.05555555555555555, "kaikki": 0.0010460251046025104, "anna": 0.004098360655737705, "osittain": 0.006172839506172839, "yli": 0.003745318352059925, "my\u00f6s": 0.0005644933672029354, "siviileilt\u00e4": 1.0, "sodan": 0.012944983818770227, "sotatoimialueen": 1.0, "ole": 0.0004130524576621231, "t\u00f6ys\u00e4st\u00e4": 1.0, "klingsporin": 1.0, "v\u00e4\u00e4peli": 0.5, "taisteluissa": 0.09090909090909091, "ruotsin": 0.009615384615384616, "sodissa": 0.05555555555555555, "muistinvaraista": 1.0, "tappiot": 0.25, "kahakoitsivat": 1.0, "taulukot": 0.0625, "huollon": 0.16666666666666666, "niiden": 0.0009578544061302681, "pysyy": 0.038461538461538464, "sissit": 1.0, "kuin": 0.0006844626967830253, "joilta": 0.07692307692307693, "tietoja": 0.006622516556291391, "n\u00e4m\u00e4": 0.0017985611510791368, "tai": 0.00020855057351407716, "kuukausi": 0.037037037037037035, "vasemmassa": 0.2, "nyt": 0.0018867924528301887, "ker\u00e4nnyt": 0.07692307692307693, "my\u00f6skin": 0.02631578947368421, "osin": 0.004878048780487805, "joukkonsa": 0.2, "1471808": 1.0, "tutkimuksissa": 0.008695652173913044, "ruovedelle": 1.0, "omalta": 0.03125, "saakka": 0.010869565217391304, "ajan\\nalavuden": 1.0, "syyn\u00e4": 0.012195121951219513, "voitto": 0.03571428571428571, "ven\u00e4l\u00e4iset": 0.029411764705882353, "aiheuttaa": 0.021505376344086023, "ostivat": 0.16666666666666666, "ennen": 0.00129366106080207, "etel\u00e4-pohjanmaalle": 1.0, "joka": 0.00037593984962406017, "oulun": 0.009900990099009901, "taloittain": 1.0, "rehujen": 1.0, "vajaa": 0.1, "elintarvikkeiden": 0.1111111111111111, "siell\u00e4": 0.005154639175257732, "kun": 0.0008791208791208791, "t\u00e4m\u00e4": 0.0005934718100890207, "tilojen": 0.06666666666666667, "talonpojilta": 0.125, "maakuntaliiton": 1.0, "virroista": 0.5, "rehua": 0.3333333333333333, "klingspor": 1.0, "\u00e4ht\u00e4rin": 1.0, "ruokahuolto": 1.0, "osaltaan": 0.007575757575757576, "perustui": 0.030303030303030304, "suhde": 0.005681818181818182, "suomem": 1.0, "osallistumaan": 0.045454545454545456, "lapuan": 0.5, "alavuden": 1.0, "n\u00e4iden": 0.0018975332068311196, "tapahtuu": 0.005376344086021506, "eli": 0.0017079419299743809, "piilopirteille": 1.0, "henkil\u00f6itt\u00e4in": 1.0, "autioitumisen": 1.0, "seuraamukset\\nylip\u00e4\u00e4llikk\u00f6": 1.0, "sodasta": 0.13333333333333333, "kahdesta": 0.013888888888888888,