{"looked": 0.007874015748031496, "yht\u00e4": 0.002320185614849188, "rich": 0.0038022813688212928, "conducted": 0.0012135922330097086, "intensive": 0.01293103448275862, "may": 0.00018477457501847746, "student": 0.000945179584120983, "mahdollisesti": 0.004484304932735426, "finland": 0.0003650967506389193, "paranisi": 0.3333333333333333, "arvosanat": 0.16666666666666666, "categories": 0.0009267840593141798, "olla": 0.0006305170239596469, "inside": 0.002036659877800407, "tukevat": 0.012987012987012988, "viittaavat": 0.010309278350515464, "kvantitatiivisill\u00e4": 1.0, "academic": 0.002185792349726776, "contexts": 0.0014326647564469914, "tutkimusmenetelmill\u00e4": 0.5, "opetuksen": 0.005714285714285714, "on": 5.978358342799067e-05, "pyrit\u00e4\u00e4n": 0.006097560975609756, "kyselytutkimuksella": 1.0, "personal": 0.000630119722747322, "shows": 0.0008012820512820513, "but": 8.153946510110893e-05, "topics": 0.005494505494505495, "2016": 0.0011947431302270011, "heikoimmat\\n\\ntulokset": 1.0, "meaningful": 0.003875968992248062, "bridge": 0.006802721088435374, "music": 0.000999000999000999, "aikaisempi": 0.03571428571428571, "identified": 0.0014749262536873156, "vietetty\u00e4": 0.3333333333333333, "musiikista": 0.03333333333333333, "little": 0.001288659793814433, "\\n\\nthe": 0.0056179775280898875, "project": 0.0011235955056179776, "use": 0.00020403999183840033, "aikaa": 0.00906344410876133, "individualististen": 0.5, "gpa": 0.08, "part": 0.00028669724770642203, "tueta": 0.5, "positiivisesti": 0.02631578947368421, "interrelate": 0.25, "kiinnostuksen": 0.07228915662650602, "toimijuuden": 0.05555555555555555, "p\u00e4\u00e4asiallisesti": 0.05, "sek\u00e4": 0.0007477567298105683, "graders\\n\\nthe": 1.0, "heikkoa": 0.05263157894736842, "ulkopuolisen": 0.043478260869565216, "v\u00e4lille": 0.009433962264150943, "pupils": 0.001310615989515072, "aika": 0.0024691358024691358, "own": 0.0004253509145044662, "teachers": 0.0008726003490401396, "tiimiosallistujat": 1.0, "only": 0.0001296512381693245, "oppilaiden": 0.008888888888888889, "ja": 0.00036861376649546606, "intensiiviset": 1.0, "individualistiset": 1.0, "aineiden": 0.017543859649122806, "jotka": 0.0010922992900054614, "osoittaa": 0.003367003367003367, "ty\u00f6skentely\u00e4": 0.03333333333333333, "viett\u00e4v\u00e4t": 0.1, "kuudesluokkalaisten": 1.0, "tutkimuksen": 0.0008149959250203749, "were": 0.00037996327021721236, "urban": 0.0018181818181818182, "interest-driven": 0.75, "practices": 0.0006443298969072165, "sample": 0.0007407407407407407, "olevan": 0.002229654403567447, "well-being": 0.008620689655172414, "categorization": 0.015625, "t\u00e4rke\u00e4\u00e4": 0.006688963210702341, "grades": 0.01048951048951049, "most": 0.0003006614552014432, "what": 0.0002034587995930824, "cluster": 0.0020325203252032522, "between": 0.00010150223304912708, "438": 1.0, "harrastamisen": 0.05, "kiinnostustensa": 1.0, "addition": 0.00038714672861014324, "in": 4.003710104697019e-05, "avulla": 0.0013175230566534915, "active": 0.00165929203539823, "school": 0.0026397888168946484, "are": 5.6708631053646363e-05, "informaalit": 0.5, "informal": 0.011627906976744186, "arvosanoihin": 0.5, "n\u00e4ytt\u00e4\u00e4": 0.0049261083743842365, "their": 0.0003097653527452954, "tutkimus": 0.0015220700152207, "kiinnostivat": 0.16666666666666666, "outside": 0.001379310344827586, "agency": 0.0049261083743842365, "selvitt\u00e4\u00e4": 0.005291005291005291, "participators": 1.0, "organized": 0.017964071856287425, "ops2014": 1.0, "organisoitujen": 1.0, "for": 6.264617440694954e-05, "aineiston": 0.0024937655860349127, "p\u00e4\u00e4asiassa": 0.00546448087431694, "however": 0.00028348688873139615, "joukkueurheilusta": 1.0, "with": 8.533636751528944e-05, "to": 8.024394158241052e-05, "ulkopuolellakin": 0.3333333333333333, "content": 0.00046882325363338024, "sosiaalinen": 0.008771929824561403, "this": 3.460686600221484e-05, "koulussa": 0.012345679012345678, "engaging": 0.012987012987012988, "especially": 0.000482392667631452, "koulu-uupumus": 1.0, "form": 0.00028074115665356543, "osalta": 0.0024813895781637717, "kev\u00e4\u00e4ll\u00e4": 0.012195121951219513, "279": 1.0, "lowest": 0.003745318352059925, "akatemia": 0.14285714285714285, "out-of-school": 0.4, "is": 2.9746411839071912e-05, "organisoidun": 0.5, "informaalien": 1.0, "t\u00e4m\u00e4n": 0.0007412898443291327, "kuin": 0.00034223134839151266, "taiteista": 0.5, "kohteiden": 0.5, "2014": 0.00023435669088352472, "interaction": 0.0006373486297004461, "osana": 0.004166666666666667, "profiles": 0.0060790273556231, "kiinnostusprofiilien": 1.0, "vietetyn": 0.16666666666666666, "paljon": 0.0010570824524312897, "miten": 0.0015026296018031556, "whereas": 0.0008703220191470844, "results": 0.00018747656542932134, "taiteet": 0.5, "finnish": 0.0016827934371055953, "sis\u00e4ll\u00f6nanalyysin": 0.018518518518518517, "of": 6.162831489224527e-05, "academy": 0.004672897196261682, "joka": 0.00037593984962406017, "tutkin": 0.02247191011235955, "schools": 0.0009398496240601503, "who": 0.0002050440844781628, "engagementwhat": 1.0, "ym": 0.0025380710659898475, "omien": 0.006289308176100629, "gap": 0.006779661016949152, "participating": 0.0047169811320754715, "kaikkien": 0.0038314176245210726, "supports": 0.0047169811320754715, "kouluhyvinvointiin": 1.0, "interests": 0.024271844660194174, "tuntematon": 0.02564102564102564, "opetukseen": 0.02666666666666667, "students": 0.0009128251939753537, "muun": 0.001610305958132045, "kohteet": 0.047619047619047616, "265528": 1.0, "graders": 0.02586206896551724, "laajan": 0.02857142857142857, "lives": 0.002531645569620253, "mik\u00e4": 0.0018365472910927456, "tutkimushanketta": 0.16666666666666666, "et": 4.783544606553456e-05, "creating": 0.002544529262086514, "intensity": 0.0019801980198019802, "aineisto": 0.0038461538461538464, "moderate": 0.004878048780487805, "mukaan": 0.0003502626970227671, "kohtuulliset": 0.5, "aktivoivaan": 1.0, "largest": 0.0030211480362537764, "two-step": 0.1, "el\u00e4m\u00e4\u00e4n": 0.012987012987012988, "at": 6.507451031430989e-05, "calls": 0.004291845493562232, "mutta": 0.0006422607578676942, "al": 5.6398398285488694e-05, "kiinnostusryhmiin": 1.0, "heid\u00e4n": 0.00267379679144385, "tuoda": 0.006944444444444444, "koulukiinnostus": 1.0, "osallistujat": 0.10526315789473684, "positive": 0.0006858710562414266, "lower": 0.0007535795026375283, "participation": 0.0020905923344947735, "nuorten": 0.003436426116838488, "kiinnostusprofiiliin": 1.0, "osallistavaan": 1.0, "emphasizes": 0.007407407407407408, "liikunta": 0.5, "social": 0.00026968716289104636, "currently": 0.003105590062111801, "vaikka": 0.000864304235090752, "and": 0.00010531304302037807, "kaksivaiheisen": 1.0, "also": 5.985873338920148e-05, "kiinnosti": 0.058823529411764705, "n735": 1.0, "helsinki": 0.00027948574622694243, "korkea": 0.010526315789473684, "promote": 0.0034482758620689655, "higher": 0.00044603033006244426, "keskiarvo\\n\\ntutkimuksen": 1.0, "olisi": 0.0008123476848090983, "indicate": 0.0012315270935960591, "urheilu": 0.08333333333333333, "ettei": 0.0019455252918287938, "tarkoituksena": 0.004608294930875576, "difficult": 0.0014577259475218659, "further": 0.0004084967320261438, "erilaiseen": 0.125, "k\u00e4yt\u00e4nt\u00f6j\u00e4": 0.029411764705882353, "how": 0.00019391118867558658, "kolmeen": 0.016129032258064516, "helsinkil\u00e4isnuorten": 1.0, "high": 0.001119402985074627, "as": 4.2153184673102054e-05, "whole": 0.0007142857142857143, "adopt": 0.008, "intensiivisi\u00e4": 0.25, "klusterianalyysin": 1.0, "call": 0.002881844380403458, "low": 0.0011142061281337048, "el\u00e4m\u00e4n": 0.006756756756756757, "nuoria": 0.01282051282051282, "tuettaisiin": 0.3333333333333333, "suomen": 0.0007220216606498195, "helsinkil\u00e4isi\u00e4": 0.14285714285714285, "linkitt\u00e4mist\u00e4": 1.0, "2013": 0.0002304147465437788, "opettajien": 0.004784688995215311, "seems": 0.000547645125958379, "role": 0.0003736920777279522, "arts": 0.013986013986013986, "olivat": 0.0028555111364934323,