{"avioliiton": 0.09090909090909091, "used": 0.00010995052226498076, "transcribed": 0.007246376811594203, "welleduskunnan": 1.0, "mallin": 0.008403361344537815, "spring": 0.0019230769230769232, "tavoitteet": 0.009174311926605505, "sexuality": 0.003937007874015748, "eik\u00e4": 0.0024009603841536613, "parliament": 0.032467532467532464, "differences": 0.0012353304508956147, "not": 0.00013134276082483253, "vastustivat": 0.1111111111111111, "1991": 0.001549186676994578, "called": 0.000655307994757536, "arguments": 0.0031496062992125984, "kukin": 0.014705882352941176, "esiin": 0.0018018018018018018, "vuoksi": 0.00196078431372549, "arvoja": 0.02, "instituutio": 0.1, "bakhtins": 1.0, "caused": 0.0011961722488038277, "gender": 0.0009416195856873823, "despite": 0.0014347202295552368, "on": 0.00019927861142663558, "mean": 0.0006821282401091405, "\u00e4\u00e4nten": 0.07142857142857142, "personal": 0.000630119722747322, "k\u00e4ytettiin": 0.004081632653061225, "mielekk\u00e4it\u00e4": 0.14285714285714285, "but": 8.153946510110893e-05, "henkil\u00f6ille": 0.06666666666666667, "starting": 0.0017889087656529517, "topics": 0.0027472527472527475, "2016": 0.0011947431302270011, "meaningful": 0.003875968992248062, "this": 0.00010382059800664452, "ritva": 0.02702702702702703, "henkil\u00f6n": 0.010526315789473684, "studies": 0.00018583906337112061, "avioliittolain": 0.75, "siit\u00e4": 0.0006079027355623101, "keskustelutilanne": 1.0, "kuitenkin": 0.0005058168942842691, "hankalampaa": 0.125, "identified": 0.0014749262536873156, "avioliittolakiuudistusta": 1.0, "eduskunnassa": 0.5714285714285714, "love": 0.0028208744710860366, "research": 0.00026748696001069946, "kirjallisuuden": 0.005813953488372093, "sukupuolesta": 0.09090909090909091, "arvot": 0.010869565217391304, "vain": 0.0007267441860465116, "perustamista": 0.13636363636363635, "van-hemmuus": 1.0, "vanha": 0.009433962264150943, "jo-ko": 1.0, "study": 0.0003163222269084774, "s\u00e4\u00e4nt\u00f6\u00e4": 0.1111111111111111, "kristillisi\u00e4": 0.3333333333333333, "sek\u00e4": 0.0009970089730807576, "t\u00e4ss\u00e4": 0.0007107320540156361, "certain": 0.0005701254275940707, "society": 0.0007158196134574087, "se": 0.00014753614635585718, "these": 0.00018731853516905497, "get": 0.0010604453870625664, "\u00e4\u00e4ni\u00e4": 0.23529411764705882, "only": 0.0001296512381693245, "does": 0.0002782415136338342, "seksuaalisuus": 0.16666666666666666, "ja": 0.00022116825989727964, "ollen": 0.0038910505836575876, "kannattivat": 1.0, "rules": 0.002136752136752137, "jotka": 0.0016384489350081922, "reveals": 0.00425531914893617, "avioliittoalain": 1.0, "engestr\u00f6min": 0.047619047619047616, "teemat": 0.01694915254237288, "moni\u00e4\u00e4nisyytt\u00e4": 0.5, "found": 0.0005686664771111743, "niille": 0.015151515151515152, "l\u00e4hetekeskusteluista": 1.0, "tutkimuksen": 0.0016299918500407497, "marry": 0.011363636363636364, "tutkimuksien": 0.5, "lis\u00e4\u00e4ntymist\u00e4": 0.3333333333333333, "were": 0.0003166360585143436, "having": 0.002, "bahtin": 0.5, "muuttunut": 0.012195121951219513, "families": 0.0029717682020802376, "debates": 0.04054054054054054, "parenthood": 0.07692307692307693, "people": 0.0003589375448671931, "l\u00f6ytyv\u00e4t": 0.03225806451612903, "family": 0.0017441860465116279, "aiheita": 0.024390243902439025, "what": 0.0002034587995930824, "speech": 0.0009157509157509158, "between": 0.00020300446609825416, "bahtinilaisen": 1.0, "tasa-arvoisen": 1.0, "ei": 0.00013294336612603032, "around": 0.000864304235090752, "menn\u00e4\u00e4n": 0.03225806451612903, "avulla": 0.0013175230566534915, "opinions": 0.012269938650306749, "are": 8.506294658046955e-05, "ha-vaittavissa": 1.0, "analysoida": 0.03076923076923077, "tutkimus": 0.0015220700152207, "previous": 0.0007496251874062968, "purpose": 0.0017271157167530224, "related": 0.0004079967360261118, "selvitt\u00e4\u00e4": 0.005291005291005291, "l\u00f6yt\u00e4minenkin": 1.0, "l\u00e4hetekeskusteluissa": 1.0, "discussed": 0.002793296089385475, "erotettu": 0.09090909090909091, "tietty\u00e4": 0.022727272727272728, "you": 0.00025700334104343357, "for": 8.35282325425994e-05, "aina": 0.0012484394506866417, "nousevia": 0.2222222222222222, "debate": 0.008, "however": 0.00014174344436569808, "puhutaan": 0.010309278350515464, "\\n\\nmenetelm\u00e4t": 0.14285714285714285, "or": 4.915454187966968e-05, "to": 8.915993509156725e-05, "surrounded": 0.0136986301369863, "values": 0.0012024048096192384, "puhuja\u00e4\u00e4ni\u00e4": 1.0, "human": 0.00039984006397441024, "main": 0.00046948356807511736, "k\u00e4yty\u00e4": 0.14285714285714285, "puheen": 0.010309278350515464, "kansalaisaloitteista": 1.0, "avioliito": 1.0, "puolustavien": 1.0, "kev\u00e4\u00e4ll\u00e4": 0.012195121951219513, "perhetutkimuksen": 0.3333333333333333, "en\u00e4\u00e4": 0.0027624309392265192, "still": 0.00048520135856380397, "is": 8.923923551721573e-05, "k\u00e4sitys": 0.007633587786259542, "safety": 0.004524886877828055, "differing": 0.010101010101010102, "t\u00e4m\u00e4n": 0.0007412898443291327, "tahdon2013": 1.0, "possible": 0.00029239766081871346, "reference": 0.001053740779768177, "oleva": 0.0049261083743842365, "2014": 0.00046871338176704945, "sateenkaariperheist\u00e4": 1.0, "v\u00e4lill\u00e4": 0.00117096018735363, "naimisiin": 0.17647058823529413, "eroavista": 1.0, "finnish": 0.0008413967185527977, "of": 5.688767528514947e-05, "children": 0.0007686395080707148, "direction": 0.0012468827930174563, "analyse": 0.006920415224913495, "molemmissa": 0.02, "who": 0.0008201763379126512, "avioliitto": 0.3333333333333333, "syksyll\u00e4": 0.014084507042253521, "dichotomy": 0.018518518518518517, "perhe": 0.0196078431372549, "adapt": 0.011904761904761904, "which": 5.7283611158847455e-05, "\u00e4\u00e4niteorian": 1.0, "huolimatta": 0.0035714285714285713, "siis": 0.0009250693802035153, "there": 0.00022067747986317997, "kirjallisuudesta": 0.047619047619047616, "enemm\u00e4n": 0.0013869625520110957, "meaning": 0.0006770480704129993, "ar-voista": 1.0, "\\n\\nfindings": 0.5, "followed": 0.0012706480304955528, "by": 7.031607073796716e-05, "analysed": 0.00205761316872428, "selke\u00e4": 0.00980392156862745, "keskustelusta": 0.0967741935483871, "eduskunnan": 0.041666666666666664, "varten": 0.003246753246753247, "concluded": 0.007220216606498195, "eroavat": 0.041666666666666664, "mukaan": 0.0003502626970227671, "and": 8.77608691836484e-05, "more": 0.0002658160552897395, "k\u00e4ytyj\u00e4": 0.14285714285714285, "marriage": 0.021875, "objectives": 0.007874015748031496, "mutta": 0.0003211303789338471, "kotitaloustieteen": 0.14285714285714285, "could": 0.0002090738030524775, "that": 9.934432743890324e-05, "model": 0.00018416206261510129, "aiheuttavat": 0.041666666666666664, "hakutoimin-nan": 1.0, "ett\u00e4": 0.00043191879926573806, "married": 0.010810810810810811, "aiempien": 0.027777777777777776, "rakas-tamansa": 1.0, "literature": 0.0011841326228537595, "light": 0.0006134969325153375, "amendment": 0.03225806451612903, "tarkoita": 0.0392156862745098, "economics": 0.007462686567164179, "ovat": 0.00025673940949935817, "kyse": 0.004651162790697674, "resisted": 0.13333333333333333, "institution": 0.0045871559633027525, "citizens": 0.021739130434782608, "clarify": 0.009174311926605505, "mielipiteiden": 0.04, "kautta": 0.0009505703422053232, "fall": 0.0023094688221709007, "johtop\u00e4\u00e4t\u00f6kset": 0.010309278350515464, "tarkastellaan": 0.006993006993006993, "preliminary": 0.011363636363636364, "do": 0.00016767270288397049, "toimintateorian": 1.0, "litteroituna": 0.3333333333333333, "v\u00e4h\u00e4n": 0.0020408163265306124, "those": 0.0010699001426533524, "uudis-tuksesta": 1.0, "liittyi": 0.010101010101010102, "quantitatively": 0.0196078431372549, "as": 4.2153184673102054e-05, "l\u00e4he-tekeskusteluja": 1.0, "activity": 0.0004478280340349306, "getting": 0.005434782608695652, "saa": 0.0022271714922048997, "renewal": 0.058823529411764705, "member\u00b4s": 1.0, "soveltaen": 0.14285714285714285, "analysoidaan": 0.030303030303030304,