{"v\u00e4kiluvultaan": 1.0, "teemaan": 0.16666666666666666, "haastoi": 0.2, "kirjeenvaihtajiensa": 1.0, "modernista": 0.25, "avustaa": 0.25, "malleilla": 0.14285714285714285, "\\n\\nkaupungin": 0.5, "pellon": 0.25, "talonpoika": 0.3333333333333333, "vertailemalla": 0.047619047619047616, "p\u00e4iv\u00e4lehti": 0.14285714285714285, "mutta": 0.0003211303789338471, "kukkula": 0.5, "p\u00e4\u00e4paino": 0.058823529411764705, "kvalitatiivisella": 0.3333333333333333, "kaupunkitila": 1.0, "pohjalta": 0.0035971223021582736, "takaisin": 0.008547008547008548, "mielipiteit\u00e4\u00e4n": 0.2, "tapahtunut": 0.011235955056179775, "ulkomailta": 0.06666666666666667, "urbaanista": 1.0, "helsingin": 0.0007716049382716049, "esiin": 0.0018018018018018018, "he": 0.00016450074025333114, "v\u00e4lill\u00e4": 0.00117096018735363, "n\u00e4kem\u00e4\u00e4ns\u00e4": 1.0, "menetelmi\u00e4": 0.01020408163265306, "ett\u00e4": 0.00032393909944930353, "aineksilla": 1.0, "laadullisen": 0.019230769230769232, "agraarin": 1.0, "el\u00e4m\u00e4st\u00e4": 0.03333333333333333, "on": 0.00011956716685598135, "kokemaansa": 0.5, "analyysilla": 0.25, "sivistyneist\u00f6n": 0.2857142857142857, "v\u00e4lityksell\u00e4": 0.029411764705882353, "kaupunkilaisuuden": 1.0, "eurooppalaisiin": 0.3333333333333333, "tarkkailijana": 1.0, "ulkomaankirjett\u00e4": 1.0, "uusi": 0.0030581039755351682, "suhtautumisessa": 0.14285714285714285, "osoitan": 0.08333333333333333, "my\u00f6s": 0.00014112334180073385, "tutkimuksessa": 0.00423728813559322, "kaupunkikulttuuri": 0.5, "kannattamaansa": 1.0, "v\u00e4kijoukko": 1.0, "jakautuminen": 0.041666666666666664, "toivekuvat": 1.0, "ulkomaihin": 0.5, "kautta": 0.0009505703422053232, "toimimisen": 0.05263157894736842, "berliini": 0.3333333333333333, "joista": 0.005361930294906166, "maat": 0.023255813953488372, "kaupunkeihin": 0.05263157894736842, "diskurssianalyysia\\n\\np\u00e4iv\u00e4lehdess\u00e4": 1.0, "nuorelle": 0.029411764705882353, "l\u00e4hetetyt": 0.3333333333333333, "n\u00e4kiv\u00e4t": 0.06451612903225806, "talonpojan": 0.2, "virtana": 0.5, "tulkintojen": 0.024390243902439025, "roolinsa": 0.047619047619047616, "vanhat": 0.022727272727272728, "kesken\u00e4\u00e4n": 0.006493506493506494, "kirjeenvaihtajia": 1.0, "ulkomaankirjeiden": 1.0, "joka": 0.00037593984962406017, "kaupungista": 0.047619047619047616, "v\u00e4litti": 0.09090909090909091, "kasvu": 0.030303030303030304, "kuitenkin": 0.0005058168942842691, "olivat": 0.0017133066818960593, "tukholma": 0.14285714285714285, "p\u00e4iv\u00e4lehteen": 1.0, "sinne": 0.006622516556291391, "diskurssia": 0.06666666666666667, "tutkimusta": 0.004524886877828055, "sek\u00e4": 0.001744765702891326, "ollut": 0.0005291005291005291, "ilmeelt\u00e4\u00e4n": 1.0, "meni": 0.02, "kaupunkikuvausta": 1.0, "suomalaisessa": 0.012345679012345678, "kaikkea": 0.004166666666666667, "mahdollisuus": 0.0058823529411764705, "saatavilla": 0.008771929824561403, "liike": 0.02631578947368421, "ja": 0.0007863760351903276, "p\u00e4iv\u00e4lehden": 0.2857142857142857, "tutkimukselle": 0.02631578947368421, "keskiluokkainen": 0.3333333333333333, "sen": 0.0002768549280177187, "taustana": 0.07142857142857142, "jotka": 0.0005461496450027307, "jakanut": 0.07142857142857142, "kaupungit": 0.1, "mitk\u00e4": 0.006134969325153374, "ulkomaan": 0.125, "tulkintoja": 0.020833333333333332, "kaupunkilaisuudesta": 1.0, "tutkimuksen": 0.0008149959250203749, "kaupunki": 0.025, "liinatukkainen": 1.0, "kaupunkikuvan": 1.0, "jossa": 0.0007733952049497294, "negatiivisia": 0.047619047619047616, "minne": 0.04, "pietari": 0.2, "vastamalleja": 1.0, "sis\u00e4lsi": 0.01818181818181818, "lukijat": 0.012987012987012988, "lika": 0.015384615384615385, "ansaita": 0.16666666666666666, "matkasivat": 1.0, "oli": 0.00042414816909373674, "l\u00e4hes": 0.002857142857142857, "malleja": 0.025, "roolikseen": 1.0, "rinnalla": 0.014705882352941176, "paluu": 0.125, "millaista": 0.016129032258064516, "kaupunkisuunnittelu": 1.0, "syv\u00e4llinen": 0.2, "kuvaston": 0.3333333333333333, "ymm\u00e4rrys": 0.02702702702702703, "pariisi": 0.3333333333333333, "omin": 0.05263157894736842, "ulkomaalaisilla": 0.3333333333333333, "1800-luvun": 0.010526315789473684, "puolueen": 0.021739130434782608, "syist\u00e4\u00e4n": 1.0, "n\u00e4hty": 0.019230769230769232, "analyysin": 0.004608294930875576, "tavoista": 0.03225806451612903, "lis\u00e4tuloja": 0.16666666666666666, "kirjeenvaihtajien": 0.5, "viiteen": 0.045454545454545456, "hy\u00f6dynn\u00e4n": 0.08333333333333333, "lis\u00e4apuna": 1.0, "kommentoivat": 0.047619047619047616, "kirjeenvaihtajat": 0.8, "toimijat": 0.02702702702702703, "k\u00e4yt\u00e4n": 0.007407407407407408, "rakentavat": 0.03571428571428571, "suomalaisuuden": 0.047619047619047616, "niihin": 0.005681818181818182, "pelk\u00e4st\u00e4\u00e4n": 0.005376344086021506, "kirjeenvaihtajalta": 1.0, "kaupunkikuvasta": 1.0, "keit\u00e4": 0.1111111111111111, "keski\u00f6ss\u00e4": 0.01639344262295082, "kirjoitettiin": 0.058823529411764705, "kaupunkilaisuus": 1.0, "aiempaa": 0.019230769230769232, "muodostivat": 0.017241379310344827, "rakentumista": 0.05, "suurkaupungiksi": 1.0, "nuori": 0.006493506493506494, "omista": 0.010638297872340425, "sis\u00e4lt\u00f6jen": 0.125, "mink\u00e4laisia": 0.02040816326530612, "julkaistuissa": 0.14285714285714285, "lehdist\u00f6tutkimuksen": 1.0, "1889\u20131894": 1.0, "kansakunnalle": 0.3333333333333333, "raivaava": 1.0, "puolueessa": 1.0, "vaati": 0.02631578947368421, "olen": 0.0028653295128939827, "loi": 0.022727272727272728, "yhteens\u00e4": 0.004975124378109453, "l\u00e4ht\u00f6kohdistaan": 0.16666666666666666, "yhteist\u00e4": 0.0136986301369863, "puolueettomana": 0.3333333333333333, "mink\u00e4laiseksi": 0.5, "kukin": 0.014705882352941176, "kvantitatiivisia": 0.08333333333333333, "s\u00e4vyj\u00e4ihmisi\u00e4": 1.0, "p\u00e4iv\u00e4lehdess\u00e4": 0.5, "mets\u00e4": 0.25, "niukasta": 0.5, "etsittiin": 0.047619047619047616, "fennomania": 1.0, "suhtautuminen": 0.010752688172043012, "persoonallisuuseroja": 1.0, "kuin": 0.00034223134839151266, "kihisev\u00e4n\u00e4": 1.0, "vuosisadan": 0.015873015873015872, "kirjeenvaihtaja": 0.5, "k\u00e4sin": 0.010526315789473684, "ulkomaankirjeiss\u00e4": 1.0, "vuosina": 0.0035587188612099642, "tarkastelen": 0.012422360248447204, "tuonut": 0.027777777777777776, "lopussa": 0.00819672131147541, "rakentamisesta": 0.09090909090909091, "huomioinut": 0.16666666666666666, "k\u00f6\u00f6penhamina": 0.5, "kannattajat": 0.125, "vaihteessa": 0.05263157894736842, "sukupolvi": 0.0625, "v\u00e4litt\u00e4j\u00e4n\u00e4": 0.1111111111111111, "kohdemaansa": 1.0, "lehte\u00e4": 0.08333333333333333, "metodeja": 0.1, "jolla": 0.0031645569620253164, "eiv\u00e4t": 0.0015420200462606013, "koti-ik\u00e4v\u00e4": 1.0, "maalaismaiseman": 1.0, "niin": 0.00042301184433164127, "kirjoittajilleen": 1.0, "tutkimuksessani": 0.014705882352941176, "ne": 0.0003795066413662239, "itse": 0.0013531799729364006, "julkaistiin": 0.02564102564102564, "reportteri": 1.0, "metodologisesti": 0.09090909090909091, "j\u00e4\u00e4neet": 0.023255813953488372, "vilisi": 1.0, "lis\u00e4ksi": 0.000574052812858783, "kaupungin": 0.0025575447570332483, "p\u00e4\u00e4sseet": 0.034482758620689655, "heid\u00e4n": 0.001336898395721925, "selvit\u00e4n": 0.043478260869565216, "vieraaksi": 0.14285714285714285, "kirjeet": 0.015151515151515152, "suomenkielisen": 0.07692307692307693, "j\u00e4rvi": 0.045454545454545456, "kehitt\u00e4mist\u00e4": 0.024390243902439025, "sill\u00e4": 0.0005973715651135006, "p\u00e4iv\u00e4lehdelle": 1.0, "vertailevan": 0.3333333333333333, "kehitys": 0.009615384615384616, "ennen": 0.00129366106080207, "positiivisia": 0.02631578947368421, "p\u00e4iv\u00e4lehtel\u00e4isille": 1.0, "kuinka": 0.0014388489208633094}