{"k\u00e4ytt\u00f6": 0.003289473684210526, "nouseviin": 1.0, "kahden": 0.0030581039755351682, "p\u00e4\u00e4ttyyk\u00f6": 1.0, "k\u00e4ytet\u00e4\u00e4n": 0.015748031496062992, "miss\u00e4": 0.002890173410404624, "laajemmassa": 0.0625, "saamansa": 0.125, "laajentaa": 0.02564102564102564, "adverbiaalina": 0.16666666666666666, "k\u00e4ytyj\u00e4": 0.14285714285714285, "ensisijaisesti": 0.00847457627118644, "vuoroa": 0.5, "olevista": 0.021739130434782608, "okei-tapausta": 1.0, "taas": 0.001851851851851852, "ei": 0.00026588673225206064, "keskustelussa": 0.039473684210526314, "mutta": 0.0006422607578676942, "k\u00e4ytt\u00f6tapoihin": 1.0, "avulla": 0.002635046113306983, "muodostaa": 0.009345794392523364, "predikatiivina": 1.0, "referoinnissa": 1.0, "okei-tutkimukselle": 1.0, "okei-partikkelilla": 1.0, "dialogipartikkelina": 1.0, "neutraalisti": 0.2, "esiin": 0.0018018018018018018, "merkityksiss\u00e4": 0.3333333333333333, "toimintajaksojen": 1.0, "liittyvist\u00e4": 0.013888888888888888, "tunnin": 0.022727272727272728, "position": 0.0011507479861910242, "pohjaa": 0.030303030303030304, "tavoin": 0.0035714285714285713, "ruoanvalmistusta": 1.0, "p\u00e4\u00e4ttyv\u00e4n": 1.0, "metodina": 0.1, "kuuden": 0.027777777777777776, "voidaan": 0.0007057163020465773, "on": 0.00017935075028397202, "k\u00e4ytt\u00f6\u00e4": 0.014925373134328358, "okein": 1.0, "kahdenlaisessa": 1.0, "aineiston": 0.004987531172069825, "keskustelunanalyysia": 1.0, "vuorovaikutuksessa": 0.009900990099009901, "saatu": 0.00847457627118644, "k\u00e4ytetty": 0.003076923076923077, "havainnoitu": 0.5, "vastaanottamalla": 1.0, "jolla": 0.0031645569620253164, "okeihin": 1.0, "merkit\u00e4\u00e4n": 0.05263157894736842, "keitti\u00f6keskusteluja": 1.0, "jutustelun": 1.0, "tyypillisesti": 0.010416666666666666, "keskustellaan": 0.1111111111111111, "jutustelua": 1.0, "aineistossa": 0.005494505494505495, "kanssa": 0.0006476683937823834, "okei": 0.2857142857142857, "my\u00f6s": 0.0002822466836014677, "vuoron": 0.045454545454545456, "toimintajaksossa": 1.0, "toimista": 0.14285714285714285, "topiikki": 0.6666666666666666, "tilan": 0.016129032258064516, "median": 0.003816793893129771, "vastauksen": 0.021739130434782608, "vuorona": 0.6666666666666666, "tahansa": 0.008695652173913044, "j\u00e4lkij\u00e4senen\u00e4": 1.0, "osakunnassa": 1.0, "dialogipartikkeli": 1.0, "tarkastellaan": 0.006993006993006993, "voi": 0.0009376465072667605, "mahdollista": 0.0019120458891013384, "tyhj\u00e4n": 0.2, "t\u00e4ytt\u00e4j\u00e4n\u00e4": 0.25, "selvitetty": 0.07692307692307693, "k\u00e4ytt\u00f6tavoista": 0.3333333333333333, "toimintajakson": 1.0, "aineistosta": 0.005952380952380952, "keskitytty": 0.09090909090909091, "institutionaalisen": 0.1, "vapaata": 0.0625, "perusteella": 0.0030627871362940277, "aiempaa": 0.019230769230769232, "dialogipartikkeliketjua": 1.0, "keskisuomalaisessa": 1.0, "jatkaa": 0.014705882352941176, "tai": 0.00020855057351407716, "ja": 0.00022116825989727964, "hy\u00f6dynnet\u00e4\u00e4n": 0.02564102564102564, "yksin": 0.009433962264150943, "okei-partikkelia": 1.0, "olevaa": 0.013513513513513514, "p\u00e4\u00e4tt\u00e4\u00e4": 0.023809523809523808, "tutkimusta": 0.004524886877828055, "sek\u00e4": 0.0002492522432701894, "osana": 0.020833333333333332, "vai": 0.002652519893899204, "vuorovaikutukseenokei-dialogipartikkelin": 1.0, "ymm\u00e4rretyksi": 0.5, "ero": 0.015503875968992248, "keitti\u00f6ss\u00e4": 0.047619047619047616, "arkisessa": 0.2, "sosiaalisen": 0.007575757575757576, "miten": 0.0007513148009015778, "\\nfokuksessa": 1.0, "saadun": 0.06666666666666667, "partikkelin": 1.0, "kysymys\u2013vastaus-vierusparin": 1.0, "aineistona": 0.029411764705882353, "erityisesti": 0.0028653295128939827, "vastaus": 0.024390243902439025, "arkikeskusteluaineiston": 1.0, "topiikin": 1.0, "itse": 0.0013531799729364006, "okeita": 1.0, "tiedon": 0.0035087719298245615, "vastaanotetuksi": 1.0, "hyv\u00e4ksym\u00e4\u00e4n": 0.09090909090909091, "tutkielman": 0.0049261083743842365, "v\u00e4lill\u00e4": 0.00234192037470726, "uutuusarvoa": 0.5, "n\u00e4yt\u00e4": 0.023809523809523808, "joissa": 0.001996007984031936, "videoimaa": 1.0, "lausetta": 0.1, "yhteydess\u00e4": 0.0015267175572519084, "tekij\u00e4n": 0.03571428571428571, "henkil\u00f6ist\u00e4\\ntutkielman": 1.0, "koskaan": 0.0072992700729927005, "hyv\u00e4ksytyksi": 0.06666666666666667, "tutkielmassa": 0.023952095808383235, "puolen": 0.022222222222222223, "topiikkia": 1.0, "litteroimaa": 1.0, "kysyj\u00e4": 0.5, "k\u00e4y": 0.005208333333333333, "luodaan": 0.020833333333333332, "j\u00e4lkeen": 0.0027958993476234857, "t\u00e4ll\u00f6in": 0.004405286343612335, "silloin": 0.002898550724637681, "ruoanlaittoon": 0.1111111111111111, "dialogipartikkelin": 1.0, "meneill\u00e4\u00e4n": 0.08333333333333333, "l\u00e4sn\u00e4": 0.011111111111111112, "kolmannen": 0.029411764705882353, "korostaa": 0.006289308176100629, "aa": 0.003105590062111801, "siin\u00e4": 0.0012853470437017994, "tarkemmin": 0.004878048780487805, "suurin": 0.00392156862745098, "monenkeskisi\u00e4": 1.0, "jota": 0.0032679738562091504, "lis\u00e4ksi": 0.000574052812858783, "dialogipartikkeleista": 1.0, "kun": 0.0013186813186813187, "selv\u00e4ksi": 0.03225806451612903, "muilla": 0.013157894736842105, "kuka": 0.009345794392523364}