{"looked": 0.007874015748031496, "aineisto": 0.0038461538461538464, "concluded": 0.0036101083032490976, "national": 0.002386634844868735, "used": 0.00010995052226498076, "kasvatuskumppanuutta": 1.0, "t\u00e4ll\u00e4": 0.0035087719298245615, "accurate": 0.0024154589371980675, "early": 0.0017219113215669393, "t\u00e4m\u00e4n": 0.0014825796886582653, "kolmiportaisesta": 1.0, "varying": 0.002840909090909091, "varhaiskasvatuksessa": 0.45454545454545453, "alkaen": 0.011235955056179775, "receiving": 0.006944444444444444, "conceptions": 0.004201680672268907, "enimm\u00e4kseen": 0.018867924528301886, "tutkittu": 0.006289308176100629, "kasvatusyhteisty\u00f6st\u00e4": 1.0, "hasn\u00b4t": 1.0, "sill\u00e4": 0.0005973715651135006, "categories": 0.0009267840593141798, "t\u00e4st": 0.5, "yet": 0.0009199632014719411, "tehostettua": 0.5714285714285714, "sub-questions": 0.14285714285714285, "basic": 0.0008764241893076249, "kolmiportaisen": 0.25, "childhood": 0.005383580080753701, "whose": 0.0024600246002460025, "pre-primary": 0.003816793893129771, "esiin": 0.0018018018018018018, "saamasta": 0.2, "phenomenography": 0.09090909090909091, "parent\u00b4s": 1.0, "fenomenografista": 0.5, "ett\u00e4": 0.00032393909944930353, "vaikutusmahdollisuuksia": 0.25, "three-step": 0.5333333333333333, "kolmiportaista": 0.6666666666666666, "evident\\nthe": 1.0, "aakkosia": 0.125, "mostly": 0.001366120218579235, "tukea": 0.024193548387096774, "kaksitoista": 0.1, "despite": 0.0014347202295552368, "on": 0.00017935075028397202, "k\u00e4sityksi\u00e4": 0.07317073170731707, "k\u00e4sitett\u00e4": 0.013888888888888888, "ylemm\u00e4n": 0.1111111111111111, "practicekun": 1.0, "participating": 0.009433962264150943, "currently": 0.003105590062111801, "mielt\u00e4": 0.006802721088435374, "aineistol\u00e4ht\u00f6ist\u00e4": 0.14285714285714285, "four": 0.0007288629737609329, "asiakirjoissa": 0.2, "more": 0.0002658160552897395, "and": 5.2656521510189036e-05, "k\u00e4sitys": 0.007633587786259542, "lapsen": 0.011527377521613832, "tulee": 0.0014727540500736377, "2016": 0.0005973715651135006, "clarify": 0.009174311926605505, "received": 0.002044989775051125, "todeta": 0.01, "pit\u00e4isi": 0.011834319526627219, "got": 0.0035971223021582736, "tutkimustulosten": 0.05, "upper-level": 0.1111111111111111, "kuitenkin": 0.0005058168942842691, "alphabet": 0.014925373134328358, "vaihtelevasti": 0.06666666666666667, "hyvin": 0.0014114326040931546, "olisi": 0.0008123476848090983, "however": 0.00014174344436569808, "tarkastellaan": 0.006993006993006993, "kuten": 0.0005793742757821553, "semi-structured": 0.008, "do": 0.00016767270288397049, "research": 0.00013374348000534973, "pit\u00e4\u00e4": 0.0016155088852988692, "tool\\nphenomenographic": 1.0, "reviews": 0.002688172043010753, "involvement": 0.003194888178913738, "those": 0.0003566333808844508, "various": 0.0005521811154058532, "saavan": 0.1111111111111111, "k\u00e4sitteen": 0.02247191011235955, "perusteella": 0.0015313935681470138, "how": 0.00019391118867558658, "2011": 0.00036114120621162876, "ei": 0.00026588673225206064, "as": 6.322977700965309e-05, "tietoisuus": 0.045454545454545456, "through": 0.0002707092582566324, "hyv\u00e4": 0.0022988505747126436, "feelings": 0.0045045045045045045, "vaihteleva": 0.1111111111111111, "saavien": 0.6, "finally": 0.0012033694344163659, "alakysymykset": 1.0, "clarified": 0.03125, "lainkaan": 0.010309278350515464, "sek\u00e4": 0.0004985044865403788, "kuvauskategoriasysteemi\u00e4": 1.0, "so": 0.00019043991620643687, "suggested": 0.0010471204188481676, "that": 7.947546195112258e-05, "metodologisena": 0.25, "sit\u00e4": 0.0005165289256198347, "vanhemmilla": 0.11764705882352941, "tukeen\\naihe": 1.0, "was": 0.0001584723267699378, "only": 0.0001296512381693245, "atlasti": 0.07692307692307693, "really": 0.0032258064516129032, "know": 0.002575107296137339, "tuen": 0.024793388429752067, "ja": 0.00022116825989727964, "olivat": 0.0017133066818960593, "forms": 0.0004807692307692308, "tarve": 0.010638297872340425, "need": 0.000591016548463357, "learning": 0.00027063599458728013, "haastateltavana": 0.25, "child": 0.0011074197120708748, "ops": 0.2, "tuesta": 0.22727272727272727, "analyysin": 0.004608294930875576, "be": 9.628345850182938e-05, "involved": 0.0012610340479192938, "analysis": 0.0003965107057890563, "jonka": 0.0008123476848090983, "l\u00e4ht\u00f6kohtana": 0.011764705882352941, "my\u00f6s": 0.0002822466836014677, "approach": 0.0004470272686633885, "fenomenografia": 0.09090909090909091, "collected": 0.0018867924528301887, "outcome": 0.002976190476190476, "find": 0.000975609756097561, "tutkimuksen": 0.004074979625101874, "don\u00b4t": 0.2, "liittyen": 0.009174311926605505, "model": 0.0014732965009208103, "were": 0.00037996327021721236, "p\u00e4\u00e4s\u00e4\u00e4nt\u00f6isesti": 0.018867924528301886, "emotions": 0.005025125628140704, "hetkell\u00e4": 0.009523809523809525, "interventiona": 0.3333333333333333, "millainen": 0.009900990099009901, "voidaan": 0.0014114326040931546, "families": 0.0029717682020802376, "support\\nthis": 1.0, "study": 0.0006326444538169548, "special": 0.001349527665317139, "vahvistaminen": 0.047619047619047616, "out": 0.0002701242571582928, "tekemisess\u00e4": 0.041666666666666664, "interviews": 0.0012987012987012987, "perceptions": 0.0205761316872428, "can": 0.0001380071763731714, "ekologisen": 0.25, "oli": 0.00042414816909373674, "aiheesta": 0.008928571428571428, "documents": 0.002105263157894737, "ole": 0.0004130524576621231, "kategoriat": 0.020833333333333332, "strengthening": 0.02702702702702703, "oppimisen": 0.0031446540880503146, "framework": 0.0012195121951219512, "curriculum": 0.004347826086956522, "what": 0.0008138351983723296, "ecological": 0.004424778761061947, "theory": 0.00024224806201550387, "process": 0.00030321406913280777, "ilmeinen\\ntutkielman": 1.0, "teorian": 0.008403361344537815, "intervention": 0.0019305019305019305, "huolimatta": 0.0035714285714285713, "core": 0.0012135922330097086, "k\u00e4ytt\u00e4en": 0.011363636363636364, "ajankohtainen": 0.038461538461538464, "esille": 0.0019569471624266144, "avulla": 0.0013175230566534915, "kind": 0.0016411378555798686, "asiast": 1.0, "vanhemmat": 0.013745704467353952, "based": 0.00023629489603024575, "mukaisesti": 0.0045662100456621, "should": 0.0002760143527463428, "bronfenbrenner": 0.04, "their": 7.744133818632385e-05, "tunteiden": 0.02702702702702703, "bronfenbrennerin": 0.25, "k\u00e4yt\u00e4nn\u00f6ss\u00e4": 0.004347826086956522, "ohjelmaa\\nfenomenografisen": 1.0, "selvitt\u00e4\u00e4": 0.005291005291005291, "kirjo": 0.0625, "think": 0.0008561643835616438, "you": 0.00025700334104343357, "support": 0.0054621848739495795, "erityist\u00e4": 0.0625, "development": 0.00032414910858995135, "tunteita": 0.017857142857142856, "aim": 0.0009871668311944718, "tied\u00e4": 0.010752688172043012, "for": 4.17641162712997e-05, "edes": 0.004761904761904762, "years": 0.0004192872117400419, "saamaan": 0.016666666666666666, "concept": 0.0016420361247947454, "educational": 0.002772002772002772, "k\u00e4ytetty": 0.003076923076923077, "topic": 0.0025348542458808617, "variously": 0.08333333333333333, "even": 0.00017777777777777779, "with": 2.844545583842981e-05, "thing": 0.002008032128514056, "well": 0.0004506534474988734, "is": 7.436602959767977e-05, "been": 0.00018475750577367207, "luottivat": 0.2, "millaisia": 0.016853932584269662, "poorly": 0.008849557522123894, "esi": 0.016666666666666666, "education": 0.0013520822065981612, "selvitt\u00e4miseksi": 0.07692307692307693, "muodot": 0.02564102564102564, "todella": 0.006369426751592357, "ker\u00e4ttiin": 0.01639344262295082, "or": 9.830908375933936e-05, "kasvatusyhteisty\u00f6n": 1.0, "especially": 0.000482392667631452, "an": 5.180810278727593e-05, "monet": 0.003663003663003663, "parents": 0.009033423667570008, "tukimallia": 1.0, "vasta": 0.0032258064516129032, "toimi": 0.003745318352059925, "lasten": 0.008333333333333333, "avata": 0.041666666666666664, "since": 0.0003214400514304082,