{"keksi\u00e4": 0.06666666666666667, "muassa": 0.001953125, "yht\u00e4": 0.002320185614849188, "pojannimen": 1.0, "mukaan": 0.0003502626970227671, "e-lomakeaineistoni": 1.0, "nimenantoon": 1.0, "and": 5.850724612243226e-06, "number": 0.00026616981634282674, "vaikuttavat": 0.0076045627376425855, "nimenantoprosessissa": 1.0, "asioita": 0.0038314176245210726, "level\\n": 0.5, "nimell\u00e4": 0.011764705882352941, "identiteetti": 0.013513513513513514, "mutta": 0.0006422607578676942, "annettu": 0.018518518518518517, "nimeksi": 0.16666666666666666, "heid\u00e4n": 0.00267379679144385, "datum": 0.013157894736842105, "lasta": 0.041666666666666664, "olla": 0.0006305170239596469, "vanhemmalta": 0.16666666666666666, "osoittautui": 0.016129032258064516, "f\u00f6rfattare": 0.01282051282051282, "jokaisessa": 0.03125, "kielen": 0.00468384074941452, "keksimisen": 0.5, "useim-miten": 1.0, "\\n\\nkoska": 1.0, "vaikutuksesta": 0.0136986301369863, "niin": 0.0008460236886632825, "ett\u00e4": 0.00043191879926573806, "\\nhuhtikuu": 1.0, "kaikis-sa": 1.0, "tutkielmassani": 0.015625, "osallistumisesta": 0.13333333333333333, "e-lomakeaineisto": 1.0, "aktiivisempi": 0.2, "on": 0.0001394950279986449, "haastattelu": 0.005813953488372093, "ilmoitti": 0.02857142857142857, "ensi": 0.015625, "antaa": 0.002544529262086514, "perheiss\u00e4": 0.16, "title\\njo": 1.0, "osittain": 0.006172839506172839, "yhteydest\u00e4\\n\\navainsanat": 1.0, "perheiden": 0.020833333333333332, "ovat": 0.00025673940949935817, "lapsen": 0.01729106628242075, "kyselyaineisto": 1.0, "vain": 0.0014534883720930232, "osallistumisen": 0.025, "nimett\u00e4ess\u00e4": 1.0, "e-lomakkeella": 1.0, "l\u00e4ro\u00e4mne": 0.012345679012345678, "vaikutusta": 0.011235955056179775, "keywords\\nnimist\u00f6ntutkimus": 1.0, "year": 0.0010559662090813093, "haas-tatteluissa": 1.0, "pieni": 0.00847457627118644, "kolmesta": 0.021739130434782608, "suomalaisten": 0.0070921985815602835, "nimenantoprosessiin": 1.0, "teemahaastattelut": 0.08333333333333333, "l\u00e4hteet": 0.006622516556291391, "merkitt\u00e4v\u00e4\u00e4": 0.01639344262295082, "lis\u00e4tietoa": 0.06666666666666667, "nimi": 0.017167381974248927, "information\\n\\n\\u2003jo": 1.0, "kiitokset": 0.06666666666666667, "olivat": 0.0005711022272986865, "perusteella": 0.004594180704441042, "aineistonani": 0.1111111111111111, "department\\nsuomen": 1.0, "raportoi": 0.02702702702702703, "titel": 0.011111111111111112, "tutkielmani": 0.01834862385321101, "tavoitteenani": 0.058823529411764705, "kuo-puksen": 1.0, "kuitenkin": 0.0005058168942842691, "deposited\\nsuomen": 1.0, "referat": 0.013157894736842105, "\u00e4idill\u00e4": 0.3333333333333333, "hypoteesini": 0.2, "haastattelemassani": 1.0, "e-lomakekyselyyn": 1.0, "esikoinen": 0.5, "sek\u00e4": 0.0007477567298105683, "suomalaisissa": 0.13043478260869565, "kolmasosa": 0.2857142857142857, "se": 0.00014753614635585718, "month": 0.004405286343612335, "neljien": 1.0, "viralliseksi": 0.07692307692307693, "perheess\u00e4": 0.16666666666666666, "erilaisia": 0.002531645569620253, "sit\u00e4": 0.0005165289256198347, "koki": 0.020618556701030927, "sidoantal": 0.01282051282051282, "ajatuksistaan": 0.5, "ilmi": 0.004878048780487805, "haastattelujen": 0.02564102564102564, "persoonallisuus": 0.05263157894736842, "ja": 0.00044233651979455927, "moni-puolisesti": 1.0, "identiteetin": 0.02830188679245283, "havaintoa": 0.16666666666666666, "pojalle": 0.3333333333333333, "jompikumpi": 0.25, "havainto": 0.037037037037037035, "is\u00e4ll\u00e4": 0.25, "art": 0.0015552099533437014, "\u00e4idin": 0.016129032258064516, "tapaa": 0.007633587786259542, "vastanneista": 0.07142857142857142, "vastauksia": 0.011627906976744186, "nime\u00e4miskriteerej\u00e4": 1.0, "esimerkiksi": 0.0005227391531625719, "kieli\\n\\nty\u00f6n": 1.0, "lukuisat": 0.03333333333333333, "is\u00e4n": 0.019230769230769232, "kauneus\\n\\nvanhempien": 1.0, "eri": 0.0005861664712778429, "vasta": 0.0064516129032258064, "\u00f6vriga": 0.006711409395973154, "uutta": 0.0048543689320388345, "nyckelord": 0.011494252873563218, "additional": 0.0010683760683760685, "olevan": 0.002229654403567447, "author\\nemma": 1.0, "ilmi\u00f6iden": 0.020833333333333332, "muun": 0.001610305958132045, "oli": 0.0002827654460624912, "haastatteluissa": 0.05405405405405406, "uskoi": 0.06666666666666667, "joko": 0.003257328990228013, "t\u00e4t\u00e4": 0.001838235294117647, "kuopuksen": 1.0, "sisarusten": 0.25, "kirjallisuuksien": 0.2, "antaneet": 0.058823529411764705, "haastattelemieni": 0.08333333333333333, "ehdottaman": 0.5, "nimi-identiteetti": 1.0, "nime\u00e4misen": 0.5, "kahdessa": 0.019230769230769232, "antavaa": 0.5, "nime\u00e4miskriteerit\\n\\ns\u00e4ilytyspaikka": 1.0, "ei": 0.00026588673225206064, "ehdotus": 0.03571428571428571, "suurin": 0.00392156862745098, "e-lomakkeeseen": 0.5, "nimen": 0.08, "vanhemmat": 0.010309278350515464, "sopii": 0.015873015873015872, "vaikutus": 0.0047169811320754715, "n\u00e4ytt\u00e4\u00e4": 0.0049261083743842365, "rooli": 0.004739336492890996, "fakultetsektion": 0.01639344262295082, "tiedekuntaosasto": 0.01639344262295082, "tehd\u00e4": 0.002242152466367713, "selvitt\u00e4\u00e4": 0.005291005291005291, "uppgifter": 0.012195121951219513, "\\n\\nhaastatteluissa": 1.0, "jollain": 0.013888888888888888, "arbetets": 0.012048192771084338, "abstract\\n\\ntarkastelen": 1.0, "k\u00e4vi": 0.011764705882352941, "yhteydest\u00e4": 0.08333333333333333, "sukunimen": 0.25, "pohjoismaisten": 0.14285714285714285, "uusin": 0.1, "olemus": 0.1111111111111111, "huomiota": 0.004219409282700422, "isist\u00e4": 0.5, "where": 0.0001984126984126984, "n\u00e4kemyksi\u00e4": 0.016666666666666666, "nimenannossa": 1.0, "vaikuttanut": 0.010416666666666666, "ajatuksiaan": 0.09090909090909091, "subject\\nsuomen": 1.0, "vaikutuksen": 0.01639344262295082, "millaisia": 0.0056179775280898875, "nimenantoprosessi": 1.0, "kanssa": 0.0006476683937823834, "kielten": 0.019230769230769232, "nimenantoprosessia": 1.0, "my\u00f6s": 0.0005644933672029354, "helppona": 0.5, "noin": 0.0033783783783783786, "ker\u00e4sin": 0.06666666666666667, "selvisi": 0.030303030303030304, "millaiset": 0.05263157894736842, "rooleista": 0.3333333333333333, "kiinnitetty": 0.06666666666666667, "merkitt\u00e4v\u00e4": 0.007042253521126761, "pages\\n98": 1.0, "j\u00e4lkinimeksi": 1.0, "voi": 0.00046882325363338024, "rooleja": 0.058823529411764705, "saattaa": 0.002824858757062147, "laitos\\n\\ntekij\u00e4": 1.0, "laji": 0.012195121951219513, "\\n\\np\u00e4\u00e4asiallisena": 1.0, "facul-ty\\nhumanistinen\\t\\n\\nlaitos": 1.0, "ni-men": 1.0, "liitteet\\n\\ntiivistelm\u00e4": 1.0, "helpompi": 0.017241379310344827, "syntym\u00e4\u00e4": 0.75, "tyt\u00f6lle": 0.6666666666666666, "ilmitul-leiden": 1.0, "kuin": 0.0013689253935660506, "nimien": 0.03571428571428571, "tietoja": 0.006622516556291391, "vaikuttavista": 0.07142857142857142, "tai": 0.0006256517205422315, "tekij\u00e4t": 0.008264462809917356, "esikoisen": 1.0, "tarkastelen": 0.006211180124223602, "v\u00e4lisest\u00e4": 0.06976744186046512, "\u00e4i-deist\u00e4": 1.0, "yleistyksi\u00e4": 0.0625, "osallistunut": 0.03571428571428571, "risti\u00e4isiss\u00e4": 1.0, "perheest\u00e4": 0.14285714285714285, "osa": 0.003260869565217391, "institution": 0.0045871559633027525, "olleen": 0.0045662100456621, "seikat": 0.02040816326530612, "olemuksen": 0.25, "haastattelemissani": 1.0, "tietoa": 0.002028397565922921, "tekij\u00f6ist\u00e4": 0.02127659574468085, "molemmat": 0.005050505050505051, "of": 4.7406396070957894e-06, "pro": 0.0027548209366391185, "roolijako": 0.5, "huomioivat": 0.16666666666666666, "2017\\n\\nsivum\u00e4\u00e4r\u00e4": 1.0, "tutkimukseni": 0.005952380952380952, "nousi": 0.007142857142857143, "suomalaisuus": 0.1, "yhteen": 0.004975124378109453, "t\u00e4m\u00e4": 0.0005934718100890207, "per\u00e4l\u00e4\\n\\nty\u00f6n": 1.0, "kaikkien": 0.0038314176245210726, "perheiss\u00e4\\n\\noppiaine": 1.0, "f\u00f6rvaringst\u00e4lle": 0.018867924528301886, "laitos\\n\\nmuita": 1.0,