{"university": 0.0010482180293501049, "u-pb-ik\u00e4tutkimusten": 1.0, "islands": 0.2, "mukaan": 0.00016353229762878168, "182-186": 1.0, "than": 0.017543859649122806, "ovat": 0.00019033117624666921, "falkland": 1.0, "t\u00e4t\u00e4": 0.0007385524372230429, "ages": 0.15789473684210525, "alueiden": 0.002551020408163265, "\u03b5hf-arvojen": 1.0, "library": 0.037037037037037035, "age": 0.009615384615384616, "tutkittiin": 0.014492753623188406, "aiemmin": 0.0010799136069114472, "av": 0.004524886877828055, "that": 0.004219409282700422, "aikaisempien": 0.03125, "happened": 0.3333333333333333, "tapahtunut": 0.003663003663003663, "n\u00e4ytteess\u00e4": 0.05263157894736842, "p\u00e4\u00e4tell\u00e4": 0.0070921985815602835, "karoo-vulkaniitteja": 1.0, "helsingin": 0.0003757985719654265, "t\u00e4ss\u00e4": 0.00028538812785388126, "zircon": 1.0, "ion": 0.2, "181\u2013182": 0.4444444444444444, "nopeasti": 0.002967359050445104, "ett\u00e4": 9.935913358835511e-05, "zircons": 1.0, "ca189\u2013190": 1.0, "jurakautisten": 1.0, "isotope": 0.5, "crystallizing": 1.0, "voidaan": 0.00045589240939138365, "on": 0.0001365960270069859, "laser": 0.5, "to": 0.0025627883136852894, "volcanic": 1.0, "todenn\u00e4k\u00f6isemmin": 0.027777777777777776, "igneous": 1.0, "older": 0.25, "aikaisemmin": 0.004081632653061225, "u-pb": 1.0, "mass": 0.05555555555555555, "magmas\u00e4ili\u00f6iden": 1.0, "lu-hf": 1.0, "n\u00e4ytteiss\u00e4": 0.02857142857142857, "kiteytymist\u00e4": 1.0, "muodostunut": 0.00819672131147541, "kuoren": 0.0625, "studies": 0.003236245954692557, "time": 0.007936507936507936, "l\u00e4ht\u00f6aineena": 0.3333333333333333, "helsinki": 0.00025926886180969663, "kirjastossa": 0.030303030303030304, "l\u00e4sesalsbruk": 0.09090909090909091, "at": 0.008797653958944282, "suuri": 0.0012091898428053204, "avhandlingen": 0.09090909090909091, "zirkoni-i\u00e4nm\u00e4\u00e4ritys": 1.0, "opinn\u00e4ytteiden": 0.07142857142857142, "dated": 0.1, "luettavissa": 0.01639344262295082, "alueilla": 0.004975124378109453, "kytketyll\u00e4": 0.2, "viitteit\u00e4": 0.010752688172043012, "keskiarvoi\u00e4t": 1.0, "n\u00e4ytteist\u00e4": 0.05, "province": 0.3333333333333333, "ja": 4.172891229417214e-05, "zirkoneja": 1.0, "painotetut": 1.0, "helka-tietokannasta": 0.09090909090909091, "kiteytyneest\u00e4": 1.0, "olivat": 0.0004784688995215311, "composition": 0.07142857142857142, "eri-ik\u00e4isi\u00e4": 0.03125, "plasmamassaspektrometrilla": 1.0, "zirkoni-i\u00e4nm\u00e4\u00e4ritykset": 1.0, "online": 0.011627906976744186, "distinguish": 1.0, "available": 0.03571428571428571, "muodostumiseen": 0.027777777777777776, "whole": 0.04, "magma": 1.0, "kiteytyminen": 0.5, "use": 0.006896551724137931, "situated": 0.07142857142857142, "alueelta": 0.009523809523809525, "alkaneen": 0.021739130434782608, "ablaatio-induktiivisesti": 1.0, "separated": 0.2, "crystal": 0.2, "abstract": 0.009900990099009901, "parental": 0.3333333333333333, "etel\u00e4mantereen": 1.0, "hae": 0.07142857142857142, "mush\\n\\nof": 1.0, "only": 0.0136986301369863, "populations": 0.4, "lip": 0.5, "felsisi\u00e4": 1.0, "thesis": 0.01639344262295082, "182\u2013186": 0.5, "finns": 0.02631578947368421, "n\u00e4ytteelle": 1.0, "study": 0.0020876826722338203, "sen": 0.00010792143319663285, "southern": 0.02702702702702703, "tiivistelm\u00e4": 0.010869565217391304, "couples": 1.0, "avhandlingens": 0.09090909090909091, "ryoliittien": 1.0, "ty\u00f6ss\u00e4": 0.00234192037470726, "sulat": 1.0, "analyzed": 0.14285714285714285, "ik\u00e4tuloksia\\n\\nyhteens\u00e4": 1.0, "crust": 1.0, "found": 0.041666666666666664, "endast": 0.04, "afrikan": 0.125, "sammandrag": 0.038461538461538464, "karoo-basalttien": 1.0, "189\u2013190": 0.2222222222222222, "were": 0.013289036544850499, "katsoa": 0.004032258064516129, "2680\u20132760": 1.0, "and": 0.0009528346831824678, "chamber": 1.0, "also": 0.01744186046511628, "jopa": 0.0009372071227741331, "short": 0.04, "f\u00f6r": 0.0033003300330033004, "bibliotek": 0.07142857142857142, "copy": 0.09090909090909091, "oli": 4.9952545082171936e-05, "tarkastellessa": 0.038461538461538464, "vanhempia": 0.01694915254237288, "ole": 0.0001701258931609391, "two": 0.0125, "etel\u00e4isen": 0.024390243902439025, "room": 0.029411764705882353, "hajoaminen": 0.05, "between": 0.005154639175257732, "vanhoja": 0.009259259259259259, "kahdessa": 0.008, "sitten": 0.0029239766081871343, "suoritettiin": 0.013333333333333334, "ei": 5.779010633379565e-05, "kidepuurosta": 1.0, "formation": 0.06451612903225806, "method\\n\\nzircons": 1.0, "sekund\u00e4\u00e4ri-ionimassaspektrometrimenetelm\u00e4ll\u00e4": 1.0, "vain": 0.0002464268112370626, "different": 0.008928571428571428, "fraktioiva": 1.0, "etel\u00e4mantereelta": 1.0, "1950\u20132450": 1.0, "yliopiston": 0.0008051529790660225, "karoon": 1.0, "inductively": 0.3333333333333333, "is": 0.0036496350364963502, "it": 0.0071090047393364926, "previous": 0.038461538461538464, "nelj\u00e4lle": 0.3333333333333333, "perittyj\u00e4": 1.0, "\u03b5hf": 1.0, "material": 0.008403361344537815, "falklandinsaarten": 1.0, "gondwanan": 1.0, "have": 0.004739336492890996, "perusteella": 0.0006165228113440197, "ik\u00e4tuloksista": 1.0, "n\u00e4in": 0.00047058823529411766, "arkistokappaleet": 0.08333333333333333, "ma": 0.1693548387096774, "for": 0.0009165902841429881, "there": 0.018292682926829267, "karoo": 1.0, "aikaisempia": 0.04, "melt": 1.0, "httpwwwhelsinkifihelkaindexhtm": 0.09090909090909091, "populaatioiden": 1.0, "magmaprovinssi": 1.0, "karoo-magmatismista": 1.0, "rocks": 0.75, "reading": 0.02631578947368421, "felsisen": 1.0, "been": 0.018867924528301886, "values": 0.006172839506172839, "large": 0.02631578947368421, "zirkonipopulaatioita": 1.0, "felsisest\u00e4": 1.0, "crystallization": 1.0, "my\u00f6s": 0.0001156938740093712, "this": 0.0026595744680851063, "noin": 0.005628517823639775, "uudelleen": 0.0024096385542168677, "possible": 0.08823529411764706, "iki\u00e4": 0.25, "sijaitsee": 0.006329113924050633, "erottunut": 0.125, "was": 0.009057971014492754, "secondary": 0.05555555555555555, "httpwwwhelsinkifihelkaindexhtmkeski-mosambikin": 1.0, "basalts": 1.0, "search": 0.03225806451612903, "period": 0.014285714285714285, "385\u2013903": 1.0, "lu-hf-isotooppikoostumus": 1.0, "ajateltu\\n\\nsamoista": 1.0, "mosambique": 1.0, "i\u00e4t": 0.09090909090909091, "huomattiin": 0.03333333333333333, "conclude": 1.0, "catalog": 0.09090909090909091, "partial": 0.2, "more": 0.006666666666666667, "kuin": 0.00026001040041601667, "supercontinent": 1.0, "184\u2013185": 0.26666666666666666, "monivaiheisesta": 1.0, "central": 0.1, "during": 0.008928571428571428, "sulissa": 1.0, "africa": 0.5, "from": 0.009146341463414634, "helka-databasen": 0.09090909090909091, "the": 0.0023999127304461655, "helka": 0.058823529411764705, "sulaa": 0.07692307692307693, "supermantereen": 1.0, "v\u00e4lill\u00e4": 0.0005991611743559018, "osittaiset": 0.5, "keski-mosambikissa": 1.0, "break-up": 1.0, "results": 0.010638297872340425, "spectrometry": 0.5, "connected": 0.04, "liitetty": 0.011627906976744186, "antarctica": 1.0, "of": 0.0015900357758049557, "rather": 0.058823529411764705, "mozambique": 1.0, "ca": 0.10606060606060606, "188\u2013189": 0.05555555555555555, "m\u00e4\u00e4ritettiin": 0.013157894736842105, "felsic": 1.0, "helsingfors": 0.0027397260273972603, "inherited": 0.125, "keski-mosambikin": 1.0, "has": 0.004901960784313725, "in": 0.0008521516829995739, "fractional": 1.0, "according": 0.02, "pappersexemplaret": 0.09090909090909091, "provinssi": 0.5, "vulkaniitteja": 1.0, "karoo-magmatismin": 1.0, "weighted": 1.0, "s\u00f6k": 0.08333333333333333, "using": 0.03225806451612903, "l\u00f6ydetty": 0.02564102564102564, "four": 0.023255813953488372, "gondwana": 1.0, "samples": 0.21739130434782608, "ablation": 1.0, "its": 0.005154639175257732, "same": 0.025, "lis\u00e4ksi": 0.0002651113467656416, "universitets": 0.07692307692307693, "are": 0.002976190476190476, "analyysipisteiden": 1.0, "hela": 0.010309278350515464,