{"ka\u0308sitella\u0308a\u0308n": 0.3333333333333333, "ha\u0308nta\u0308": 0.3333333333333333, "used": 0.00043980208905992305, "flavian": 1.0, "solve": 0.005128205128205128, "tarjoaa": 0.008, "didon": 1.0, "early": 0.0017219113215669393, "ihanteita": 0.14285714285714285, "voimakkaasti": 0.010416666666666666, "chapter": 0.0011743981209630064, "va\u0308kivallan": 1.0, "itsest\u00e4\u00e4n": 0.011904761904761904, "nelj\u00e4": 0.005555555555555556, "multicultural": 0.00546448087431694, "end": 0.0007022471910112359, "kansakuntana": 1.0, "na\u0308ko\u0308kulmasta": 1.0, "not": 8.756184054988836e-05, "ihanteet": 0.25, "sukupuolirooleja": 0.3333333333333333, "romanitas": 1.0, "argue": 0.002207505518763797, "lukijan": 0.012345679012345678, "examination": 0.0029239766081871343, "discuss": 0.0019047619047619048, "perhekeskeiset": 1.0, "roomalaisen": 0.12121212121212122, "julio-claudian": 1.0, "sotaeeposta": 1.0, "gender": 0.010357815442561206, "johdanto-osioiden": 1.0, "on": 0.00019927861142663558, "ideaalin": 0.25, "define": 0.004149377593360996, "concepts": 0.0012987012987012987, "puuttumaan": 0.125, "historian": 0.003134796238244514, "shows": 0.0008012820512820513, "female": 0.006622516556291391, "ajatteleva": 1.0, "erityisen": 0.003367003367003367, "four": 0.0014577259475218659, "ilmio\u0308n": 1.0, "symboloimaan": 0.3333333333333333, "ja\u0308nnitteesta\u0308": 1.0, "make": 0.0005530973451327434, "yhteydessa\u0308": 1.0, "positive": 0.0006858710562414266, "silla\u0308": 0.16666666666666666, "tutkimus": 0.0015220700152207, "examine": 0.002364066193853428, "subjectivity": 0.022222222222222223, "sosiaalista": 0.015384615384615385, "show": 0.0006169031462060457, "diversity": 0.0024096385542168677, "uhriuttaminen": 1.0, "prevalent": 0.022222222222222223, "ensimm\u00e4isess\u00e4": 0.010526315789473684, "keisarikauden": 1.0, "asettaa": 0.015873015873015872, "aeneiksessa\u0308": 1.0, "roomalaisuuden": 0.75, "kuten": 0.0005793742757821553, "kuolema": 0.041666666666666664, "ongelmia": 0.006896551724137931, "kannustaakseen": 1.0, "sukupuolesta": 0.09090909090909091, "time": 0.00017292062943109114, "perustuisi": 0.3333333333333333, "later": 0.000550357732526142, "johtuen": 0.011494252873563218, "audience": 0.0033333333333333335, "perustuvan": 0.030303030303030304, "yhteiskunnassafeminam": 1.0, "sukupuoliroolit": 0.6666666666666666, "part": 0.00028669724770642203, "exempla": 0.2857142857142857, "viimeinen": 0.016129032258064516, "identiteetin": 0.04716981132075472, "femaleness": 0.5, "theme": 0.003389830508474576, "through": 0.0005414185165132648, "aktiivisesti": 0.010869565217391304, "surviving": 0.00625, "pohjana": 0.02040816326530612, "keskena\u0308a\u0308n": 1.0, "chapters": 0.003401360544217687, "arguing": 0.014084507042253521, "emphasis": 0.0018975332068311196, "encourage": 0.0078125, "ka\u0308sitys": 1.0, "unity": 0.011627906976744186, "due": 0.0003835826620636747, "riitta\u0308ma\u0308tto\u0308mia\u0308": 1.0, "genre": 0.0035026269702276708, "society": 0.0007158196134574087, "heijastavat": 0.05, "se": 0.00044260843906757157, "these": 0.00018731853516905497, "phenomenon": 0.0014204545454545455, "sisa\u0308llissotien": 1.0, "own": 0.0004253509145044662, "poetry": 0.002638522427440633, "self": 0.0037735849056603774, "jatkuvuudesta": 0.3333333333333333, "identiteettien": 0.16666666666666666, "ja": 0.0005652077752930479, "contradicts": 0.1, "scapegoats": 0.2, "demonstrate": 0.009950248756218905, "taustana": 0.07142857142857142, "rakentavat": 0.03571428571428571, "sa\u0308ilynytta\u0308": 1.0, "tasapainoisen": 0.25, "function": 0.00042158516020236085, "osoittaa": 0.010101010101010102, "asiana": 0.034482758620689655, "kuutta": 0.06666666666666667, "itsetuhon": 1.0, "subject": 0.0012515644555694619, "luku": 0.014925373134328358, "feminiiniset": 1.0, "that": 0.00023842638585336778, "kuvaus": 0.012658227848101266, "poliittisia": 0.03125, "maskuliinisuudelle": 1.0, "imperial": 0.09523809523809523, "roomalaisten": 0.00823045267489712, "construct": 0.0035211267605633804, "sotaepiikassa": 0.6666666666666666, "ne": 0.0003795066413662239, "voidaan": 0.0007057163020465773, "ideologiaa": 0.2, "ideologiset": 0.25, "ka\u0308sittelyluvusta": 1.0, "naishahmojen": 0.14285714285714285, "constructing": 0.006024096385542169, "identiteettia\u0308": 1.0, "ka\u0308sittelyn": 1.0, "repeatedly": 0.009900990099009901, "liittyvia\u0308": 0.5, "male-female": 0.25, "kulttuurisessa": 0.25, "self-evidently": 0.3333333333333333, "ma\u0308a\u0308ritta\u0308va\u0308t": 1.0, "naiseus": 0.3333333333333333, "ja\u0308a\u0308": 1.0, "epa\u0308varmuuksia": 1.0, "kumoaa": 0.14285714285714285, "characters": 0.0014144271570014145, "war": 0.012360939431396786, "viisi": 0.007194244604316547, "heijastelisi": 1.0, "ei": 0.00013294336612603032, "around": 0.000864304235090752, "expressing": 0.004629629629629629, "identiteettidiskurssista": 1.0, "toisaalta": 0.0028653295128939827, "\\n\\nva\u0308ito\u0308skirja": 1.0, "are": 0.00014177157763411592, "yksinmaan": 1.0, "divides": 0.027777777777777776, "mielessa\u0308": 1.0, "kiinnostuneempia": 1.0, "their": 0.00023232401455897158, "beginning": 0.001122334455667789, "civil": 0.021897810218978103, "masculine": 0.015873015873015872, "shared": 0.0011947431302270011, "kuudes": 0.05263157894736842, "subjekti": 0.05, "arma": 0.5, "vieraannuttaakseen": 1.0, "kollektiivisen": 0.08695652173913043, "kommunikaatiosta": 1.0, "pyrkiva\u0308t": 0.3333333333333333, "power": 0.0006825938566552901, "scrutinise": 0.09090909090909091, "discourse": 0.00186219739292365, "alkuvaiheessa": 0.02857142857142857, "ideal": 0.004484304932735426, "roomalaisuuttaan": 1.0, "aina": 0.0012484394506866417, "sodassa": 0.021739130434782608, "tulee": 0.0014727540500736377, "rakentamiselle": 0.3333333333333333, "aikansa": 0.022727272727272728, "sotasyyllisyydesta\u0308": 1.0, "collective": 0.0028735632183908046, "even": 0.00017777777777777779, "or": 9.830908375933936e-05, "to": 8.915993509156725e-05, "themselves": 0.0010799136069114472, "deaths": 0.01639344262295082, "ma\u0308a\u0308rittelema\u0308a\u0308n": 1.0, "clearly": 0.0010111223458038423, "tekija\u0308": 0.5, "blur": 0.14285714285714285, "muukalaisten": 1.0, "this": 6.921373200442968e-05, "muodostumista": 0.043478260869565216, "runoilijoiden": 1.0, "sodan": 0.006472491909385114, "va\u0308ito\u0308skirja": 1.0, "raja": 0.02127659574468085, "traditional": 0.0024479804161566705, "imperiumikeskeista\u0308": 1.0, "kattavan": 0.058823529411764705, "monikulttuurisen": 0.14285714285714285, "pidetty": 0.015625, "literary": 0.0012531328320802004, "italialaiselle": 0.5, "pysyva\u0308sti": 1.0, "erottelu": 0.1111111111111111, "naisten": 0.005434782608695652, "varhaisen": 0.09523809523809523, "shatters": 1.0, "considered": 0.0004336513443191674, "ratkaisemaan": 0.08333333333333333, "yhteisen": 0.016129032258064516, "dominant": 0.0031645569620253164, "historiallista": 0.03333333333333333, "is": 0.00016360526511489552, "perustana": 0.03125, "ka\u0308sittelee": 0.5, "vetoomukset": 0.5, "periferian": 1.0, "luomaan": 0.014492753623188406, "ilmapiirin": 0.02702702702702703, "kuin": 0.00034223134839151266, "epa\u0308varmuutta": 1.0, "mieskeskeisena\u0308": 1.0, "means": 0.0004662004662004662, "tai": 0.0004171011470281543, "when": 0.00013176966662274345, "empowered": 0.1, "teoksia": 0.0136986301369863, "runoudessa": 0.5, "liitetty": 0.02564102564102564, "interaction": 0.0006373486297004461, "ha\u0308ilyva\u0308": 1.0, "difference": 0.0011918951132300357, "\\n\\nthis": 0.03225806451612903, "sisa\u0308llissotaretoriikasta": 1.0, "tunteva": 0.3333333333333333, "kyseenalaistavat": 0.3333333333333333, "maskuliinista": 0.5, "six": 0.0028089887640449437, "become": 0.001467351430667645, "merely": 0.0024813895781637717, "tarkastelen": 0.006211180124223602, "ohella": 0.009345794392523364, "sukupuolen": 0.06060606060606061, "of": 0.00018014430506964, "eeposten": 1.0, "joka": 0.0007518796992481203, "born": 0.004608294930875576, "family-oriented": 1.0,