{"university": 0.00024449877750611245, "long": 0.0007173601147776184, "ferromagnetic": 0.18181818181818182, "observed": 0.0004601932811780948, "theorized": 0.08333333333333333, "may": 0.00018477457501847746, "ovat": 0.00025673940949935817, "statistics": 0.004640371229698376, "abstract": 0.001658374792703151, "numerical\\nmethods": 1.0, "library": 0.0019157088122605363, "chains": 0.008130081300813009, "hamiltonian": 0.012658227848101266, "av": 0.0006289308176100629, "motivation": 0.0015822784810126582, "tolerant": 0.06666666666666667, "helsingfors": 0.00625, "bibliotek": 0.1111111111111111, "nonlinear": 0.014492753623188406, "helsingin": 0.0007716049382716049, "much": 0.00047961630695443646, "individual": 0.00045558086560364467, "effects": 0.0005977286312014345, "as\\nthe": 1.0, "on": 5.978358342799067e-05, "interesting": 0.0010683760683760685, "decades": 0.002898550724637681, "supports": 0.0047169811320754715, "room": 0.0028011204481792717, "braid": 0.05, "equation": 0.001128668171557562, "pappersexemplaret": 0.2, "are\\na": 1.0, "and": 1.1701449224486452e-05, "pairs": 0.00234192037470726, "majorana\\nbound": 1.0, "they": 0.00019758940920766647, "eigenvalue": 0.05263157894736842, "research\\nin": 1.0, "phase": 0.0006493506493506494, "several": 0.0007665772326561902, "kirjastossa": 0.2, "topology": 0.008333333333333333, "imminent\\nrecently": 1.0, "avhandlingen": 0.05263157894736842, "of\\nmajorana": 1.0, "opinn\u00e4ytteiden": 0.2, "intersecting": 0.043478260869565216, "length": 0.002638522427440633, "luettavissa": 0.04, "solution": 0.000925925925925926, "providing": 0.0021008403361344537, "seen": 0.0004506534474988734, "use": 0.00020403999183840033, "further": 0.0004084967320261438, "starting\\nfrom": 1.0, "an": 0.00010361620557455187, "spin-orbit": 0.5, "finite": 0.004672897196261682, "properties": 0.0009285051067780873, "have": 5.3556126820908315e-05, "available": 0.0006983240223463687, "as": 4.2153184673102054e-05, "whole": 0.0007142857142857143, "finns": 0.003952569169960474, "splitting": 0.017241379310344827, "past": 0.002702702702702703, "prototype": 0.017241379310344827, "superconductors": 0.3333333333333333, "these": 9.365926758452749e-05, "progress": 0.0036101083032490976, "platform": 0.00641025641025641, "through\\nnumerical": 1.0, "rashba": 1.0, "only": 0.0001296512381693245, "that": 5.9606596463341945e-05, "l\u00e4sesalsbruk": 0.2, "simulate": 0.024390243902439025, "focus": 0.000851063829787234, "exchange": 0.005115089514066497, "spatial": 0.0019230769230769232, "study": 0.00021088148460565162, "modes": 0.001941747572815534, "geometry": 0.0028328611898017, "avhandlingens": 0.2, "exhibit": 0.0045871559633027525, "tiivistelm\u00e4": 0.006493506493506494, "hae": 0.08333333333333333, "be": 3.209448616727646e-05, "our": 0.00034094783498124785, "consisting": 0.0033222591362126247, "each": 0.0002549069589599796, "yliopiston": 0.0037313432835820895, "derive": 0.005, "two\\none-dimensional": 1.0, "coherence": 0.009523809523809525, "endast": 0.013888888888888888, "find": 0.000975609756097561, "indicating": 0.0023752969121140144, "adatoms\\nimplanted": 1.0, "two-dimensional": 0.011904761904761904, "design": 0.000649772579597141, "at": 6.507451031430989e-05, "adiabatic\\nbraiding": 1.0, "f\u00f6r": 0.0010277492291880781, "topological\\nsuperconductors": 1.0, "copy": 0.005747126436781609, "mean-field": 0.1111111111111111, "bound": 0.004878048780487805, "two": 0.0004185267857142857, "combining": 0.0030211480362537764, "in": 4.6709951221465225e-05, "most\\nnotably": 1.0, "topological\\nphase": 1.0, "process": 0.00030321406913280777, "experimental": 0.004777070063694267, "decay": 0.004878048780487805, "problem\\ndescribing": 1.0, "linearized": 0.5, "separated": 0.0031746031746031746, "serving": 0.009433962264150943, "vain": 0.0007267441860465116, "are": 5.6708631053646363e-05, "sammandrag": 0.2, "chain\\nas": 1.0, "step": 0.0013054830287206266, "wavefunctions": 0.14285714285714285, "applications": 0.0010706638115631692, "their": 0.00023232401455897158, "previous": 0.0007496251874062968, "systems": 0.0005931198102016608, "coupling": 0.011111111111111112, "few": 0.0009174311926605505, "arkistokappaleet": 0.2, "verification": 0.02040816326530612, "which": 0.00017185083347654237, "particular": 0.0008375209380234506, "by": 7.031607073796716e-05, "years": 0.0004192872117400419, "majorana": 0.6666666666666666, "bulk": 0.003968253968253968, "braiding": 0.07142857142857142, "httpwwwhelsinkifihelkaindexhtm": 0.2, "allows": 0.0017889087656529517, "with": 8.533636751528944e-05, "to": 1.783198701831345e-05, "cross-shaped": 0.5, "reading": 0.0009569377990430622, "moving": 0.00398406374501992, "been": 9.237875288683603e-05, "states": 0.003692762186115214, "substrate": 0.005208333333333333, "httpwwwhelsinkifihelkaindexhtmmajorana": 1.0, "this": 3.460686600221484e-05, "helka-databasen": 0.2, "fault": 0.02040816326530612, "qubit": 1.0, "obtain": 0.008746355685131196, "limit": 0.0021008403361344537, "transcendental": 0.045454545454545456, "search": 0.00186219739292365, "helsinki": 0.00027948574622694243, "enact": 0.16666666666666666, "quasiparticle": 1.0, "considered": 0.0004336513443191674, "principles": 0.0018214936247723133, "type": 0.00044822949350067237, "gennes": 1.0, "is": 1.4873205919535956e-05, "diagram": 0.009174311926605505, "the\\nreciprocal": 1.0, "condensed-matter": 1.0, "quasiparticles": 1.0, "dependence": 0.002890173410404624, "during": 0.00022114108801415304, "helka-tietokannasta": 0.2, "calculate": 0.0058823529411764705, "from": 4.177982034677251e-05, "for": 0.00014617440694954896, "groups": 0.0005081300813008131, "the": 6.777969970881841e-05, "nonabelian": 1.0, "to\\nsupport": 1.0, "adatom": 1.0, "helka": 0.2, "existence": 0.0016891891891891893, "generalizing": 0.05555555555555555, "results": 0.00018747656542932134, "equations": 0.002380952380952381, "field": 0.0004948045522018803, "we": 0.0008803785627819963, "system": 0.0015360983102918587, "of": 7.585023371353263e-05, "version": 0.0008319467554076539, "online": 0.0013717421124828531, "analyse": 0.0034602076124567475, "required": 0.0011261261261261261, "catalog": 0.07692307692307693, "shiba": 0.5, "bogoliubov-de": 1.0, "gap": 0.003389830508474576, "quantum\\ncomputing": 1.0, "a\\npossible": 1.0, "energy": 0.001314060446780552, "confirmation": 0.0196078431372549, "new": 0.00016894745734076703, "space": 0.0004885197850512946, "superconducting": 0.2, "topological": 0.11764705882352941, "physics": 0.000980392156862745, "boundaries": 0.00390625, "constructed": 0.002544529262086514, "using": 0.00020312817387771684, "s\u00f6k": 0.2, "hela": 0.009345794392523364, "application": 0.0012437810945273632, "magnetic": 0.0006153846153846154, "throughout": 0.0018726591760299626, "the\\nzero-energy": 1.0, "as\\nwell": 1.0, "has": 0.00023146362163413317, "universitets": 0.2, "thesis": 0.0007233273056057866, "paper": 0.0004995004995004995}