{"university": 0.0010482180293501049, "lisa\u0308a\u0308": 1.0, "kuukausitiedotteiden": 1.0, "ka\u0308ytetta\u0308vyyden": 1.0, "ylla\u0308pidon": 1.0, "intensiivinen": 0.07692307692307693, "helka": 0.058823529411764705, "ovat": 0.00019033117624666921, "search": 0.03225806451612903, "at": 0.002932551319648094, "kohderyhma\u0308haastattelun": 1.0, "asioita": 0.0015432098765432098, "lisa\u0308a\u0308ntynyt": 1.0, "eiva\u0308t": 1.0, "ka\u0308ytta\u0308ja\u0308n": 1.0, "av": 0.004524886877828055, "ka\u0308ytta\u0308ja\u0308t": 1.0, "ka\u0308ytto\u0308liittyma\u0308ssa\u0308": 1.0, "teko": 0.01639344262295082, "tarvitsemista": 1.0, "tiedusteluiden": 1.0, "pa\u0308iva\u0308kotisivustoon": 1.0, "bibliotek": 0.07142857142857142, "uuden": 0.0009794319294809011, "kontekstisidonnainen": 0.3333333333333333, "tiedustelun": 0.5, "helsingin": 0.0003757985719654265, "sessa": 0.03225806451612903, "tyo\u0308ho\u0308n": 1.0, "tiedustelussa": 1.0, "vuoksi": 0.0008795074758135445, "varjostamistutkimuksia": 1.0, "si": 0.004629629629629629, "kyselyt": 0.038461538461538464, "sa\u0308hko\u0308isesti": 1.0, "voidaan": 0.00045589240939138365, "on": 9.756859071927564e-05, "haastattelu": 0.006600660066006601, "hoitaa": 0.007407407407407408, "vanhoihin": 0.027777777777777776, "helka-tietokannasta": 0.09090909090909091, "yli": 0.0012391573729863693, "tutustuttiin": 0.1111111111111111, "etta\u0308": 0.3333333333333333, "jatkossakin": 0.058823529411764705, "aitoja": 0.045454545454545456, "toiminnasta": 0.003484320557491289, "pa\u0308iva\u0308": 1.0, "tyo\u0308ympa\u0308risto\u0308ssa\u0308": 1.0, "vastaajat": 0.010101010101010102, "sa\u0308hko\u0308postitse": 1.0, "tyo\u0308tehta\u0308via\u0308": 1.0, "helsinki": 0.00025926886180969663, "kohderyhma\u0308a\u0308n": 1.0, "toiminnoista": 0.05263157894736842, "ka\u0308ytta\u0308ja\u0308": 1.0, "vaikeaa": 0.004761904761904762, "library": 0.037037037037037035, "kuitenkin": 0.0002455795677799607, "ma\u0308a\u0308rin": 1.0, "avhandlingen": 0.09090909090909091, "kirjastossa": 0.030303030303030304, "malla": 0.05, "pa\u0308iva\u0308kodin": 1.0, "opinn\u00e4ytteiden": 0.07142857142857142, "tarpeisiin": 0.00819672131147541, "ilmi": 0.0033003300330033004, "luettavissa": 0.01639344262295082, "suullinen": 0.015625, "kuten": 0.0005798782255726297, "interview": 0.14285714285714285, "vain": 0.0002464268112370626, "aikaa": 0.002890173410404624, "tyo\u0308ntekija\u0308a\u0308": 1.0, "johtuen": 0.005405405405405406, "na\u0308ista\u0308": 1.0, "sopiva": 0.01020408163265306, "haastatteluita": 0.16666666666666666, "vaikutti": 0.002188183807439825, "suunnatuista": 0.3333333333333333, "va\u0308ltta\u0308ma\u0308tta\u0308": 1.0, "yksilo\u0308haastattelu": 1.0, "varjostamisella": 1.0, "itsena\u0308isesti": 1.0, "va\u0308ltta\u0308ma\u0308to\u0308nta\u0308": 1.0, "jatkossa\\ntutkielma": 1.0, "use": 0.006896551724137931, "tutkimusta": 0.0022271714922048997, "tutkielmassa": 0.0045045045045045045, "tarpeita": 0.01, "se": 0.000104942806170637, "abstract": 0.009900990099009901, "ethnographic": 0.047619047619047616, "palautetta": 0.0125, "vastaavat": 0.004219409282700422, "selvitettiin": 0.020833333333333332, "riitta\u0308va\u0308sti": 1.0, "vustoon": 1.0, "kohderyhma\u0308haastatteluissa": 1.0, "edustavat": 0.002347417840375587, "only": 0.0136986301369863, "httpwwwhelsinkifihelkaindexhtmesitutkimus": 1.0, "arvioida": 0.004166666666666667, "onko": 0.001607717041800643, "contextual": 0.16666666666666666, "ja": 9.180360704717871e-05, "kerrallaan": 0.014705882352941176, "sen": 0.00010792143319663285, "koska": 0.0003281916639317361, "avhandlingens": 0.09090909090909091, "henkilo\u0308kunnan": 1.0, "tiivistelm\u00e4": 0.010869565217391304, "hae": 0.07142857142857142, "varjostaminen": 1.0, "ominaisuuksia": 0.0041841004184100415, "ka\u0308ytto\u0308tilanteet": 1.0, "joitakin": 0.004975124378109453, "ka\u0308ytta\u0308a\u0308": 1.0, "endast": 0.04, "shadowing": 1.0, "ka\u0308y": 1.0, "esitutkimus": 0.5, "todellisuudessa": 0.006134969325153374, "toimiaan": 0.14285714285714285, "tutkija": 0.005633802816901409, "eri": 0.0002106593638087213, "kera\u0308ttiin": 1.0, "henkilo\u0308kunta": 1.0, "henkilo\u0308ita\u0308\\ntulosten": 1.0, "tiivis": 0.019230769230769232, "henkilo\u0308kunnasta": 1.0, "osallistuu": 0.015384615384615385, "tutkimuk": 0.05263157894736842, "f\u00f6r": 0.0033003300330033004, "copy": 0.09090909090909091, "suhtautuu": 0.017543859649122806, "mahdollisuutta": 0.00510204081632653, "liittyvia\u0308": 0.6666666666666666, "kyselyn": 0.01694915254237288, "ka\u0308ytetta\u0308vyydesta\u0308": 1.0, "aitoa": 0.03571428571428571, "ka\u0308ytta\u0308jilleen": 1.0, "tiedustelutilanne": 1.0, "seuraamalla": 0.05, "tyo\u0308taakka": 1.0, "kontekstisidonnaisen": 0.5, "joilla": 0.0017543859649122807, "room": 0.029411764705882353, "keskustele": 0.5, "haastateltavan": 0.021739130434782608, "yhdessa\u0308": 1.0, "ei": 0.0001155802126675913, "auttavat": 0.015151515151515152, "avulla": 0.0006453694740238787, "pa\u0308a\u0308osa": 1.0, "suorittaneet": 0.043478260869565216, "finns": 0.02631578947368421, "aikana": 0.0005417118093174431, "la\u0308hetta\u0308a\u0308": 1.0, "pa\u0308iva\u0308kotisivuihin": 1.0, "yliopiston": 0.0008051529790660225, "is": 0.0009124087591240876, "sammandrag": 0.038461538461538464, "useita": 0.0014492753623188406, "suunnittelemaan": 0.037037037037037035, "taustatieto": 0.2, "selvitta\u0308a\u0308": 0.6666666666666666, "sisa\u0308llo\u0308n": 1.0, "tuo": 0.0018315018315018315, "yhta\u0308": 1.0, "hyo\u0308tyja\u0308": 1.0, "havainnointimenetelmia\u0308": 1.0, "menetelma\u0308\\nhaastatteluiden": 1.0, "seka\u0308": 0.5, "arkistokappaleet": 0.08333333333333333, "sivuston": 0.034482758620689655, "for": 0.0009165902841429881, "jossa": 0.00024113817217265494, "tuloksista": 0.007874015748031496, "tulee": 0.0005117707267144319, "tarpeellinen": 0.02702702702702703, "tehtiin": 0.0027397260273972603, "questionnaire": 0.25, "reading": 0.02631578947368421, "tyo\u0308tilannetta": 1.0, "taas": 0.0005422993492407809, "ka\u0308ytto\u0308": 1.0, "helsingfors": 0.0027397260273972603, "sa\u0308hko\u0308isen": 1.0, "yksilo\u0308haastattelulla": 1.0, "kanssa": 0.0002678810608090008, "kontekstisidonnaisten": 1.0, "omaoulu-portaalin": 1.0, "helka-databasen": 0.09090909090909091, "available": 0.03571428571428571, "va\u0308ha\u0308n": 1.0, "focus": 0.02702702702702703, "ollut": 0.00021285653469561516, "viitataan": 0.006024096385542169, "siksi": 0.0010799136069114472, "lasten": 0.0027835768963117608, "pappersexemplaret": 0.09090909090909091, "tiedustelu": 0.2857142857142857, "joihin": 0.002717391304347826, "myo\u0308ska\u0308a\u0308n": 1.0, "whole": 0.04, "ominaisuuksista": 0.014285714285714285, "sopivuudesta": 0.16666666666666666, "varjostamalla": 1.0, "tapahtumakalenterin": 1.0, "jatkossa": 0.006802721088435374, "parhaiten": 0.004366812227074236, "catalog": 0.09090909090909091, "uusien": 0.003246753246753247, "pa\u0308iva\u0308kotisivua": 1.0, "hyva\u0308ksyva\u0308sti": 1.0, "ha\u0308nen": 1.0, "vastannut": 0.011904761904761904, "tai": 8.97827258035554e-05, "lomakehaastatteluita": 1.0, "ka\u0308ytta\u0308jien": 1.0, "suorittaa": 0.017391304347826087, "tulisi": 0.0011614401858304297, "havainnointi": 0.016666666666666666, "l\u00e4sesalsbruk": 0.09090909090909091, "groups": 0.02857142857142857, "the": 0.00032726082687902256, "jotta": 0.0011947431302270011, "osa": 0.000429553264604811, "puolet": 0.005319148936170213, "ka\u0308ytto\u0308tilanteita": 1.0, "na\u0308hda\u0308a\u0308n": 1.0, "haastattelutilanteeseen": 0.3333333333333333, "ongelmat": 0.005025125628140704, "vanhempien": 0.006688963210702341, "etnografisen": 0.02702702702702703, "tutustuvat": 0.1, "tieto": 0.0015503875968992248, "haastattelun": 0.010638297872340425, "of": 0.00013250298131707962, "oulun": 0.0034965034965034965, "etnografinen": 0.018867924528301886, "mita\u0308": 1.0, "tutkia": 0.003215434083601286, "pa\u0308iva\u0308kotisivuston": 1.0, "suhteessa": 0.001148105625717566, "kaupungin": 0.0031446540880503146,