{"la": 0.00032637075718015666, "muassa": 0.00390625, "saa": 0.0022271714922048997, "ajatus": 0.006666666666666667, "kielen": 0.00234192037470726, "teoksesta\\njatkossa": 1.0, "liittyv\u00e4\u00e4": 0.011627906976744186, "piirteit\u00e4": 0.01818181818181818, "ovat": 0.00025673940949935817, "taustaa": 0.025, "improvisoidun": 0.5, "sekoittuu": 0.16666666666666666, "niit\u00e4": 0.0014347202295552368, "referencias": 1.0, "perustuvan": 0.030303030303030304, "1900-luvulle\\nromaanin": 1.0, "mutta": 0.0006422607578676942, "tavallisesta": 0.125, "analyysi": 0.0048543689320388345, "syventym\u00e4ll\u00e4": 0.5, "ik\u00e4\u00e4n": 0.00510204081632653, "olla": 0.0006305170239596469, "l\u00e4htee": 0.02, "romaanissa": 0.3333333333333333, "moniulotteisesti": 0.16666666666666666, "poikkeavat": 0.022222222222222223, "tietouttaan": 0.5, "kaikkein": 0.013157894736842105, "t\u00e4ss\u00e4": 0.0007107320540156361, "kantaesitys": 0.041666666666666664, "pohjan\\ntutkielmani": 1.0, "historiankirjoituksesta": 0.5, "ett\u00e4": 0.00010797969981643452, "teoksessa": 0.0070052539404553416, "tutkielmassani": 0.0625, "venetsian": 1.0, "voisivat": 0.01639344262295082, "tapahtumiin": 0.02857142857142857, "on": 0.00019927861142663558, "kartoittamaan": 0.25, "t\u00e4ydelliseksi": 0.5, "parodian": 1.0, "esitt\u00e4nyt": 0.030303030303030304, "eritt\u00e4in": 0.0031545741324921135, "aikatasojen": 1.0, "tietynlaista": 0.05555555555555555, "esityksen": 0.017543859649122806, "kuubalaisen": 0.25, "antonio": 0.02702702702702703, "tekstianalyyttinen": 1.0, "monitasoisia": 1.0, "havaintoihin": 0.05263157894736842, "syntyy": 0.00847457627118644, "afrokuubalainen": 1.0, "carpentier": 0.8571428571428571, "jossa": 0.0015467904098994587, "pit\u00e4v\u00e4t": 0.01282051282051282, "kuvaa": 0.0060790273556231, "paljon": 0.003171247357293869, "k\u00e4sittelen": 0.008695652173913044, "ty\u00f6ni": 0.05555555555555555, "tai": 0.0004171011470281543, "otsikkona": 0.2, "kirjailija": 0.018518518518518517, "ainakin": 0.002840909090909091, "musiikin": 0.005494505494505495, "kuitenkin": 0.0005058168942842691, "musiikkiteoksiin": 1.0, "teoksia": 0.0136986301369863, "josta": 0.003937007874015748, "hy\u00f6dyksi": 0.05555555555555555, "hyvin": 0.0028228652081863093, "olisi": 0.0008123476848090983, "kuten": 0.0011587485515643105, "pintapuolisen": 0.5, "ylitsepursuavan": 1.0, "l\u00e4hiluvun": 0.2, "musikologin": 1.0, "nimi": 0.004291845493562232, "sarkastisen": 0.5, "musiikkia": 0.007936507936507936, "vain": 0.0007267441860465116, "huomioon": 0.0035460992907801418, "cuba": 0.030303030303030304, "realismin": 0.16666666666666666, "kirjailijan": 0.034482758620689655, "yli": 0.003745318352059925, "lukija": 0.012987012987012988, "h\u00e4nen": 0.0032976092333058533, "tutkielmani": 0.009174311926605505, "mahtipontisen": 0.5, "tutustuvat": 0.5, "seikka": 0.02564102564102564, "kirja": 0.016666666666666666, "kohtaus": 0.0625, "musiikki": 0.015625, "palvelijansa": 1.0, "monissa": 0.014925373134328358, "meksikon": 0.5, "pro": 0.0027548209366391185, "todellisiin": 0.3333333333333333, "ilmentymist\u00e4": 0.3333333333333333, "sek\u00e4": 0.0004985044865403788, "el": 0.00228310502283105, "teokseen": 0.030303030303030304, "t\u00e4st\u00e4": 0.0021231422505307855, "kuvataan": 0.012987012987012988, "piirteet": 0.015151515151515152, "domenico": 0.07142857142857142, "ty\u00f6st\u00e4": 0.017543859649122806, "totuudesta": 0.14285714285714285, "koska": 0.0017777777777777779, "annan": 0.018867924528301886, "tarja": 0.022222222222222223, "haluavat": 0.0196078431372549, "kaunokirjallisissa": 1.0, "historiasta": 0.0196078431372549, "tiet\u00e4myst\u00e4": 0.05555555555555555, "s\u00e4velt\u00e4ji\u00e4": 0.06666666666666667, "muodostaa": 0.009345794392523364, "sis\u00e4ll\u00f6st\u00e4": 0.02040816326530612, "rinnakkaisuutta": 1.0, "ja": 0.0005652077752930479, "opettaa": 0.021739130434782608, "varsin": 0.003472222222222222, "kuvaukset": 0.02127659574468085, "musiikista": 0.03333333333333333, "sen": 0.0002768549280177187, "teoksessalas": 1.0, "musiikkiaiheisia": 1.0, "tutkinut": 0.013333333333333334, "samankaltaisuus": 0.07142857142857142, "estilo": 0.3333333333333333, "mielikuvituksellisin": 1.0, "gf": 0.03225806451612903, "karnevaaleja": 1.0, "montezuma": 1.0, "oopperan": 0.1, "l\u00e4hden": 0.125, "niille": 0.015151515151515152, "liikkeelle": 0.05555555555555555, "tutkimuksen": 0.0016299918500407497, "n\u00e4kemyksen": 0.01818181818181818, "musiikinhistoria": 1.0, "hy\u00f6ty\u00e4": 0.012658227848101266, "etenkin": 0.005780346820809248, "todellisuudessa": 0.015384615384615385, "bahtin": 0.5, "tavanmukaisesta": 1.0, "kuuluisiin": 1.0, "eri": 0.0023446658851113715, "barokkis\u00e4velt\u00e4jiin": 1.0, "karnevalistiset": 1.0, "romaaneissa": 0.5, "olemaan": 0.016129032258064516, "tapahtuu": 0.005376344086021506, "barokkikonsertto": 1.0, "poikkeaa": 0.021739130434782608, "1995": 0.0006176652254478073, "voisi": 0.00468384074941452, "jotka": 0.0005461496450027307, "musiikillisia": 0.1111111111111111, "muun": 0.00322061191626409, "kirjallisuuden": 0.01744186046511628, "kirjan": 0.02857142857142857, "kuvan": 0.0055248618784530384, "meksikolaiseen": 1.0, "tapahtumat": 0.024691358024691357, "tarinaa": 0.043478260869565216, "sekoittuminen": 0.14285714285714285, "realismiin": 0.25, "tietynlaisen": 0.06666666666666667, "kohdalla": 0.0028653295128939827, "1700-luvulta": 0.14285714285714285, "karnevalistisia": 1.0, "s\u00e4velt\u00e4jiin": 0.3333333333333333, "taiteenlajien": 1.0, "suom": 0.016666666666666666, "j\u00e4lkel\u00e4inen": 0.5, "concierto": 0.5, "ihmeellisi\u00e4": 0.5, "eteenp\u00e4in": 0.004672897196261682, "de": 6.409023905659168e-05, "avulla": 0.006587615283267457, "piiriin": 0.027777777777777776, "teoksessaan": 0.027777777777777776, "kulttuuria": 0.010752688172043012, "l\u00e4htev\u00e4t": 0.125, "barokkityylin": 1.0, "barokista": 0.5, "aikak\u00e4sitys": 0.3333333333333333, "mukaisesti": 0.0045662100456621, "barokkityyli": 1.0, "tutkielmaani": 0.14285714285714285, "siten": 0.001524390243902439, "oman": 0.001430615164520744, "motezuma": 1.0, "ylimyst\u00f6\u00f6n": 1.0, "musiikkiviittauksia": 1.0, "kansanperinteisiin": 0.5, "k\u00e4ytt\u00e4m\u00e4st\u00e4": 0.16666666666666666, "niiden": 0.0009578544061302681, "vivaldin": 1.0, "viittauksia": 0.07142857142857142, "ollut": 0.0005291005291005291, "barokin": 0.08333333333333333, "barokkikonsertoksi\\ntutkielmani": 1.0, "n\u00e4kemyksi\u00e4\u00e4n": 0.1, "viev\u00e4n": 0.14285714285714285, "konsertin": 0.05, "komparatiivisen": 1.0, "maagiseen": 1.0, "etel\u00e4-amerikasta": 0.5, "k\u00e4ytetty": 0.003076923076923077, "esseiss\u00e4\u00e4n": 1.0, "barokkityyli\u00e4": 1.0, "kulttuurirajojen\\nalejo": 1.0, "pohjautuu": 0.018867924528301886, "hahmot": 0.08333333333333333, "reading": 0.0009569377990430622, "h\u00e4ndeliin": 1.0, "viittaa": 0.00392156862745098, "meksikolainen": 1.0, "barroco": 0.8, "kiinnostavaa": 0.01639344262295082, "teoksensa": 0.02702702702702703, "kohtauksia": 0.1, "kanssa": 0.0019430051813471502, "valloitukseen": 1.0, "s\u00e4velt\u00e4m\u00e4": 0.25, "my\u00f6s": 0.000846740050804403, "selvisi": 0.030303030303030304, "totuudenmukaisesti": 0.3333333333333333, "moctezuma-ooppera": 1.0, "my\u00f6t\u00e4": 0.0033112582781456954, "alejo": 0.6, "kulttuurin": 0.00390625, "yhdess\u00e4": 0.002652519893899204, "her\u00e4tt\u00e4v\u00e4t": 0.0625, "runsaasti": 0.005780346820809248, "elementtej\u00e4": 0.0196078431372549, "en": 0.000559753708368318, "kuuluu": 0.003875968992248062, "yhteisen": 0.016129032258064516, "jatkaa": 0.007352941176470588, "1733": 0.1111111111111111, "tarkemmin": 0.004878048780487805, "carpentierin": 1.0, "groteskin": 1.0, "kansanperinnett\u00e4": 1.0, "voidaan": 0.0007057163020465773, "barokkityylist\u00e4": 1.0, "kuvattu": 0.01818181818181818, "saralla": 0.034482758620689655, "kuin": 0.0006844626967830253, "esiintyvi\u00e4": 0.029411764705882353, "otettava": 0.023255813953488372, "muissa": 0.009345794392523364, "esiintyy": 0.017937219730941704,