{"university": 0.00024449877750611245, "compared": 0.0011806375442739079, "order": 0.0003204101249599487, "used": 0.00010995052226498076, "ovat": 0.00025673940949935817, "fusion": 0.012422360248447204, "accelerator": 0.05, "near": 0.0017605633802816902, "identical": 0.0033222591362126247, "able": 0.0006385696040868455, "formation": 0.0027266530334014998, "fluence\\n\\nour": 1.0, "concentrated": 0.004149377593360996, "av": 0.0006289308176100629, "simulations": 0.0024183796856106408, "breakdowns": 0.16666666666666666, "not": 8.756184054988836e-05, "helsingfors": 0.00625, "model": 0.00036832412523020257, "bibliotek": 0.1111111111111111, "\\n\\nsecond": 0.5, "scenarios": 0.009615384615384616, "values": 0.0004008016032064128, "helsingin": 0.0007716049382716049, "localised": 0.07692307692307693, "molecular": 0.0009881422924901185, "chambers": 0.01, "yliopiston": 0.0037313432835820895, "on": 0.00015942288914130845, "accelerated": 0.012987012987012988, "process": 0.00030321406913280777, "current": 0.0007401924500370096, "crater": 0.2777777777777778, "molten": 0.045454545454545456, "and": 2.9253623061216132e-05, "like": 0.0003403675970047651, "flux": 0.005494505494505495, "fields": 0.003257328990228013, "also": 5.985873338920148e-05, "causes": 0.0016155088852988692, "helsinki": 0.00027948574622694243, "electric": 0.0015082956259426848, "vain": 0.0007267441860465116, "kirjastossa": 0.2, "depends": 0.0020325203252032522, "library": 0.0019157088122605363, "formed": 0.001287001287001287, "avhandlingen": 0.05263157894736842, "towards": 0.0007272727272727272, "opinn\u00e4ytteiden": 0.2, "luettavissa": 0.04, "colliders": 0.125, "ions": 0.007722007722007722, "dependency": 0.0047169811320754715, "significantly": 0.0017605633802816902, "helka-tietokannasta": 0.2, "how": 0.0005817335660267597, "form": 0.00028074115665356543, "part": 0.00028669724770642203, "high": 0.0007462686567164179, "as": 0.00010538296168275513, "investigation": 0.0035460992907801418, "cu": 0.05357142857142857, "httpwwwhelsinkifihelkaindexhtmcrater": 1.0, "categories": 0.0009267840593141798, "parameters": 0.0008936550491510277, "results\\n\\nour": 1.0, "therefore": 0.0003837298541826554, "abstract": 0.001658374792703151, "accompanying": 0.014492753623188406, "voltage": 0.010752688172043012, "defects": 0.01098901098901099, "initial": 0.0011312217194570137, "occasionally": 0.005714285714285714, "was": 0.00011885424507745335, "only": 0.0001296512381693245, "l\u00e4sesalsbruk": 0.2, "studied": 0.0017133066818960593, "finns": 0.003952569169960474, "study": 0.00010544074230282581, "arcing": 1.0, "tiivistelm\u00e4": 0.006493506493506494, "again": 0.0010131712259371835, "hae": 0.08333333333333333, "be": 3.209448616727646e-05, "under": 0.0011148272017837235, "experimentally": 0.016666666666666666, "ion": 0.005145797598627788, "endast": 0.013888888888888888, "shape": 0.0012755102040816326, "sammandrag": 0.2, "goal": 0.0008680555555555555, "discharge": 0.022222222222222223, "were": 6.332721170286872e-05, "large-scale": 0.005376344086021506, "clic": 0.2, "likely": 0.0006353240152477764, "main": 0.00046948356807511736, "sample": 0.0014814814814814814, "events": 0.0013850415512465374, "mechanism": 0.0013333333333333333, "at": 0.00013014902062861977, "structures": 0.001224739742804654, "out": 0.0002701242571582928, "f\u00f6r": 0.0010277492291880781, "clear\\n\\nin": 1.0, "conduction": 0.008064516129032258, "copy": 0.005747126436781609, "can": 6.90035881865857e-05, "vacuum": 0.00684931506849315, "shield": 0.04, "irradiation": 0.031914893617021274, "what": 0.0002034587995930824, "room": 0.0028011204481792717, "temperatures": 0.005847953216374269, "experimental": 0.004777070063694267, "dislocations": 0.008130081300813009, "find": 0.000975609756097561, "use": 0.00040807998367680065, "different": 0.0008333333333333334, "needed": 0.0008802816901408451, "available": 0.0006983240223463687, "fluence": 0.3333333333333333, "multiple": 0.0008680555555555555, "overlapping": 0.006711409395973154, "other": 9.511128019783147e-05, "such": 0.0002655689815429558, "arcs": 0.03225806451612903, "have": 5.3556126820908315e-05, "reasonable": 0.004016064257028112, "first": 0.00046685340802987864, "arkistokappaleet": 0.2, "which": 0.00017185083347654237, "for": 2.088205813564985e-05, "pappersexemplaret": 0.2, "damage": 0.01812688821752266, "produced": 0.0011098779134295228, "accelerating": 0.022222222222222223, "bulk": 0.003968253968253968, "where": 0.0001984126984126984, "these": 0.00018731853516905497, "three": 0.00033003300330033004, "to": 9.807592860072398e-05, "reading": 0.0009569377990430622, "plasma": 0.0042796005706134095, "been": 9.237875288683603e-05, "occur": 0.0008278145695364238, "surface": 0.0028622540250447226, "this": 0.00010382059800664452, "helka-databasen": 0.2, "cooling": 0.009174311926605505, "or": 4.915454187966968e-05, "lead": 0.0011135857461024498, "dynamics": 0.001937984496124031, "ratio": 0.0016806722689075631, "affect": 0.002894356005788712, "walls": 0.0078125, "linear": 0.003110419906687403, "via": 0.002103049421661409, "search": 0.00186219739292365, "calculating": 0.008064516129032258, "still": 0.00048520135856380397, "is": 5.9492823678143824e-05, "whole": 0.0007142857142857143, "conditions": 0.0005861664712778429, "discharges": 0.14285714285714285, "tested": 0.002364066193853428, "examined": 0.004008016032064128, "produce": 0.0011933174224343676, "actually": 0.001466275659824047, "we": 0.0008803785627819963, "most": 0.0003006614552014432, "profiles": 0.00303951367781155, "atoms": 0.003003003003003003, "helka": 0.2, "number": 0.00026616981634282674, "heat": 0.006600660066006601, "are": 0.00014177157763411592, "results": 0.0005624296962879641, "electrical": 0.02247191011235955, "field": 0.0004948045522018803, "non-fcc": 1.0, "electronic": 0.001869158878504673, "of": 5.688767528514947e-05, "very": 0.00027800945232137893, "various": 0.0005521811154058532, "cascades": 0.043478260869565216, "avhandlingens": 0.2, "locally": 0.005263157894736842, "catalog": 0.07692307692307693, "cause": 0.0012642225031605564, "variables": 0.001152073732718894, "volume": 0.0009940357852882703, "potential": 0.0012682308180088776, "energy": 0.000328515111695138, "in": 2.0018550523485096e-05, "universitets": 0.2, "metal": 0.003472222222222222, "httpwwwhelsinkifihelkaindexhtm": 0.2, "emission": 0.0012077294685990338, "divided": 0.001838235294117647, "but": 0.00016307893020221786, "well": 0.0004506534474988734, "reactor": 0.09523809523809523, "online": 0.0013717421124828531, "s\u00f6k": 0.2, "hela": 0.009345794392523364, "the": 9.489157959234578e-05, "by": 7.031607073796716e-05, "analysed": 0.00205761316872428, "third": 0.0008665511265164644, "craters": 0.0625, "with": 2.844545583842981e-05, "thesis": 0.0007233273056057866, "solid": 0.003424657534246575, "cavities": 0.02857142857142857, "paper": 0.0004995004995004995}