{"varten": 0.003246753246753247, "naisgraffititaiteilija": 1.0, "tekstin": 0.008547008547008548, "t\u00e4ll\u00e4": 0.0035087719298245615, "taide": 0.019230769230769232, "historiaa": 0.01020408163265306, "naissukupuolen": 0.5, "kyseenalaistaa": 0.03333333333333333, "keinotekoista": 0.14285714285714285, "vanin": 0.875, "ensisijaisesti": 0.00847457627118644, "teemoja": 0.018518518518518517, "naisnormeja": 1.0, "kuvissa": 0.058823529411764705, "historiasta": 0.0196078431372549, "mutta": 0.0003211303789338471, "historiaan": 0.018867924528301886, "toistaminen": 0.3333333333333333, "katuymp\u00e4rist\u00f6\u00e4": 1.0, "analyysi": 0.0048543689320388345, "kolmea": 0.02857142857142857, "pohjalta": 0.0035971223021582736, "olla": 0.0006305170239596469, "l\u00e4hiluvun": 0.2, "teoreettisena": 0.05, "vaan": 0.0015600624024961, "maailmassa": 0.029850746268656716, "esitt\u00e4misen": 0.13333333333333333, "johtop\u00e4\u00e4t\u00f6kset": 0.010309278350515464, "suhteita": 0.009345794392523364, "graffitikulttuurissa": 1.0, "jatai": 0.029411764705882353, "kaikissa": 0.006622516556291391, "naisen": 0.031746031746031744, "toisessa": 0.008130081300813009, "rikkoviksi": 1.0, "maskuliinisuudesta": 0.5, "ett\u00e4": 0.00032393909944930353, "maskuliinisessa": 1.0, "p\u00e4\u00e4osiosta": 1.0, "katseen": 0.15384615384615385, "rakenne": 0.006622516556291391, "on": 0.00019927861142663558, "olennaista": 0.012658227848101266, "van": 0.003189792663476874, "joten": 0.0019193857965451055, "katse": 0.05, "katutaiteen": 1.0, "naiseuden": 0.25, "yhteenveto": 0.02040816326530612, "sis\u00e4lt\u00e4v\u00e4": 0.038461538461538464, "k\u00e4sitteiden": 0.017241379310344827, "teostensa": 0.06666666666666667, "n\u00e4hty\u00e4": 0.5, "syntyy": 0.00847457627118644, "ovat": 0.0010269576379974327, "henkiv\u00e4": 0.5, "tutkimuksessa": 0.0014124293785310734, "roolien": 0.08333333333333333, "teoretisointiin": 0.5, "siirryt\u00e4\u00e4n": 0.0625, "uhman": 1.0, "vaikutusta": 0.0056179775280898875, "provokaatioiksi": 1.0, "moninainen": 0.16666666666666666, "kautta": 0.0009505703422053232, "rakennelmaa": 1.0, "keinotekoisuuden": 1.0, "siit\u00e4": 0.0006079027355623101, "graffitisanastoa": 1.0, "kuitenkin": 0.0005058168942842691, "nimi\u00e4": 0.037037037037037035, "h\u00e4n": 0.00046382189239332097, "el\u00e4inelementti\\n\\ntavoitteena": 1.0, "itsens\u00e4": 0.0051813471502590676, "nainen": 0.007633587786259542, "niist\u00e4": 0.0035587188612099642, "tarkastellaan": 0.006993006993006993, "johdannon": 0.1111111111111111, "n\u00e4hd\u00e4\u00e4n": 0.004545454545454545, "teoksillaan": 1.0, "toimii": 0.003937007874015748, "voiko": 0.022727272727272728, "kadulle": 0.14285714285714285, "vaihtoehtoisia": 0.16666666666666666, "huomioon": 0.0035460992907801418, "k\u00e4ytetty\u00e4": 0.05555555555555555, "s\u00f6p\u00f6yden": 1.0, "perusteella": 0.0015313935681470138, "nelj\u00e4": 0.005555555555555556, "teosta": 0.014705882352941176, "suora": 0.02040816326530612, "esittelyn": 0.1, "ei": 0.0003988300983780909, "l\u00e4hteiden": 0.014285714285714285, "poup\u00e9e": 0.5, "naiseudesta": 0.16666666666666666, "tekijyyden": 0.2, "k\u00e4ytt\u00e4m\u00e4ll\u00e4": 0.011627906976744186, "liittyy": 0.0033222591362126247, "k\u00e4sitell\u00e4\u00e4n": 0.006802721088435374, "tutkimusta": 0.00904977375565611, "teoksista": 0.06896551724137931, "tutkielmassa": 0.029940119760479042, "lyhyesti": 0.011904761904761904, "kaupungeissa": 0.019230769230769232, "se": 0.00014753614635585718, "graffiti": 0.16666666666666666, "teoria": 0.00847457627118644, "tarkoitusta": 0.0625, "sit\u00e4": 0.0015495867768595042, "sukupuolentutkimus": 1.0, "tutustuminen": 0.0625, "kolmannessa": 0.02857142857142857, "teosten": 0.014084507042253521, "niiss\u00e4": 0.006711409395973154, "normeja": 0.14285714285714285, "liite": 0.002785515320334262, "erityisesti": 0.0014326647564469914, "tulkitaan": 0.03225806451612903, "ja": 0.0006635047796918389, "tytt\u00f6yden": 1.0, "ollen": 0.0038910505836575876, "visuaalisen": 0.043478260869565216, "sen": 0.0002768549280177187, "v\u00e4lill\u00e4": 0.00117096018735363, "jotka": 0.0005461496450027307, "naistekijyydest\u00e4": 1.0, "luku": 0.004975124378109453, "urbaanin": 0.6666666666666666, "jonka": 0.0008123476848090983, "katsojajoukollemiss": 1.0, "\\n\\ntutkielman": 0.125, "nykykuvaston": 1.0, "stereotyyppinen": 0.16666666666666666, "alla": 0.0012626262626262627, "kutsuu": 0.023255813953488372, "tutkimuksen": 0.0008149959250203749, "jokainen": 0.006802721088435374, "2004": 0.00026609898882384245, "kauneusihanteiden": 1.0, "jossa": 0.0015467904098994587, "miesmaskuliiniselle": 1.0, "j\u00e4lkeen": 0.001863932898415657, "stereotyyppisen": 0.5, "v\u00e4ite": 0.047619047619047616, "v\u00e4h\u00e4iset": 0.3333333333333333, "kommentoi": 0.03636363636363636, "l\u00f6ydett\u00e4v\u00e4t": 1.0, "sis\u00e4ll\u00e4": 0.010416666666666666, "esitt\u00e4\u00e4": 0.0045871559633027525, "voivat": 0.0021598272138228943, "vuodelta": 0.011904761904761904, "keskustelutetaan": 1.0, "samassa": 0.008, "metodilla": 0.3333333333333333, "vaatteet": 0.015151515151515152, "viisi": 0.007194244604316547, "ole": 0.0004130524576621231, "t\u00e4t\u00e4": 0.001838235294117647, "joitakin": 0.011111111111111112, "erojakin": 0.5, "naistekijyytt\u00e4": 1.0, "kuvaston": 0.16666666666666666, "luettavissa": 0.04, "ty\u00f6t\u00e4": 0.006097560975609756, "historia": 0.0036101083032490976, "vallitsee": 0.05555555555555555, "johtop\u00e4\u00e4t\u00f6ksin\u00e4": 1.0, "jengikulttuurista": 1.0, "kent\u00e4ll\u00e4": 0.013513513513513514, "terminologiaa": 0.0625, "kulttuuri": 0.011111111111111112, "esille": 0.003913894324853229, "avulla": 0.002635046113306983, "valittu": 0.02564102564102564, "hahmoja": 0.13333333333333333, "maalattu": 0.3333333333333333, "tehty": 0.0033112582781456954, "taiteilijalta": 0.5, "termej\u00e4": 0.023255813953488372, "johtoajatusta": 1.0, "tutkimus": 0.0015220700152207, "toistavat": 0.25, "toimivat": 0.0045045045045045045, "toimivana": 0.2, "nostaa": 0.007936507936507936, "kartoittamaan": 0.25, "analyysiluku": 0.2, "miehisen": 0.5, "niihin": 0.005681818181818182, "pelk\u00e4st\u00e4\u00e4n": 0.005376344086021506, "tietynlaisen": 0.06666666666666667, "viidest\u00e4": 0.047619047619047616, "naistaiteilijuuden": 1.0, "maskuliiniseen": 0.3333333333333333, "n\u00e4in": 0.0011337868480725624, "l\u00e4hilukua": 0.3333333333333333, "esitell\u00e4\u00e4n": 0.05454545454545454, "muistuttavalla": 1.0, "powerin": 1.0, "kuvaliite": 0.3333333333333333, "asettaminen": 0.058823529411764705, "esittelem\u00e4ll\u00e4": 0.16666666666666666, "tavalla": 0.003395585738539898, "tapoja": 0.012658227848101266, "naiskuvan": 0.3333333333333333, "rakentamisen": 0.027777777777777776, "haastajina": 1.0, "tulkittavissa": 0.05555555555555555, "kattotermin": 0.5, "graffititaiteen": 1.0, "my\u00f6s": 0.0002822466836014677, "graffitin": 1.0, "graffititaiteessa": 1.0, "tulkittua": 0.5, "teorioiden": 0.020833333333333332, "genren": 0.25, "ne": 0.0003795066413662239, "katseelle": 1.0, "tehd\u00e4\u00e4n": 0.00980392156862745, "luetaan": 0.030303030303030304, "tematiikan": 0.25, "tunnistettava": 0.14285714285714285, "l\u00f6yt\u00e4\u00e4": 0.00546448087431694, "selvitet\u00e4\u00e4n": 0.034482758620689655, "kulttuurin": 0.015625, "siihen": 0.0008984725965858042, "viitekehyksen\u00e4": 0.07142857142857142, "analyysissa": 0.02127659574468085, "liikaa": 0.021739130434782608, "miss": 0.14084507042253522, "raamien": 0.5, "asemaa": 0.014492753623188406, "girl": 0.004048582995951417, "tulkinta": 0.013888888888888888, "nimell\u00e4": 0.011764705882352941, "koostuu": 0.006289308176100629, "metodia": 0.14285714285714285, "niiden": 0.0009578544061302681, "poup\u00e9e-hahmot": 1.0, "kuin": 0.0006844626967830253, "yksityiskohtia": 0.07142857142857142, "esiintyy": 0.004484304932735426, "tai": 0.00020855057351407716, "naistaitelijana": 1.0, "valituille": 0.5, "luvussa": 0.011461318051575931, "graffiteiksi": 1.0, "hahmoista": 0.3333333333333333, "linkitet\u00e4\u00e4n": 0.5,