{"long": 0.0007173601147776184, "rich": 0.0038022813688212928, "inbj\u00f6ds": 1.0, "venuspassage": 1.0, "natural": 0.0007057163020465773, "banber\u00e4kningar": 1.0, "life": 0.0003769317753486619, "work": 0.0002181500872600349, "at": 6.507451031430989e-05, "sig": 0.004761904761904762, "output": 0.004032258064516129, "kejserliga": 0.2, "finland": 0.0007301935012778386, "him": 0.0009149130832570906, "av": 0.0025157232704402514, "huvudstaden": 0.25, "lexell\\s": 1.0, "t\u00e4nkande": 0.25, "begr\u00e4nsade": 0.16666666666666666, "solparallaxen": 1.0, "bara": 0.02127659574468085, "lucid": 0.16666666666666666, "he": 0.0006580029610133246, "f\u00e4lt": 0.5, "astronomy": 0.0030303030303030303, "academic": 0.001092896174863388, "well": 0.0002253267237494367, "historians": 0.0045662100456621, "pertains": 0.08333333333333333, "uppt\u00e4ckt": 1.0, "astronomer": 0.3, "laborious": 0.02702702702702703, "the": 4.0667819825291044e-05, "full-length": 0.16666666666666666, "predicted": 0.0028089887640449437, "best\u00e4mde": 0.2, "turku": 0.00546448087431694, "renown": 1.0, "brevkontakt": 1.0, "\u00e5r": 0.006329113924050633, "and": 7.020869534691872e-05, "intellectual": 0.00904977375565611, "ber\u00e4kningarna": 1.0, "1770": 0.2857142857142857, "also": 0.00011971746677840296, "prolific": 0.09090909090909091, "letters": 0.001876172607879925, "calculations": 0.00267379679144385, "parallax": 1.0, "euler": 0.2857142857142857, "begr\u00e4nsat": 0.25, "n\u00e5gra": 0.015625, "\u00e5rs": 0.1, "assist": 0.012658227848101266, "omloppsbana": 1.0, "r\u00f6r": 0.5, "landscape": 0.0072992700729927005, "detailed": 0.0015527950310559005, "m\u00e5ste": 0.02564102564102564, "of": 7.585023371353263e-05, "sciences": 0.0011806375442739079, "had": 0.00016753224995811694, "inte": 0.0026666666666666666, "time": 0.00017292062943109114, "dock": 0.008547008547008548, "observanta": 1.0, "later": 0.000550357732526142, "kometen": 1.0, "example": 0.0002099517111064455, "\u00e5bob\u00f6rdige": 1.0, "\u00e4r": 0.0021344717182497333, "teorin": 1.0, "\\n\\nf\u00f6religgande": 1.0, "iakttagelserna": 1.0, "anders": 0.041666666666666664, "planet": 0.03389830508474576, "differential": 0.005555555555555556, "n\u00e4ra": 0.07142857142857142, "recognised": 0.012987012987012988, "member": 0.002036659877800407, "p\u00e5": 0.0008110300081103001, "wide": 0.00196078431372549, "therefore": 0.0003837298541826554, "well-connected": 1.0, "collaborator": 0.1, "herschel\\s": 1.0, "restricted": 0.0038910505836575876, "data": 0.00013083867591259977, "astronomen": 1.0, "lexellska": 1.0, "devoted": 0.022727272727272728, "circular": 0.010101010101010102, "was": 0.00011885424507745335, "only": 0.0001296512381693245, "that": 1.9868865487780646e-05, "astronom": 0.3333333333333333, "k\u00e4nd": 0.16666666666666666, "biografin": 1.0, "verket": 0.16666666666666666, "grand": 0.005747126436781609, "geometry": 0.0028328611898017, "tour": 0.019230769230769232, "till": 0.006528835690968444, "med": 0.002206287920573635, "not": 4.378092027494418e-05, "be": 3.209448616727646e-05, "nya": 0.00819672131147541, "blev": 0.016129032258064516, "collaboration": 0.0036900369003690036, "vetenskapsakademien": 1.0, "his": 0.0015855039637599094, "infinitesimal": 0.3333333333333333, "enlightenment": 0.01639344262295082, "breven": 1.0, "integralkalkylen": 1.0, "calculus": 0.022727272727272728, "imperial": 0.023809523809523808, "first": 0.00046685340802987864, "having": 0.001, "1769": 0.6666666666666666, "han": 0.012605042016806723, "for": 2.088205813564985e-05, "native": 0.002840909090909091, "matematiker": 1.0, "new": 0.00016894745734076703, "p\u00e5visat": 0.5, "1780-1781": 1.0, "fr\u00e5n": 0.003367003367003367, "longitude": 0.00980392156862745, "ryktbare": 1.0, "gestaltas": 1.0, "problem": 0.0004955401387512388, "biography": 0.015873015873015872, "thought": 0.000984251968503937, "matematikern": 1.0, "successor": 0.1111111111111111, "problems": 0.0006514657980456026, "flitig": 1.0, "moves": 0.008695652173913044, "utg\u00f6r": 0.06666666666666667, "europe": 0.0017921146953405018, "entertained": 0.25, "contributed": 0.005376344086021506, "natura": 0.016666666666666666, "enlightened": 0.1, "ledamot": 1.0, "och": 0.0037220843672456576, "avhandling": 0.027777777777777776, "utg\u00e5ngspunkt": 0.125, "f\u00f6rsta": 0.010101010101010102, "helt\u00e4ckande": 1.0, "1768": 0.4, "loppet": 1.0, "processing": 0.0015873015873015873, "schweiziske": 1.0, "vetenskapliga": 0.2857142857142857, "de": 6.409023905659168e-05, "naturalhistoriker": 1.0, "1781": 0.6666666666666666, "hans": 0.025806451612903226, "intellektuella": 1.0, "\u00e5bo": 0.009009009009009009, "publications": 0.0011173184357541898, "orbit": 0.025, "invited": 0.015873015873015872, "vittne": 1.0, "nyfikna": 1.0, "venus": 0.037037037037037035, "constitutes": 0.00847457627118644, "samarbete": 0.1, "vara": 0.005847953216374269, "must": 0.0006207324643078833, "reveals": 0.00425531914893617, "cirkul\u00e4r": 1.0, "mathematician": 0.14285714285714285, "att": 0.0013066202090592336, "kallade": 0.16666666666666666, "johan": 0.06521739130434782, "few": 0.0009174311926605505, "development": 0.00032414910858995135, "skicklig": 0.5, "kunskap": 0.16666666666666666, "which": 5.7283611158847455e-05, "internationally": 0.03225806451612903, "samarbetade": 1.0, "utan": 0.01020408163265306, "lexell": 1.0, "nearly": 0.004016064257028112, "ett": 0.001951219512195122, "known": 0.0006361323155216285, "with": 8.533636751528944e-05, "to": 6.241195456409707e-05, "ha": 0.00141643059490085, "astronomin": 1.0, "var": 0.001402524544179523, "b\u00e4r": 0.125, "banan": 1.0, "correspondence": 0.001059322033898305, "n\u00e4stan": 0.06666666666666667, "especially": 0.000964785335262904, "an": 0.00010361620557455187, "as": 6.322977700965309e-05, "mainly": 0.0011013215859030838, "publikationer": 1.0, "ocks\u00e5": 0.006097560975609756, "samt": 0.009216589861751152, "international": 0.000591016548463357, "town": 0.007407407407407408, "om": 0.0035502958579881655, "steg": 0.06666666666666667, "d\u00e4rf\u00f6r": 0.037037037037037035, "bidrog": 0.2222222222222222, "en": 0.001119507416736636, "mathematical": 0.002512562814070352, "is": 2.9746411839071912e-05, "d\u00e4r": 0.006289308176100629, "trace": 0.006756756756756757, "germany": 0.005208333333333333, "m\u00f6dosamma": 1.0, "lexells": 1.0, "became": 0.001483679525222552, "uppt\u00e4cktes": 0.3333333333333333, "komet": 1.0, "st\u00e4ndig": 0.14285714285714285, "talrika": 1.0, "astronomical": 0.0053475935828877, "utlandsresa": 1.0, "from": 0.00016711928138709003, "transit": 0.038461538461538464, "den": 0.001985440105890139, "inom": 0.022727272727272728, "\\n\\nlexells": 1.0, "\\n\\nthis": 0.03225806451612903, "tyskland": 0.16666666666666666, "\\n\\nlexell": 1.0, "being": 0.0002983293556085919, "years": 0.0004192872117400419, "academy": 0.009345794392523364, "numerous": 0.003676470588235294, "l\u00e5nga": 0.06666666666666667, "som": 0.0018492834026814608, "scientific": 0.005415162454873646, "we": 0.00011004732034774953, "finnish": 0.00042069835927639884, "close": 0.0022148394241417496, "observer": 0.011904761904761904, "motion": 0.003952569169960474, "karri\u00e4r": 0.07692307692307693, "vid": 0.02564102564102564, "ryska": 0.1111111111111111, "comet": 0.21052631578947367, "mathematicians": 0.1111111111111111, "st": 0.0031847133757961785, "discoveries": 0.03571428571428571, "astronomers": 0.14285714285714285, "longitudbest\u00e4mning": 1.0, "matematisk": 1.0, "f\u00f6r": 0.003083247687564234, "administrators": 0.06666666666666667, "in": 5.338280139596026e-05, "interests": 0.0048543689320388345, "geometrin": 1.0, "trekropparsproblem": 1.0, "gjorde": 0.034482758620689655, "but": 8.153946510110893e-05, "minded": 0.16666666666666666, "thesis": 0.0003616636528028933, "v\u00e4rldsber\u00f6mmelse": 1.0, "frankrike": 0.5, "1740-1784": 1.0, "extraordinary": 0.02040816326530612, "using": 0.00020312817387771684, "ordinary": 0.004291845493562232, "lysande": 1.0, "forthcoming": 0.013333333333333334,