{"aphasia": 0.2, "harjoittelutekstien": 1.0, "kuntoutusvaikutuksia": 1.0, "seurauksena": 0.012903225806451613, "piirteit\u00e4": 0.006060606060606061, "tutkimuskirjallisuuden": 0.08333333333333333, "teht\u00e4viss\u00e4": 0.05263157894736842, "consisted": 0.013636363636363636, "37-year-old": 0.2, "eik\u00e4": 0.0024009603841536613, "tavoitteet": 0.009174311926605505, "tekstien": 0.024390243902439025, "abilities": 0.007142857142857143, "noted": 0.0013568521031207597, "jo": 0.0007716049382716049, "vaikeudet": 0.1111111111111111, "weeks": 0.005263157894736842, "prosessoinnin": 0.8333333333333334, "kirjain-\u00e4\u00e4nnemuunnokseen": 1.0, "viittaavat": 0.020618556701030927, "t\u00e4ss\u00e4": 0.0007107320540156361, "word": 0.0005167958656330749, "no": 0.00027442371020856203, "originate": 0.007874015748031496, "aikaan": 0.0031847133757961785, "caused": 0.0011961722488038277, "text": 0.0005442176870748299, "kuntoutuvuutta": 1.0, "\u00e4\u00e4nteellisen": 0.625, "saatu": 0.00847457627118644, "but": 8.153946510110893e-05, "suoriutumiseen": 0.05, "more": 0.000531632110579479, "interval": 0.006493506493506494, "accuracy": 0.0029069767441860465, "kroonisessa": 1.0, "yhten\u00e4ist\u00e4": 0.07692307692307693, "clinically": 0.014285714285714285, "life": 0.0003769317753486619, "jatkuvana": 0.1, "texts": 0.0005537098560354374, "aloitettiin": 0.029411764705882353, "ajatellen": 0.02702702702702703, "though": 0.0005305039787798408, "kuitenkin": 0.0005058168942842691, "\\n\\nmenetelm\u00e4": 1.0, "harjoittelua": 0.05555555555555555, "tekstintasoiseen": 1.0, "therapy": 0.008421052631578947, "viitteit\u00e4": 0.03333333333333333, "liev\u00e4ss\u00e4": 0.5, "ongelmia": 0.006896551724137931, "\\n\\nthe": 0.0056179775280898875, "sananl\u00f6yt\u00e4misen": 1.0, "toiminnan": 0.0019646365422396855, "hours": 0.002617801047120419, "liittyv\u00e4": 0.02727272727272727, "persons": 0.004901960784313725, "before": 0.0005580357142857143, "due": 0.0003835826620636747, "mutta": 0.0003211303789338471, "might": 0.0004551661356395084, "yksitt\u00e4isess\u00e4": 0.2, "tutkittava": 0.05555555555555555, "oral": 0.006006006006006006, "nopeutta": 0.25, "aika": 0.0024691358024691358, "own": 0.0004253509145044662, "treatment": 0.0012091898428053204, "methods": 0.00030807147258163895, "konduktioafasiaan": 1.0, "ja": 0.00029489101319637285, "mild": 0.031746031746031744, "vaikuttaako": 0.1, "\u00e4\u00e4nnehahmojen": 1.0, "harjoittelu": 0.09090909090909091, "sujuvuuteen": 0.6666666666666666, "fluency": 0.037037037037037035, "of40": 1.0, "tutkimuksen": 0.0008149959250203749, "\u00e4\u00e4nteellist\u00e4": 1.0, "spoken": 0.003424657534246575, "difficulty": 0.009900990099009901, "first": 0.00023342670401493932, "j\u00e4lkeen": 0.0009319664492078285, "liittyvi\u00e4": 0.005, "muuttunut": 0.012195121951219513, "lukemisvaikeus": 1.0, "prosessoinnissa": 0.3333333333333333, "yleisemp\u00e4\u00e4n": 0.5, "edelt\u00e4vist\u00e4": 0.25, "method": 0.0007288629737609329, "etenevi\u00e4": 0.2, "forms": 0.0004807692307692308, "tavun": 0.125, "granted": 0.01282051282051282, "general": 0.002204261572373255, "arvioitiin": 0.02564102564102564, "tasolle": 0.01694915254237288, "whether": 0.0005078720162519045, "liittyv\u00e4n": 0.009615384615384616, "seitsem\u00e4n": 0.012048192771084338, "ei": 0.00026588673225206064, "ought": 0.0136986301369863, "aikana": 0.002183406113537118, "commonly": 0.0017006802721088435, "all": 0.00010316723408645414, "limited": 0.0011173184357541898, "harjoittelun": 0.10526315789473684, "kaikkien": 0.0038314176245210726, "related": 0.0008159934720522236, "kest\u00e4neen": 0.16666666666666666, "selvitt\u00e4\u00e4": 0.005291005291005291, "written": 0.0011160714285714285, "improved": 0.0021321961620469083, "rehabilitation": 0.09574468085106383, "tapaustutkimus": 0.03225806451612903, "increased": 0.0016406890894175555, "repetitive": 0.027777777777777776, "tuntia": 0.030303030303030304, "lukukertojen": 0.25, "were": 0.00037996327021721236, "krooninen": 0.25, "for": 4.17641162712997e-05, "aina": 0.0012484394506866417, "however": 0.00014174344436569808, "nonwords": 0.5, "total": 0.0006514657980456026, "vaikeus": 0.125, "examining": 0.005319148936170213, "even": 0.00017777777777777779, "with": 0.00011378182335371924, "to": 9.807592860072398e-05, "kehitt\u00e4\u00e4": 0.007407407407407408, "vaikuttaa": 0.0015748031496062992, "considering": 0.002457002457002457, "mies": 0.010309278350515464, "toistavan": 0.6666666666666666, "investigate": 0.002652519893899204, "alexia": 1.0, "alkupuolella": 0.03571428571428571, "especially": 0.000482392667631452, "after": 0.0005284015852047556, "aktivoitumisen": 1.0, "sanojen": 0.012048192771084338, "reflected": 0.003952569169960474, "alussa": 0.0037735849056603774, "data": 0.00013083867591259977, "toistavaan": 1.0, "still": 0.00048520135856380397, "t\u00e4hd\u00e4nnyt": 0.3333333333333333, "muodostui": 0.011235955056179775, "tarkkuutta": 0.09090909090909091, "abilities\\n\\nmethods": 1.0, "on": 3.985572228532711e-05, "examined": 0.004008016032064128, "koheni": 1.0, "sublexical": 1.0, "tapaustutkimuksen": 0.05, "during": 0.0006634232640424591, "participated": 0.0036363636363636364, "man": 0.0005868544600938967, "lukeminen": 0.07894736842105263, "tasaisesti": 0.04, "training": 0.003766478342749529, "ongelmat": 0.015151515151515152, "havaittu": 0.02564102564102564, "v\u00e4lill\u00e4": 0.00234192037470726, "carried": 0.0018018018018018018, "results": 0.00018747656542932134, "vaikka": 0.000864304235090752, "voivat": 0.004319654427645789, "let-menetelm\u00e4n": 1.0, "of": 8.53315129277242e-05, "arkea": 0.03333333333333333, "tarkkuus": 0.08333333333333333, "jakson": 0.1, "evaluated": 0.002976190476190476, "conduction": 0.016129032258064516, "language": 0.00022619316896629722, "arise": 0.005319148936170213, "effective": 0.00196078431372549, "teknisen": 0.13333333333333333, "l\u00e4ht\u00f6kohta": 0.016666666666666666, "from": 4.177982034677251e-05, "kuulomuistin": 0.1111111111111111, "effect": 0.0005711022272986865, "mittauspisteiden": 0.5, "viikon": 0.020833333333333332, "stages": 0.002717391304347826, "lasted": 0.017543859649122806, "weakened": 0.0136986301369863, "kuluneesta": 0.3333333333333333, "by": 7.031607073796716e-05, "syndromes": 0.06666666666666667, "deficits": 0.02197802197802198, "suoriutuminen": 0.1, "vaikeuden": 0.5, "puheterapia": 0.1111111111111111, "investigated": 0.002583979328165375, "p\u00e4\u00e4st\u00e4": 0.007194244604316547, "muuhun": 0.019230769230769232, "painottuvan": 0.3333333333333333, "observed": 0.0009203865623561896, "activation": 0.001092896174863388, "word-level": 0.045454545454545456, "enhancing": 0.005, "individual": 0.00045558086560364467, "and": 8.191014457140517e-05, "steadily": 0.043478260869565216, "henkil\u00f6ill\u00e4": 0.14285714285714285, "independent": 0.001226993865030675, "yhdist\u00e4vi\u00e4": 0.16666666666666666, "nivoutuu": 0.25, "kuntoutuksen": 0.4, "liev\u00e4": 0.14285714285714285, "modalities": 0.029411764705882353, "puheterapiaa": 0.25, "its": 0.000304228780042592, "could": 0.0002090738030524775, "that": 0.00011921319292668389, "tapaustutkimusten": 0.5, "pohjalta": 0.007194244604316547, "37-vuotias": 0.5, "kliinisesti": 0.2, "tarkastelemalla": 0.03333333333333333, "vaikutuksesta": 0.0136986301369863, "liev\u00e4\u00e4n": 0.3333333333333333, "menetelmi\u00e4": 0.01020408163265306, "ett\u00e4": 0.00021595939963286903, "beneficial": 0.005025125628140704, "vaikuttivat": 0.010309278350515464, "effectiveness": 0.005988023952095809, "speech": 0.0018315018315018315, "vaikuttavuutta": 0.11764705882352941, "enhance": 0.0038022813688212928, "nonword": 1.0, "everyday": 0.001996007984031936, "harjoittelussa": 0.16666666666666666, "longer": 0.0028694404591104736, "ulottuvia": 1.0, "quality": 0.0006756756756756757, "tutkimuksessa": 0.002824858757062147, "kielellisiin": 0.2, "responsiveness": 0.027777777777777776, "jolla": 0.0031645569620253164, "efficient": 0.004761904761904762, "kautta": 0.0009505703422053232,