{"university": 0.00024449877750611245, "largely": 0.003278688524590164, "used": 0.00010995052226498076, "libraries": 0.007633587786259542, "ads": 0.34782608695652173, "and": 2.9253623061216132e-05, "these": 9.365926758452749e-05, "library": 0.0019157088122605363, "advertisements": 0.012658227848101266, "amount": 0.0008605851979345956, "av": 0.0006289308176100629, "adversary": 0.25, "request": 0.025, "targeted": 0.031746031746031744, "degree": 0.0012919896640826874, "bibliotek": 0.1111111111111111, "another\\nuser": 1.0, "ad\\ntargeting": 1.0, "receiving": 0.006944444444444444, "well": 0.0002253267237494367, "individual": 0.00045558086560364467, "apps": 0.029411764705882353, "possibility": 0.001639344262295082, "leaked": 0.14285714285714285, "on": 5.978358342799067e-05, "attack": 0.0273972602739726, "victim\\n\\nthis": 1.0, "causes": 0.0016155088852988692, "personalized": 0.045454545454545456, "room": 0.0028011204481792717, "linked": 0.001658374792703151, "unique": 0.002257336343115124, "ovat": 0.00025673940949935817, "impersonate": 1.0, "attract": 0.020833333333333332, "app": 0.0392156862745098, "advertising": 0.041666666666666664, "helsinki": 0.00027948574622694243, "kirjastossa": 0.2, "at": 0.00026029804125723955, "purpose\\n\\nour": 1.0, "variety": 0.0015873015873015873, "avhandlingen": 0.05263157894736842, "the": 3.5245443848585576e-05, "opinn\u00e4ytteiden": 0.2, "contain": 0.0014064697609001407, "thus\\nthe": 1.0, "luettavissa": 0.04, "context": 0.00042716787697565144, "leak": 0.08333333333333333, "vain": 0.0007267441860465116, "device": 0.01020408163265306, "sampling": 0.0038910505836575876, "the\\nadvertising": 1.0, "available": 0.0013966480446927375, "as": 8.430636934620411e-05, "about\\nusers": 1.0, "whole": 0.0007142857142857143, "the\\nvictim\u2019s": 1.0, "use": 0.000612119975515201, "might": 0.0004551661356395084, "text\\nthis": 1.0, "access": 0.001366120218579235, "abstract": 0.001658374792703151, "exploit": 0.019230769230769232, "adversaries": 0.25, "sammandrag": 0.2, "typically": 0.0015527950310559005, "only": 0.0001296512381693245, "that": 3.973773097556129e-05, "l\u00e4sesalsbruk": 0.2, "received": 0.002044989775051125, "finns": 0.003952569169960474, "sensitive": 0.012944983818770227, "privacy": 0.046511627906976744, "details": 0.002457002457002457, "result": 0.0006591957811470006, "tiivistelm\u00e4": 0.006493506493506494, "some": 0.00027221995372260786, "be": 3.209448616727646e-05, "hae": 0.08333333333333333, "target": 0.0009596928982725527, "endast": 0.013888888888888888, "leaks": 0.5, "free": 0.001148105625717566, "mobile": 0.0034403669724770644, "android": 0.03333333333333333, "through\\nmobile": 1.0, "mobile\\nadvertising": 1.0, "f\u00f6r": 0.0010277492291880781, "copy": 0.005747126436781609, "problems": 0.0006514657980456026, "marketplaces": 1.0, "requesting": 0.07142857142857142, "be\\ninfeasible": 1.0, "monetized": 1.0, "four\\npopular": 1.0, "gaining": 0.0136986301369863, "ad": 0.0058823529411764705, "indicate": 0.0012315270935960591, "at\\nthe": 1.0, "these\\nadvertising": 1.0, "helka-tietokannasta": 0.2, "are": 0.00011341726210729273, "helsingin": 0.0007716049382716049, "learn": 0.0010976948408342481, "id": 0.004149377593360996, "based": 0.00023629489603024575, "yliopiston": 0.0037313432835820895, "applications": 0.0010706638115631692, "their": 7.744133818632385e-05, "it": 7.72379701861435e-05, "such": 0.0002655689815429558, "them": 0.00024277737314882253, "profile": 0.004149377593360996, "clear": 0.0007633587786259542, "showing": 0.0033003300330033004, "increased": 0.0008203445447087777, "support": 0.0004201680672268908, "identifiers": 0.3333333333333333, "arkistokappaleet": 0.2, "which": 5.7283611158847455e-05, "for": 6.264617440694954e-05, "online": 0.0013717421124828531, "designed": 0.002890173410404624, "where": 0.0001984126984126984, "sniffed": 1.0, "known": 0.0006361323155216285, "regarding": 0.0017094017094017094, "with": 2.844545583842981e-05, "to": 0.0001069919221098807, "reading": 0.0009569377990430622, "helsingfors": 0.00625, "it\\nto": 1.0, "large": 0.0005367686527106817, "findings": 0.0011261261261261261, "this": 0.00010382059800664452, "helka-databasen": 0.2, "collection": 0.001059322033898305, "an": 0.00015542430836182778, "custom": 0.023809523809523808, "mobile\\ndevices": 1.0, "poses": 0.017543859649122806, "since": 0.0003214400514304082, "search": 0.00186219739292365, "data": 0.00013083867591259977, "information": 0.0011651616661811825, "is": 2.9746411839071912e-05, "case": 0.00024277737314882253, "build": 0.004651162790697674, "simulated\\nuser": 1.0, "possible": 0.00029239766081871346, "collect": 0.011764705882352941, "explores": 0.014285714285714285, "we": 0.00011004732034774953, "android\\n\\nadvertising": 1.0, "httpwwwhelsinkifihelkaindexhtmexploiting": 1.0, "from": 4.177982034677251e-05, "profiles": 0.0121580547112462, "victim": 0.125, "helka": 0.2, "number": 0.00026616981634282674, "avhandlingens": 0.2, "gained": 0.0047169811320754715, "revenue": 0.07142857142857142, "of": 4.26657564638621e-05, "conduct": 0.004975124378109453, "specific": 0.0006949270326615705, "clicks": 0.3333333333333333, "attempt": 0.00411522633744856, "catalog": 0.07692307692307693, "lack": 0.0013089005235602095, "potential": 0.0006341154090044388, "about": 0.00033932813030200206, "in": 4.003710104697019e-05, "interests": 0.0048543689320388345, "behavior": 0.0017574692442882249, "httpwwwhelsinkifihelkaindexhtm": 0.2, "can": 0.0002070107645597571, "pappersexemplaret": 0.2, "exploited\\nto": 1.0, "targeting": 0.020202020202020204, "risk": 0.001388888888888889, "users": 0.00631911532385466, "using": 0.00020312817387771684, "s\u00f6k": 0.2, "hela": 0.009345794392523364, "identifiers\\nto": 1.0, "may": 0.00018477457501847746, "networks": 0.0061633281972265025, "by": 7.031607073796716e-05, "universitets": 0.2, "thesis": 0.0007233273056057866, "investigated": 0.002583979328165375, "paper": 0.0004995004995004995}