{"university": 0.0010482180293501049, "halkaisija": 0.04, "hiukkas": 1.0, "kasvua": 0.00816326530612245, "olevien": 0.0035335689045936395, "kasvussa": 0.02631578947368421, "kaasufaasin": 1.0, "tutkittaessa": 0.02127659574468085, "mallin": 0.003875968992248062, "kasvunopeutta": 1.0, "library": 0.037037037037037035, "toisessa": 0.002849002849002849, "oletus": 0.014705882352941176, "mutta": 0.0002875215641173088, "av": 0.004524886877828055, "kaasufaasien": 1.0, "olla": 0.000297000297000297, "saattoi": 0.0016051364365971107, "vaan": 0.0002914602156805596, "laskennalliseen": 1.0, "havaittiin": 0.008064516129032258, "tasapainossa": 0.047619047619047616, "pienemp\u00e4\u00e4n": 0.14285714285714285, "helsingin": 0.0003757985719654265, "t\u00e4ss\u00e4": 0.00028538812785388126, "koostu": 0.3333333333333333, "kumpaakin": 0.03571428571428571, "laskentatapaa": 1.0, "ett\u00e4": 9.935913358835511e-05, "yhdisteiden": 0.5, "10^6": 1.0, "kuvaavasta": 0.06666666666666667, "differentiaaliyht\u00e4l\u00f6st\u00e4": 1.0, "on": 9.756859071927564e-05, "\\nrikkihappo-dimetyyliamiiniklustereiden": 1.0, "tyypillisemmin": 0.3333333333333333, "poikkeamia": 0.07692307692307693, "room": 0.029411764705882353, "versiota": 0.1111111111111111, "yli": 0.0012391573729863693, "cm-3": 1.0, "nm": 0.010101010101010102, "kannalta": 0.0006345177664974619, "ovat": 0.0002854967643700038, "10^8": 1.0, "saadut": 0.015384615384615385, "hiukkasesta": 0.043478260869565216, "analysoitiin\\n": 1.0, "ilmakeh\u00e4ss\u00e4": 0.058823529411764705, "helsinki": 0.00025926886180969663, "kertaluokka\\n\\ndimetyyliamiinin": 1.0, "kokoon": 0.023255813953488372, "kautta": 0.00037593984962406017, "rikkihappo": 1.0, "keskenen\u00e4\u00e4n": 1.0, "rikkihappopitoisuuksilla": 1.0, "at": 0.002932551319648094, "suuri": 0.0012091898428053204, "avhandlingen": 0.09090909090909091, "kirjastossa": 0.030303030303030304, "tiivistymiseen": 0.3333333333333333, "opinn\u00e4ytteiden": 0.07142857142857142, "mallinnetussa": 0.5, "riippuu": 0.006097560975609756, "luettavissa": 0.01639344262295082, "s\u00e4teess\u00e4": 1.0, "tiivistyminen": 0.3333333333333333, "korkeammilla": 0.5, "helka-tietokannasta": 0.09090909090909091, "aikaa": 0.001445086705202312, "linjassa": 0.023255813953488372, "kasvu": 0.003215434083601286, "pitoisuuksista": 0.5, "whole": 0.04, "ajan": 0.000664451827242525, "dimetyyliamiinin": 1.0, "osoittavat": 0.005128205128205128, "use": 0.006896551724137931, "tutkielmassa": 0.0045045045045045045, "eroavaisuuksissa": 0.5, "hieman": 0.002004008016032064, "abstract": 0.009900990099009901, "parhaimmillaan": 0.011904761904761904, "hiukkasen": 0.002328288707799767, "nelj\u00e4st\u00e4": 0.015151515151515152, "kohteena": 0.0020491803278688526, "muutettiin": 0.015151515151515152, "tiivistymisen": 0.5, "only": 0.0136986301369863, "3-20": 0.5, "l\u00e4sesalsbruk": 0.09090909090909091, "jotka": 0.00023969319271332693, "ja": 7.511204212950985e-05, "olivat": 0.00023923444976076556, "dimetyyliamiinimolekyylist\u00e4": 1.0, "merkityst\u00e4": 0.001314060446780552, "systeemeiss\u00e4": 1.0, "avhandlingens": 0.09090909090909091, "kasvunopeuteen": 1.0, "tiivistelm\u00e4": 0.010869565217391304, "hae": 0.07142857142857142, "kuitenkaan": 0.0008, "tulokset": 0.0033783783783783786, "tapahtuvilla": 1.0, "ty\u00f6ss\u00e4": 0.00468384074941452, "kahdenlaisia": 0.08333333333333333, "endast": 0.04, "sammandrag": 0.038461538461538464, "sis\u00e4\u00e4nsy\u00f6tt\u00f6asetuksilla": 1.0, "versioon": 0.16666666666666666, "kehitetty": 0.010526315789473684, "eri": 0.0002106593638087213, "riittt\u00e4v\u00e4n": 1.0, "yliopiston": 0.0008051529790660225, "tultiin": 0.09090909090909091, "vaikutusta": 0.0032258064516129032, "sis\u00e4lsi": 0.005747126436781609, "muutoksia": 0.0028653295128939827, "aerosolihiukkasiin": 0.5, "f\u00f6r": 0.0033003300330033004, "olevan": 0.0005047955577990914, "bibliotek": 0.07142857142857142, "copy": 0.09090909090909091, "oli": 4.9952545082171936e-05, "kasvunopeuksiin": 1.0, "tasapainosta": 0.16666666666666666, "viimeist\u00e4\u00e4n": 0.01, "miss\u00e4": 0.0036330608537693005, "haihtumiseen": 1.0, "simulaatioon": 0.5, "k\u00e4sittely": 0.004016064257028112, "suurempia": 0.015151515151515152, "tapaan": 0.0022675736961451248, "vaikutukseen": 0.041666666666666664, "ei": 5.779010633379565e-05, "jatkuvasti": 0.0025252525252525255, "10^7": 1.0, "olleet": 0.001049317943336831, "rikkihappo-dimetyyliamiiniklustereiden": 1.0, "vain": 0.0002464268112370626, "finns": 0.02631578947368421, "prosenttia": 0.002012072434607646, "tyypillisill\u00e4": 0.3333333333333333, "pitoisuuden": 0.04, "huomioon": 0.0017211703958691911, "vaikutus": 0.0014749262536873156, "available": 0.03571428571428571, "koostuvat": 0.022727272727272728, "koagulaatiosta": 1.0, "hiukkasessa": 0.07142857142857142, "10-40": 1.0, "esimerkiksi": 0.00019219680953296174, "n\u00e4ist\u00e4": 0.002, "ammoniakkipitoisuuteen": 1.0, "riippuen": 0.006329113924050633, "koagulaatio": 0.5, "tarkastelun": 0.004048582995951417, "arkistokappaleet": 0.08333333333333333, "for": 0.0009165902841429881, "aina": 0.0005497526113249038, "saamaan": 0.009900990099009901, "pienint\u00e4\u00e4": 1.0, "mallinnettaessa": 0.16666666666666666, "httpwwwhelsinkifihelkaindexhtm": 0.09090909090909091, "termodynaamisesta": 1.0, "v\u00e4litt\u00f6m\u00e4st\u00e4": 0.1, "ensimm\u00e4inen": 0.001049317943336831, "reading": 0.02631578947368421, "helsingfors": 0.0027397260273972603, "ammoniakin": 1.0, "t\u00e4rkein": 0.005263157894736842, "tavasta": 0.014925373134328358, "versiossa": 0.02702702702702703, "my\u00f6s": 5.78469370046856e-05, "helka-databasen": 0.09090909090909091, "hiukkastenv\u00e4lisest\u00e4": 1.0, "ilmastolle": 0.5, "klusterit": 1.0, "vaikutukset": 0.006172839506172839, "ollut": 0.00021285653469561516, "tutkitut": 0.1, "tulokseen": 0.018867924528301886, "nostivat": 0.02631578947368421, "search": 0.03225806451612903, "kemiallisilla": 1.0, "aerosolihiukkasten": 0.06837606837606838, "massoissa": 1.0, "ominaisuuksista": 0.014285714285714285, "is": 0.0009124087591240876, "s\u00f6k": 0.08333333333333333, "rikkihappomolekyylist\u00e4": 1.0, "catalog": 0.09090909090909091, "verrattuna": 0.00205761316872428, "pieni\u00e4": 0.006369426751592357, "kuin": 0.00013000520020800833, "kasvun": 0.002932551319648094, "saatuihin": 0.041666666666666664, "uutta": 0.003430531732418525, "rikkihapon": 0.5, "funktiona": 0.0058823529411764705, "versio": 0.008695652173913044, "perehdyt\u00e4\u00e4n": 0.047619047619047616, "pitoisuudet": 0.015151515151515152, "klusteriin": 1.0, "dimetyyliamiinimoleekylist\u00e4": 1.0, "hiukkasfaasin": 1.0, "the": 0.00032726082687902256, "helka": 0.058823529411764705, "massavuota": 1.0, "kaksi": 0.0008, "v\u00e4lill\u00e4": 0.0011983223487118035, "yhdisteen": 0.125, "verrattiin": 0.02564102564102564, "eiv\u00e4t": 0.0006738544474393531, "mabnag-mallista": 1.0, "termodynaamisessa": 1.0, "mik\u00e4\u00e4n": 0.004629629629629629, "niill\u00e4": 0.004081632653061225, "t\u00e4ysin": 0.0013458950201884253, "of": 0.00013250298131707962, "aikaisemmasta": 0.1, "joka": 0.00026680896478121667, "kasvattaminen": 0.02040816326530612, "aerosolihiukkasen": 0.1, "asetettujen": 0.034482758620689655, "kun": 0.0003471619510501649, "reaktioilla": 1.0, "pitoisuus": 0.022222222222222223, "tuloksissa": 0.015384615384615385, "p\u00e4tev\u00e4": 0.09090909090909091, "kokoalue": 1.0, "voi": 0.00018268176835951772, "juurikaan": 0.00847457627118644, "\\n\\nt\u00e4ss\u00e4": 0.2, "universitets": 0.07692307692307693, "sek\u00e4": 9.52653138992093e-05, "kehitettiin": 0.016666666666666666, "kokonaisuutena": 0.004975124378109453, "alkuper\u00e4iseen": 0.02564102564102564, "pappersexemplaret": 0.09090909090909091, "kaasujen": 0.6666666666666666, "yhdest\u00e4": 0.022727272727272728, "online": 0.011627906976744186, "koagulaation": 1.0, "httpwwwhelsinkifihelkaindexhtmrikkihappo-dimetyyliamiiniklustereiden": 1.0, "hela": 0.010309278350515464, "otettava": 0.0058823529411764705, "viisikymment\u00e4": 0.2,