{"kyvyn": 0.1111111111111111, "n\u00e4ytt\u00e4isi": 0.014285714285714285, "used": 0.00010995052226498076, "environment": 0.0006218905472636816, "than": 0.0001424298532972511, "may": 0.00018477457501847746, "decrease": 0.002320185614849188, "early": 0.0017219113215669393, "ajatte-luprosesseja": 1.0, "lapsi": 0.00819672131147541, "jo": 0.0015432098765432098, "not": 8.756184054988836e-05, "yet": 0.0009199632014719411, "nur-turing": 1.0, "called": 0.000655307994757536, "lot": 0.0026246719160104987, "vanhemmuuteen": 1.0, "much": 0.00047961630695443646, "confirm": 0.010526315789473684, "stressin": 0.045454545454545456, "mentalistic": 0.3333333333333333, "lasso": 0.5, "on": 0.00017935075028397202, "ymm\u00e4rryst\u00e4": 0.013888888888888888, "similarly": 0.0017271157167530224, "pyrit\u00e4\u00e4n": 0.006097560975609756, "see": 0.00036357025995273584, "findings": 0.0022522522522522522, "capacitymielet": 1.0, "but": 8.153946510110893e-05, "menta-lisaatio": 1.0, "least": 0.0006108735491753207, "mentalisaatiokyky\u00e4": 1.0, "mukana": 0.008645533141210375, "paljon": 0.0010570824524312897, "examine": 0.002364066193853428, "tutkimustuloksia": 0.05, "intentional": 0.0136986301369863, "jota": 0.0016339869281045752, "v\u00e4h\u00e4ist\u00e4": 0.034482758620689655, "factor": 0.0008818342151675485, "johdettujen": 0.3333333333333333, "almost": 0.001160092807424594, "toddlers": 0.26666666666666666, "level": 0.0007199424046076314, "tavoin": 0.0035714285714285713, "little": 0.002577319587628866, "among": 0.0005136106831022085, "involvement": 0.003194888178913738, "mielen": 0.0136986301369863, "osana": 0.004166666666666667, "toddler": 0.3333333333333333, "taaperoryhm\u00e4ss\u00e4": 1.0, "litterated": 1.0, "kyky": 0.043478260869565216, "silt\u00e4": 0.006896551724137931, "kuvailee": 0.025, "theme": 0.003389830508474576, "describe": 0.0012254901960784314, "arvi-ointimenetelm\u00e4\u00e4": 1.0, "merki-tyksest\u00e4": 1.0, "sek\u00e4": 0.0002492522432701894, "sen": 0.0008305647840531562, "kasvat-tajien": 1.0, "se": 0.00014753614635585718, "own": 0.0004253509145044662, "thinking": 0.0009541984732824427, "perustaa": 0.022222222222222223, "methods": 0.00030807147258163895, "aikuisten": 0.022727272727272728, "ja": 0.00014744550659818642, "that": 0.00017881978939002582, "jotka": 0.0005461496450027307, "involved": 0.0012610340479192938, "function": 0.00042158516020236085, "ryhm\u00e4ss\u00e4": 0.04081632653061224, "haastateltava": 0.014925373134328358, "korkeampi": 0.06451612903225806, "tutkimuksen": 0.0008149959250203749, "all": 0.00010316723408645414, "yksil\u00f6t": 0.025, "suggest": 0.001394700139470014, "were": 0.0002533088468114749, "kehysanalyysist\u00e4": 1.0, "ymp\u00e4rist\u00f6ss\u00e4": 0.02040816326530612, "earlier": 0.0009049773755656109, "ten": 0.0022172949002217295, "menta-lisaatiokyky": 1.0, "parenthood": 0.07692307692307693, "goals": 0.0011098779134295228, "feelings": 0.0045045045045045045, "kymment\u00e4": 0.07142857142857142, "kehysten": 0.5, "ei": 0.00013294336612603032, "toisaalta": 0.0014326647564469914, "notion": 0.0011904761904761906, "pedagogisessa": 0.14285714285714285, "oleellisena": 0.1, "yliopiston": 0.0037313432835820895, "er\u00e4\u00e4n\u00e4": 0.045454545454545456, "tutkimus": 0.0060882800608828, "other": 9.511128019783147e-05, "purpose": 0.0017271157167530224, "selvitt\u00e4\u00e4": 0.005291005291005291, "better": 0.000700770847932726, "improved": 0.0021321961620469083, "varhaiskasvatuksen": 0.05, "care": 0.0012919896640826874, "varhaiskasvatusty\u00f6t\u00e4": 1.0, "processes": 0.0006868131868131869, "or": 4.915454187966968e-05, "to": 7.13279480732538e-05, "kehitt\u00e4\u00e4": 0.007407407407407408, "understanding": 0.0006802721088435374, "interventiossa": 0.42857142857142855, "rf": 0.125, "haastateltiin": 0.06666666666666667, "osittain": 0.006172839506172839, "this": 0.0001730343300110742, "main": 0.00046948356807511736, "individuals": 0.0007751937984496124, "educators": 0.013513513513513514, "vertailtiin": 0.06666666666666667, "lasten": 0.002777777777777778, "stressins\u00e4\u00e4tely": 1.0, "centers": 0.009708737864077669, "kvantitatiivisia": 0.08333333333333333, "appearing": 0.017543859649122806, "is": 4.4619617758607866e-05, "k\u00e4sitys": 0.007633587786259542, "saatuja": 0.038461538461538464, "perception": 0.0014903129657228018, "t\u00e4m\u00e4n": 0.0007412898443291327, "kuin": 0.00034223134839151266, "reasons": 0.0012594458438287153, "tutkimushankkeen": 0.5, "adults": 0.0026954177897574125, "participated": 0.007272727272727273, "terms": 0.00047664442326024784, "groups": 0.0005081300813008131, "vai": 0.002652519893899204, "siin\u00e4": 0.0012853470437017994, "sense": 0.0005165289256198347, "oppiminen": 0.005291005291005291, "viel\u00e4": 0.0011976047904191617, "kontekstissa": 0.006666666666666667, "carried": 0.0036036036036036037, "results": 0.0003749531308586427, "mentalisaation": 1.0, "field": 0.0004948045522018803, "project": 0.0022471910112359553, "normaalilla": 0.5, "health": 0.0010775862068965517, "\\n\\naccording": 0.125, "stress": 0.0018281535648994515, "k\u00e4ytet-tiin": 1.0, "kaikkien": 0.0038314176245210726, "k\u00e4sitteit\u00e4": 0.015625, "behavior": 0.0017574692442882249, "mieless\u00e4": 0.006369426751592357, "sis\u00e4ll\u00f6nanalyysiin": 0.25, "mielenterveyteen": 1.0, "there": 0.00011033873993158998, "n\u00e4k\u00f6kulmasta": 0.002173913043478261, "laatutekij\u00e4n\u00e4": 0.5, "oli": 0.0002827654460624912, "normal": 0.001579778830963665, "frames": 0.0058823529411764705, "pohjautui": 0.1, "tulkitsee": 0.058823529411764705, "university": 0.00024449877750611245, "compared": 0.0005903187721369539, "alentavasta": 1.0, "osallistuneet": 0.037037037037037035, "mukaan": 0.0007005253940455342, "olevien": 0.009523809523809525, "work": 0.0002181500872600349, "at": 6.507451031430989e-05, "scales": 0.002109704641350211, "purposes": 0.0022935779816513763, "ryhm\u00e4n": 0.007352941176470588, "mutta": 0.0006422607578676942, "havait-see": 1.0, "kanssa": 0.0006476683937823834, "teorial\u00e4h-t\u00f6iseen": 1.0, "interviews": 0.0012987012987012987, "mieli": 0.04, "tarkastelemalla": 0.03333333333333333, "vaikutuksesta": 0.0136986301369863, "of": 4.26657564638621e-05, "menetelmi\u00e4": 0.01020408163265306, "ett\u00e4": 0.00032393909944930353, "clarify": 0.009174311926605505, "higher": 0.0008920606601248885, "toteutui": 0.058823529411764705, "hankkeen": 0.07692307692307693, "using": 0.00020312817387771684, "rating": 0.034482758620689655, "minds": 0.029850746268656716, "and": 4.680579689794581e-05, "reflektiivisen": 0.25, "quality": 0.0006756756756756757, "also": 0.00017957620016760445, "childhood": 0.005383580080753701, "helsinki": 0.00027948574622694243, "pyrittiin": 0.008928571428571428, "with": 8.533636751528944e-05, "her": 0.0001986491855383393, "vahvistusta": 0.07142857142857142, "oma": 0.0018975332068311196, "helsin-gin": 1.0, "mahdollista": 0.0019120458891013384, "olisi": 0.0008123476848090983, "v\u00e4hint\u00e4\u00e4n": 0.009259259259259259, "kymmenen": 0.01098901098901099, "soveltamalla": 0.3333333333333333, "mm": 0.001841620626151013, "interview": 0.0022624434389140274, "verran": 0.01015228426395939, "had": 0.0003350644999162339, "throughout": 0.0018726591760299626, "concerning": 0.0023894862604540022, "ability": 0.0013440860215053765, "perusteella": 0.0015313935681470138, "how": 0.00019391118867558658, "ku-vailemaan": 1.0, "hoidolli-suuteen": 1.0, "as": 8.430636934620411e-05, "group": 0.0010166045408336157, "samaten": 0.25, "saa": 0.0022271714922048997, "perspective": 0.0011363636363636363, "so": 0.00019043991620643687, "olleiden": 0.21428571428571427, "avulla": 0.0013175230566534915, "taaperoiden": 1.0, "intent": 0.034482758620689655, "perceives": 0.06666666666666667, "sit\u00e4": 0.0010330578512396695, "tuloksia": 0.007518796992481203, "mentalization": 1.0, "varhaiskasvattajien": 1.0, "olivat": 0.0005711022272986865, "study": 0.0007380851961197807, "basis": 0.000859106529209622, "want": 0.0011641443538998836,