{"university": 0.00024449877750611245, "yksi": 0.0012578616352201257, "lln": 1.0, "hanketta": 0.125, "promoting": 0.006993006993006993, "conducted": 0.0012135922330097086, "mukaan": 0.0003502626970227671, "m\u00e4\u00e4rin": 0.010526315789473684, "hetkiin": 0.14285714285714285, "teht\u00e4viss\u00e4": 0.05263157894736842, "ages": 0.004329004329004329, "these": 9.365926758452749e-05, "sitoutumiseen": 0.09090909090909091, "at": 6.507451031430989e-05, "abilities": 0.0035714285714285713, "sis\u00e4lt\u00e4v\u00e4\u00e4n": 1.0, "gathered": 0.006369426751592357, "lapsi": 0.01639344262295082, "performing": 0.004016064257028112, "esikoululaistyt\u00f6n": 1.0, "vantaalla": 0.14285714285714285, "tapaustutkimuksena": 1.0, "sitoutumisella": 1.0, "yhdell\u00e4": 0.044444444444444446, "mostly": 0.00273224043715847, "edist\u00e4minen": 0.08333333333333333, "p\u00e4iv\u00e4kodin": 0.07142857142857142, "sitoutuneisuus": 0.3333333333333333, "helsingin": 0.0007716049382716049, "kaikissa": 0.006622516556291391, "v\u00e4lill\u00e4": 0.00117096018735363, "laadulla": 0.1, "llsta": 1.0, "teht\u00e4v\u00e4ty\u00f6skentelyss\u00e4": 1.0, "sustained": 0.025, "neuropsychological": 0.014705882352941176, "aiempien": 0.027777777777777776, "leuven": 0.034482758620689655, "arviointiasteikolla": 1.0, "guidelines\\n\\nthe": 1.0, "tietoa": 0.002028397565922921, "on": 9.963930571331779e-05, "teht\u00e4v\u00e4t": 0.03333333333333333, "pitk\u00e4kestoisesti": 0.25, "osallistui": 0.013333333333333334, "toinen": 0.0018281535648994515, "n\u00e4kyi": 0.02197802197802198, "but": 0.00016307893020221786, "suoriutumiseen\\n\\nt\u00e4m\u00e4": 1.0, "four": 0.0007288629737609329, "lapsille": 0.044444444444444446, "and": 6.435797073467548e-05, "laulua": 0.05714285714285714, "lapsen": 0.002881844380403458, "quality": 0.0013513513513513514, "consist": 0.0038022813688212928, "tutkimuksessa": 0.0014124293785310734, "paljon": 0.0010570824524312897, "mitta": 0.1, "yhteytt\u00e4": 0.016666666666666666, "helsinki": 0.00027948574622694243, "vain": 0.0007267441860465116, "with": 8.533636751528944e-05, "siit\u00e4": 0.0006079027355623101, "sitoutuvat": 0.3333333333333333, "2008": 0.0004381161007667032, "sitoutuneisuutta": 0.3333333333333333, "another": 0.0004784688995215311, "gain": 0.003048780487804878, "suoriutui": 0.3333333333333333, "child": 0.0011074197120708748, "hyvin": 0.0007057163020465773, "their": 7.744133818632385e-05, "sis\u00e4lsi": 0.03636363636363636, "heikommin": 0.125, "tarkoituksena": 0.004608294930875576, "video": 0.016042780748663103, "involvement": 0.038338658146964855, "consists": 0.002886002886002886, "displayed": 0.007042253521126761, "selected": 0.001221001221001221, "how": 0.00038782237735117316, "preschool": 0.0975609756097561, "were": 0.00012665442340573744, "h\u00e4nen": 0.0008244023083264633, "leikki-ik\u00e4isille": 1.0, "part": 0.00028669724770642203, "neuropsykologinen": 0.125, "as": 4.2153184673102054e-05, "girls": 0.014925373134328358, "group": 0.00033886818027787193, "mukaisesti\\n\\nt\u00e4ss\u00e4": 1.0, "n\u00e4kynyt": 0.058823529411764705, "activity": 0.0017913121361397223, "merkityst\u00e4": 0.0038314176245210726, "mutta": 0.0006422607578676942, "intensiivisi\u00e4": 0.75, "multitude": 0.03571428571428571, "sek\u00e4": 0.0002492522432701894, "enemm\u00e4n": 0.0013869625520110957, "intensiivisiin": 1.0, "nepsy": 1.0, "nelj\u00e4st\u00e4": 0.022222222222222223, "toimintaan": 0.03333333333333333, "tutkimusaineistona": 0.125, "study": 0.00042176296921130323, "only": 0.0001296512381693245, "tytt\u00f6jen": 0.046511627906976744, "occasional": 0.015384615384615385, "onko": 0.0026666666666666666, "extent": 0.00129366106080207, "ja": 7.372275329909321e-05, "olivat": 0.0005711022272986865, "arvioimalla": 0.16666666666666666, "kykyjens\u00e4": 0.125, "tutkimusten": 0.017241379310344827, "laadun": 0.005813953488372093, "teht\u00e4v\u00e4n": 0.025, "cognitive": 0.0038095238095238095, "can": 6.90035881865857e-05, "jotka": 0.0005461496450027307, "lasten": 0.002777777777777778, "information": 0.00029129041654529564, "involved": 0.0037831021437578815, "some": 0.00013610997686130393, "each": 0.0002549069589599796, "analyzed": 0.002457002457002457, "vaihtelua": 0.0196078431372549, "hetki\u00e4": 0.2, "found": 0.0002843332385555871, "performance\\n\\nthis": 1.0, "tutkimuksen": 0.0008149959250203749, "all": 0.00010316723408645414, "sitoutumisen": 0.13333333333333333, "jopa": 0.0017543859649122807, "esikoululaisten": 1.0, "analysoitiin": 0.02, "dokumentit": 0.09090909090909091, "relation": 0.002106741573033708, "rajoilla": 0.1, "ylsi": 0.3333333333333333, "yhteys": 0.011299435028248588, "pitk\u00e4kestoisia": 0.5, "subjects": 0.000984251968503937, "kolmannen": 0.029411764705882353, "ten": 0.0022172949002217295, "centers": 0.009708737864077669, "somewhat": 0.002109704641350211, "well-being": 0.004310344827586207, "vantaa": 0.004830917874396135, "oli": 0.0008482963381874735, "tyt\u00f6ll\u00e4": 0.75, "suoriutumisensa": 1.0, "two": 0.00027901785714285713, "yhdess\u00e4": 0.005305039787798408, "in": 0.00010676560279192052, "videoaineisto": 0.42857142857142855, "evident": 0.002777777777777778, "kohdalla": 0.0057306590257879654, "daycare": 0.125, "first": 0.00023342670401493932, "showed": 0.000851063829787234, "other": 9.511128019783147e-05, "whether": 0.0005078720162519045, "sitoutuneisuuden": 0.5, "p\u00e4\u00e4osin": 0.022222222222222223, "he": 0.00016450074025333114, "ei": 0.00013294336612603032, "childrens": 0.011494252873563218, "kahdella": 0.023255813953488372, "valittu": 0.02564102564102564, "toiminnan": 0.003929273084479371, "are": 0.00011341726210729273, "3-16": 0.6666666666666666, "hyvinvoinnin": 0.03225806451612903, "emotionaalisen": 0.14285714285714285, "yliopiston": 0.0037313432835820895, "persistent": 0.02247191011235955, "tutkimus": 0.0015220700152207, "previous": 0.0007496251874062968, "purpose": 0.0017271157167530224, "divided": 0.001838235294117647, "ohjeiden": 0.05, "such": 0.0001327844907714779, "related": 0.0004079967360261118, "emphasis": 0.0018975332068311196, "painottuen": 0.2, "selvitt\u00e4\u00e4": 0.005291005291005291, "tasks": 0.010819165378670788, "material": 0.0014097744360902255, "toimintaa": 0.0031545741324921135, "limits": 0.002967359050445104, "no": 0.00013721185510428101, "measures": 0.0015625, "good": 0.0005151983513652757, "working": 0.000946073793755913, "for": 4.17641162712997e-05, "one": 0.0006253908692933083, "experiences": 0.000881057268722467, "kognitiiviset": 0.2, "tarkoitettu": 0.017857142857142856, "evaluating": 0.005405405405405406, "while": 0.0002832058906825262, "even": 0.00017777777777777779, "three": 0.0006600660066006601, "to": 4.4579967545783626e-05, "well": 0.0002253267237494367, "esikoululaistytt\u00f6\u00e4": 1.0, "is": 4.4619617758607866e-05, "jossain": 0.016, "esikoululaiset": 0.5, "lis-yc": 1.0, "managed": 0.005405405405405406, "poorly": 0.008849557522123894, "present": 0.0003695491500369549, "overall": 0.0013227513227513227, "teht\u00e4v\u00e4\u00e4n": 0.175, "my\u00f6s": 0.00014112334180073385, "this": 3.460686600221484e-05, "project": 0.0011235955056179776, "an": 0.00010361620557455187, "scored": 0.019230769230769232, "sitoutumisessa": 1.0, "meni": 0.02, "dokumentteja": 0.07142857142857142, "was": 0.0002377084901549067, "relevant": 0.0010940919037199124, "testi": 0.009174311926605505, "sitoutuminen": 0.13043478260869565, "papers": 0.0016722408026755853, "girl": 0.016194331983805668, "esiopetusryhm\u00e4st\u00e4": 1.0, "vastaavanlaista": 0.1111111111111111, "tyt\u00f6n": 0.1111111111111111, "teht\u00e4v\u00e4paperit": 1.0, "jatkuvaan": 0.3333333333333333, "emotional": 0.0035714285714285713, "second": 0.0004399472063352398, "toimii": 0.003937007874015748, "t\u00e4m\u00e4n": 0.0007412898443291327, "ker\u00e4ttiin": 0.01639344262295082, "research": 0.00040123044001604924, "young": 0.0007987220447284345, "sitoutui": 0.14285714285714285, "teht\u00e4v\u00e4st\u00e4": 0.05, "muissa": 0.009345794392523364,