{"tulkit": 1.0, "used": 0.00021990104452996153, "environment": 0.0006218905472636816, "driven": 0.006578947368421052, "kuvailijana": 1.0, "and": 8.191014457140517e-05, "experts": 0.008130081300813009, "methods": 0.00030807147258163895, "student": 0.002835538752362949, "selkeytt\u00e4\u00e4": 0.2, "ruoanvalmistuksen": 0.42857142857142855, "n\u00e4k\u00f6vammaiset": 1.0, "student\u2019s": 0.047619047619047616, "gathered": 0.006369426751592357, "oppimisessa": 0.047619047619047616, "objects": 0.0010111223458038423, "that": 1.9868865487780646e-05, "asiantuntijoiden": 0.008264462809917356, "describer": 1.0, "conducted": 0.0012135922330097086, "observe": 0.004291845493562232, "tallenteista": 0.5, "basic": 0.0008764241893076249, "kaikilla": 0.011235955056179775, "examination": 0.0029239766081871343, "opetuskeitti\u00f6ss\u00e4": 1.0, "haptiisien": 1.0, "t\u00e4ss\u00e4": 0.0007107320540156361, "body": 0.0012626262626262627, "visuality": 0.05555555555555555, "opetushenkil\u00f6st\u00f6n": 1.0, "opiskelijan": 0.15384615384615385, "tilan": 0.016129032258064516, "tuloksia": 0.007518796992481203, "clarifiedkuvailu": 1.0, "voidaan": 0.0007057163020465773, "on": 0.00011956716685598135, "in-volved": 1.0, "arjen": 0.006993006993006993, "approached": 0.006493506493506494, "personal": 0.000630119722747322, "social": 0.00026968716289104636, "saannissa": 1.0, "pedagogiikkaa": 0.1111111111111111, "opiskelijalta": 0.3333333333333333, "surrounding": 0.0029585798816568047, "gathering": 0.011904761904761904, "tapahtui": 0.008130081300813009, "economics": 0.014925373134328358, "ovat": 0.0015404364569961489, "kosketusviestit": 1.0, "osallistuivat": 0.02857142857142857, "mukana": 0.011527377521613832, "tutkimuksessa": 0.0014124293785310734, "also": 5.985873338920148e-05, "help": 0.0009363295880149813, "skills": 0.000749063670411985, "henkil\u00f6kohtaista": 0.025, "hapti-ces": 1.0, "impaired": 0.10344827586206896, "laadullisten": 0.3333333333333333, "questions": 0.0005770340450086555, "oppimistilaan": 1.0, "touch": 0.02197802197802198, "2008": 0.0004381161007667032, "tekiv\u00e4t": 0.02127659574468085, "peruskuvailu": 1.0, "kokeileminen": 0.3333333333333333, "experimenting": 0.038461538461538464, "keskustelut": 0.027777777777777776, "t\u00e4ydensiv\u00e4t": 0.16666666666666666, "sosiaalishaptista": 1.0, "versatile": 0.014084507042253521, "tavoin": 0.010714285714285714, "staff": 0.0013440860215053765, "n\u00e4k\u00f6vammaisen": 1.0, "tekev\u00e4t": 0.012048192771084338, "use": 0.00020403999183840033, "here": 0.00042918454935622315, "how": 0.0005817335660267597, "describers": 1.0, "ymp\u00e4r\u00f6iv\u00e4n": 0.043478260869565216, "present": 0.0003695491500369549, "aistihavaintoja": 1.0, "as": 2.1076592336551027e-05, "opettaja": 0.010362694300518135, "persons": 0.004901960784313725, "tutkimusteht\u00e4v\u00e4ss\u00e4": 0.5, "created": 0.0015408320493066256, "orientation": 0.001049317943336831, "classroom": 0.0024449877750611247, "l\u00e4helle": 0.045454545454545456, "situations": 0.0013458950201884253, "task": 0.0015772870662460567, "keruu": 0.06666666666666667, "ie": 0.0005027652086475615, "esille": 0.0019569471624266144, "auditiivisuus": 1.0, "orientoitumisessa": 1.0, "these": 9.365926758452749e-05, "get": 0.0010604453870625664, "following": 0.0004570383912248629, "haptiisit": 1.0, "kolmas": 0.008928571428571428, "n\u00e4k\u00f6kulma": 0.011560693641618497, "kuvailu": 0.1111111111111111, "haptiikka": 1.0, "auditivity": 1.0, "comes": 0.0021231422505307855, "ja": 0.00036861376649546606, "are": 0.00019848020868776229, "haptiiseja": 1.0, "tiedon": 0.0035087719298245615, "study": 0.000527203711514129, "learning": 0.0013531799729364006, "ty\u00f6v\u00e4lineiksi": 1.0, "involved": 0.0025220680958385876, "be": 3.209448616727646e-05, "analysis": 0.00019825535289452815, "subject": 0.0012515644555694619, "ruoanvalmistustilanteissa": 1.0, "transcriptions": 0.011764705882352941, "tutkimuksen": 0.0008149959250203749, "all": 0.00010316723408645414, "goal": 0.0008680555555555555, "mill\u00e4": 0.019867549668874173, "were": 0.00018998163510860618, "as-pect": 1.0, "food": 0.004025764895330112, "pedagogy": 0.0045045045045045045, "preparation": 0.0037593984962406013, "transkriptiot": 0.16666666666666666, "tutkimustuloksista": 0.14285714285714285, "opiskelijoiden": 0.0049261083743842365, "combined": 0.001607717041800643, "tutkiminen": 0.02127659574468085, "can": 6.90035881865857e-05, "pys\u00e4ytyskuvat": 1.0, "kaikkia": 0.005988023952095809, "aistit": 0.125, "done": 0.0009615384615384616, "classrooms": 0.01020408163265306, "in": 9.341990244293045e-05, "speech": 0.0018315018315018315, "process": 0.0009096422073984233, "n\u00e4k\u00f6vammaisille": 1.0, "communication": 0.0009199632014719411, "gaining": 0.0136986301369863, "tuotetuista": 1.0, "kuvailijoina": 1.0, "still": 0.00048520135856380397, "aineistol\u00e4ht\u00f6isen": 0.2, "kosketuksella": 1.0, "auttavat": 0.029411764705882353, "kosketusaistit": 1.0, "avulla": 0.002635046113306983, "education": 0.00027041644131963225, "second": 0.0004399472063352398, "different": 0.00020833333333333335, "aikana": 0.001091703056768559, "qualitative": 0.0012121212121212121, "making": 0.0022522522522522522, "haptices": 1.0, "supplemented": 0.015625, "everyday": 0.001996007984031936, "motions": 0.02, "tukena": 0.030303030303030304, "their": 0.0001548826763726477, "tutkimuskysymyksin\u00e4": 0.5, "haptic": 0.2, "econmics": 1.0, "as-pects": 0.5, "kotitalousopetuksessa": 0.2, "video": 0.0053475935828877, "physical": 0.0007380073800738007, "images": 0.0012468827930174563, "senses": 0.04132231404958678, "\\n\\ntutkimus": 0.05555555555555555, "description": 0.006109979633401222, "support": 0.0004201680672268908, "tarkastelun\u00e4k\u00f6kulmaa": 1.0, "first": 0.00023342670401493932, "which": 0.00017185083347654237, "for": 0.0001252923488138991, "puheella": 0.2857142857142857, "taitojen": 0.017857142857142856, "orientoituminen": 0.3333333333333333, "kuvailusta": 0.3333333333333333, "tulee": 0.004418262150220913, "while": 0.0005664117813650524, "haptice": 1.0, "saatuja": 0.038461538461538464, "food\\nthe": 1.0, "aspect": 0.0012077294685990338, "contact": 0.002079002079002079, "three": 0.00033003300330033004, "to": 3.56639740366269e-05, "kehitt\u00e4\u00e4": 0.007407407407407408, "discussions": 0.002512562814070352, "muodostuvat": 0.041666666666666664, "content": 0.00046882325363338024, "kanssa": 0.0006476683937823834, "findings": 0.0011261261261261261, "developed": 0.0017436791630340018, "ways": 0.0015961691939345571, "this": 6.921373200442968e-05, "describing": 0.001984126984126984, "kommunikaatiota": 0.1, "research": 0.00026748696001069946, "k\u00e4yt\u00f6ss\u00e4": 0.011049723756906077, "was": 7.92361633849689e-05, "aistien": 0.08333333333333333, "osalta": 0.0024813895781637717, "kehitt\u00e4nyt": 0.1, "home": 0.0035046728971962616, "visual": 0.0013054830287206266, "aineiston": 0.0024937655860349127, "data": 0.00026167735182519954, "tilaa": 0.011363636363636364, "is": 5.9492823678143824e-05, "through": 0.0002707092582566324, "mahdollisuudet": 0.014285714285714285, "visually": 0.1, "niiden": 0.0009578544061302681, "n\u00e4k\u00f6vammaisten": 1.0, "orient": 0.029411764705882353, "interpreters": 0.041666666666666664, "asks": 0.008771929824561403, "raise": 0.009523809523809525, "fyysisen": 0.03333333333333333, "kohteiden": 0.125, "we": 0.00011004732034774953, "nostan": 0.041666666666666664, "from": 0.00012533946104031752, "yhdistettyin\u00e4": 1.0, "the": 0.0001274258354525786, "toteutettiin": 0.01639344262295082, "\\n\\nt\u00e4m\u00e4n": 0.045454545454545456, "tutkitaan": 0.01694915254237288, "miten": 0.0015026296018031556, "being": 0.0002983293556085919, "ruoanvalmistustapahtuman": 1.0, "auditory": 0.0028735632183908046, "aisteillaan": 1.0, "results": 0.00018747656542932134, "menetelmien": 0.01282051282051282, "haptiiseilla": 1.0, "recordings": 0.014285714285714285, "sis\u00e4ll\u00f6nanalyysin": 0.018518518518518517, "lahtinen": 0.03333333333333333,