{"hy\u00f6dynnettiin": 0.05, "compared": 0.0011806375442739079, "tuotetaan": 0.047619047619047616, "pakkovalintakokeen": 1.0, "used": 0.00021990104452996153, "kahden": 0.0061162079510703364, "koehenkil\u00f6t": 0.25, "varsinainen": 0.017543859649122806, "2afc": 1.0, "may": 0.00018477457501847746, "and": 1.755217383672968e-05, "answered": 0.008064516129032258, "ominaisuuksien": 0.014925373134328358, "erilaista": 0.012345679012345678, "havaintoon": 0.25, "vaikuttaa": 0.0031496062992125984, "that": 5.9606596463341945e-05, "statistical": 0.0016891891891891893, "sanapari": 1.0, "model": 0.00036832412523020257, "havaittiin": 0.018867924528301886, "affected": 0.002178649237472767, "forced": 0.005847953216374269, "puheen": 0.010309278350515464, "merkitsev\u00e4sti": 0.25, "taken": 0.0007127583749109052, "vastauksiin": 0.1111111111111111, "lausepainotusta": 1.0, "ett\u00e4": 0.00032393909944930353, "vowels": 0.004739336492890996, "phrases": 0.0032679738562091504, "kapea": 0.3, "tilastollinen": 0.07142857142857142, "on": 9.963930571331779e-05, "tuloksia": 0.007518796992481203, "eritt\u00e4in": 0.0031545741324921135, "yleistetty\u00e4": 1.0, "changing": 0.002145922746781116, "strategioita": 0.09090909090909091, "kolmelta": 0.25, "vastasivat": 0.02564102564102564, "\\nkoetta": 1.0, "puhujasta": 1.0, "tutkimuksessa": 0.0014124293785310734, "muuntamalla": 1.0, "vaikuttavatko": 0.3333333333333333, "they": 0.00019758940920766647, "prosodic": 0.10714285714285714, "vaikuttavat": 0.0038022813688212928, "whether": 0.001015744032503809, "heard": 0.005494505494505495, "havaitaanko": 0.6666666666666666, "erotus": 0.3333333333333333, "revealed": 0.0037735849056603774, "statistically": 0.002277904328018223, "also": 0.00023943493355680593, "yhdyssanana": 1.0, "lauseita": 0.1, "fokus": 0.15151515151515152, "ja": 7.372275329909321e-05, "had": 0.0003350644999162339, "prosodiset": 1.0, "second": 0.0004399472063352398, "producing": 0.0034602076124567475, "kesken\u00e4\u00e4n": 0.006493506493506494, "account": 0.0009372071227741331, "how": 0.00019391118867558658, "\u00e4\u00e4nitettiin": 0.5, "have": 5.3556126820908315e-05, "lineaarista": 0.25, "as": 2.1076592336551027e-05, "difference": 0.0011918951132300357, "p\u00e4\u00e4t\u00f6kseen": 0.10526315789473684, "compounds": 0.0008097165991902834, "study": 0.00021088148460565162, "k\u00e4ytt\u00e4m\u00e4ll\u00e4": 0.011627906976744186, "prosodisten": 1.0, "decision": 0.0035650623885918, "parameters": 0.0008936550491510277, "sek\u00e4": 0.0002492522432701894, "focuses": 0.0036101083032490976, "tilastollisesti": 0.05714285714285714, "intensiteetti": 0.5, "these": 9.365926758452749e-05, "mahdollisesti": 0.004484304932735426, "selitty\u00e4": 0.5, "puhujat": 0.03571428571428571, "revealing": 0.014084507042253521, "choise": 0.5, "sanan": 0.02666666666666667, "focus": 0.005106382978723404, "olivat": 0.0005711022272986865, "significant": 0.0008084074373484236, "2-vaihtoehtoisen": 1.0, "two-alternative": 1.0, "measurements": 0.0006891798759476223, "mitk\u00e4": 0.006134969325153374, "sentences": 0.0027548209366391185, "vastauksia": 0.011627906976744186, "pitch": 0.005847953216374269, "words": 0.0020491803278688526, "acoustical": 0.037037037037037035, "malli": 0.008620689655172414, "were": 0.00037996327021721236, "jossa": 0.0015467904098994587, "aspects": 0.0009107468123861566, "kestoa": 0.25, "fokuksella": 1.0, "kesto": 0.041666666666666664, "sis\u00e4lsi": 0.01818181818181818, "sanaliittona": 0.5, "method": 0.00036443148688046647, "perceived": 0.006006006006006006, "determine": 0.001976284584980237, "ilmi\u00f6iden": 0.020833333333333332, "muun": 0.001610305958132045, "oli": 0.0001413827230312456, "varten": 0.003246753246753247, "two": 0.0004185267857142857, "kolme": 0.002967359050445104, "speakers": 0.003009027081243731, "speech": 0.0009157509157509158, "between": 0.0003045066991473812, "puhujan": 0.02857142857142857, "koeasetelma": 0.3333333333333333, "interact": 0.004901960784313725, "mixed-effects": 1.0, "selvit\u00e4n": 0.043478260869565216, "narrow": 0.02030456852791878, "laaja": 0.012048192771084338, "kolmesta": 0.021739130434782608, "muutos": 0.006802721088435374, "different": 0.000625, "sentence": 0.0010775862068965517, "tutkimuksen": 0.0008149959250203749, "vaikutus": 0.0047169811320754715, "sanaliittojen": 1.0, "kuulivatko": 1.0, "oikeisiin": 0.3333333333333333, "other": 9.511128019783147e-05, "osoitti": 0.0136986301369863, "arvioin": 0.047619047619047616, "selvitt\u00e4\u00e4": 0.005291005291005291, "three": 0.0006600660066006601, "kontrastiivinen": 0.3333333333333333, "compound": 0.003669724770642202, "first": 0.00046685340802987864, "read": 0.0013831258644536654, "which": 0.00022913444463538982, "for": 2.088205813564985e-05, "one": 0.00010423181154888472, "yhden": 0.0035842293906810036, "produced": 0.003329633740288568, "tavalla": 0.001697792869269949, "laajalla": 0.1111111111111111, "\\nthree": 1.0, "or": 9.830908375933936e-05, "to": 2.6747980527470175e-05, "mittaustuloksia": 0.3333333333333333, "lausepainotukset": 1.0, "partly": 0.0022172949002217295, "phenomenapuheen": 1.0, "osittain": 0.006172839506172839, "k\u00e4ytt\u00e4v\u00e4t": 0.010526315789473684, "my\u00f6s": 0.0005644933672029354, "vokaalien": 0.012987012987012988, "phrase": 0.005420054200542005, "\\ntutkimuksessa": 1.0, "an": 5.180810278727593e-05, "perustaajuus": 1.0, "individuals": 0.0007751937984496124, "tuotokset": 0.3333333333333333, "was": 0.00019809040846242225, "linear": 0.0015552099533437014, "participants": 0.002014098690835851, "saattaa": 0.002824858757062147, "koehenkil\u00f6iden": 0.5, "is": 1.4873205919535956e-05, "conditions": 0.0017584994138335288, "duration": 0.0072992700729927005, "perustaajuuden": 0.5, "yhdyssanatsanaliitot": 1.0, "perception": 0.0029806259314456036, "kuin": 0.00034223134839151266, "aim": 0.0009871668311944718, "correct": 0.0016863406408094434, "differently": 0.005780346820809248, "yhdyssanan": 1.0, "tuottamat": 0.125, "verrattiin": 0.03571428571428571, "sanaliitto": 1.0, "yhdyssanojen": 1.0, "changes": 0.0008948545861297539, "lauseessa": 0.016129032258064516, "ensimm\u00e4isen": 0.006872852233676976, "vai": 0.007957559681697613, "the": 7.049088769717115e-05, "by": 3.515803536898358e-05, "strategies": 0.001364256480218281, "v\u00e4lill\u00e4": 0.00117096018735363, "pair": 0.0044444444444444444, "ominaisuudet": 0.01098901098901099, "sekamallia": 1.0, "kapealla": 0.5, "of": 4.740639607095789e-05, "tarkoituksena": 0.004608294930875576, "akustisia": 0.25, "puhujalta": 1.0, "erilaisia": 0.002531645569620253, "stress": 0.0009140767824497258, "joissa": 0.001996007984031936, "tuottamiseen": 0.047619047619047616, "t\u00e4m\u00e4": 0.0005934718100890207, "eri": 0.0017584994138335288, "in": 2.669140069798013e-05, "generalized": 0.005405405405405406, "influence": 0.001081081081081081, "answers": 0.005934718100890208, "effect": 0.0005711022272986865, "yhdyssana": 0.3333333333333333, "effects": 0.0005977286312014345, "into": 0.000164257555847569, "sill\u00e4": 0.0005973715651135006, "intensiteetin": 0.25, "havaitsemiseen": 0.07142857142857142, "sanaliiton": 1.0, "findings": 0.0011261261261261261, "toteutuivat": 0.3333333333333333, "noun": 0.005067567567567568, "siihen": 0.0008984725965858042, "broad": 0.008097165991902834, "toisen": 0.001763668430335097, "with": 2.844545583842981e-05, "recorded": 0.0033112582781456954, "\\nthe": 0.3333333333333333, "investigated": 0.002583979328165375, "intensity": 0.0039603960396039604}