{"maps": 0.0022371364653243847, "intertwine": 0.5, "order": 0.0003204101249599487, "extreme-kirjallisuudeksi": 1.0, "narratological": 0.07692307692307693, "develops": 0.012987012987012988, "two": 0.00013950892857142856, "amerikan": 0.07142857142857142, "combining": 0.0030211480362537764, "qualities": 0.011235955056179775, "phenomenon": 0.002840909090909091, "mutta": 0.0003211303789338471, "embraces": 0.07142857142857142, "ellisin": 1.0, "tapaustutkimusten": 0.5, "sarallashock": 1.0, "cooper": 0.0136986301369863, "lukijoitaan": 0.3333333333333333, "repel": 0.2, "simultaneously": 0.0025575447570332483, "1991": 0.003098373353989156, "ennenn\u00e4kem\u00e4tt\u00f6m\u00e4\u00e4n": 1.0, "ellis": 0.012345679012345678, "shokkiarvo": 1.0, "increasingly": 0.006578947368421052, "kaunokirjallisuudessa": 0.25, "tarkoitus": 0.005747126436781609, "infamous": 1.0, "kutsua": 0.021739130434782608, "shokeeraamaan": 1.0, "menetelmi\u00e4": 0.01020408163265306, "ett\u00e4": 0.00010797969981643452, "analysis": 0.0003965107057890563, "pidet\u00e4\u00e4n": 0.00819672131147541, "affectivity": 0.07692307692307693, "lukijoita": 0.045454545454545456, "valottaa": 0.1, "literature": 0.0005920663114268798, "\u00e4ll\u00f6tt\u00e4m\u00e4\u00e4n": 1.0, "haluttavana": 1.0, "works": 0.002728512960436562, "ahdistamaan": 1.0, "1996": 0.0012763241863433313, "\\n\\nin": 0.017241379310344827, "strategioita": 0.09090909090909091, "suomentamattomat": 0.5, "approaches": 0.001177856301531213, "historically": 0.007874015748031496, "osuvimmin": 1.0, "and": 9.361159379589162e-05, "brite": 1.0, "my\u00f6s": 0.00014112334180073385, "influential": 0.017857142857142856, "1900-luvun": 0.017857142857142856, "this": 6.921373200442968e-05, "seksi": 0.07692307692307693, "vieh\u00e4tyst\u00e4": 0.3333333333333333, "v\u00e4kivaltaa": 0.0625, "l\u00e4nnentarina": 1.0, "\u00e4\u00e4rimmilleen": 0.1111111111111111, "shokeeraamisen": 1.0, "transgression": 0.4444444444444444, "synnytt\u00e4\u00e4": 0.03571428571428571, "kautta": 0.0009505703422053232, "shock": 0.024896265560165973, "sarjamurhaajasta": 1.0, "siit\u00e4": 0.0006079027355623101, "defined": 0.0016025641025641025, "response": 0.002369668246445498, "affective": 0.023622047244094488, "itsens\u00e4": 0.0051813471502590676, "mahdollisimman": 0.004672897196261682, "repulsion": 0.025, "joka": 0.00037593984962406017, "extreme": 0.050387596899224806, "ongelmia": 0.006896551724137931, "extreme-urheilua": 1.0, "\\n\\nthe": 0.0056179775280898875, "t\u00e4llaista": 0.015873015873015872, "cormac": 1.0, "late": 0.0013568521031207597, "mad": 0.03333333333333333, "tactics": 0.05263157894736842, "sarjamurhaajatarinoiden": 1.0, "how": 0.00019391118867558658, "korkeakirjallisuuden": 1.0, "lukukokemuksia": 1.0, "p\u00e4iv\u00e4n\u00e4": 0.00819672131147541, "cross-disciplinary": 0.1111111111111111, "vahva": 0.011904761904761904, "as": 4.2153184673102054e-05, "n\u00e4ht\u00e4viss\u00e4": 0.008849557522123894, "through": 0.0008121277747698972, "aesthetics": 0.018867924528301886, "psyko": 0.5, "pohjimmiltaan": 0.06666666666666667, "finally": 0.0012033694344163659, "revittelev\u00e4t": 1.0, "kulttiklassikko": 1.0, "kartoittaa": 0.045454545454545456, "sek\u00e4": 0.0007477567298105683, "focuses": 0.0036101083032490976, "jota": 0.0016339869281045752, "tulee": 0.0014727540500736377, "klassikoksi": 0.3333333333333333, "se": 0.00014753614635585718, "these": 9.365926758452749e-05, "\u00e4\u00e4riv\u00e4kivaltainen": 1.0, "twentieth": 0.01694915254237288, "kohtaan": 0.003215434083601286, "veren": 0.2, "tunnekokemus": 1.0, "decades": 0.002898550724637681, "theoretically": 0.010638297872340425, "kognitiotieteen": 1.0, "kulttuurin": 0.00390625, "ja": 0.00022116825989727964, "lukijoissaan": 1.0, "that": 7.947546195112258e-05, "extreme-kauhun": 1.0, "study": 0.000527203711514129, "eettisi\u00e4": 0.08333333333333333, "briten": 1.0, "tuottavat": 0.019230769230769232, "our": 0.00034094783498124785, "ajanvietett\u00e4": 0.08333333333333333, "meridian": 0.08333333333333333, "extreme-kirjallisuudelle": 1.0, "noussut": 0.020833333333333332, "sytytt\u00e4\u00e4": 1.0, "corpse": 0.18181818181818182, "approach": 0.000894054537326777, "alla": 0.0012626262626262627, "ep\u00e4miellytt\u00e4v\u00e4": 0.3333333333333333, "tarinaa": 0.043478260869565216, "pyrkiv\u00e4t": 0.01904761904761905, "esimerkiksi": 0.0005227391531625719, "jopa": 0.0017543859649122807, "readers": 0.002551020408163265, "1985": 0.0027100271002710027, "american": 0.0007390983000739098, "on": 9.963930571331779e-05, "yhten\u00e4": 0.007936507936507936, "viihdytt\u00e4vi\u00e4": 0.5, "theory": 0.00024224806201550387, "dennis": 0.044444444444444446, "\\n\\nhy\u00f6dynt\u00e4en": 1.0, "characterize": 0.008333333333333333, "lukijoissa": 0.5, "viiteen": 0.045454545454545456, "closer": 0.0031746031746031746, "out": 0.0002701242571582928, "kauhu": 0.25, "tendencies": 0.009615384615384616, "formulates": 0.07692307692307693, "shocking": 0.1111111111111111, "viimeisin\u00e4": 0.08333333333333333, "mccarthy": 0.034482758620689655, "ole": 0.0004130524576621231, "narrative": 0.00117096018735363, "bret": 0.16666666666666666, "kirjallisuudentutkimuksen": 0.5, "v\u00e4kivaltaisten": 0.5, "in": 1.3345700348990065e-05, "induce": 0.004347826086956522, "yhdysvalloissa": 0.013157894736842105, "analyze": 0.00558659217877095, "havainnollistaa": 0.07142857142857142, "joilla": 0.0033112582781456954, "extreme-kirjallisuutta": 1.0, "philosophy": 0.0014858841010401188, "blood": 0.0017513134851138354, "analyzes": 0.041666666666666664, "laajemmalti": 0.5, "takes": 0.0016501650165016502, "ei": 0.00013294336612603032, "merkkiteoksista": 1.0, "responses": 0.003316749585406302, "toisaalta": 0.0028653295128939827, "keskeist\u00e4": 0.015151515151515152, "fiction": 0.0593607305936073, "viety\u00e4": 1.0, "cognitive": 0.0009523809523809524, "t\u00e4ll\u00f6in": 0.00881057268722467, "methodological": 0.002717391304347826, "vaikutus": 0.0047169811320754715, "kaunokirjalliset": 0.4, "tutkimus": 0.0060882800608828, "it": 3.861898509307175e-05, "emotional": 0.007142857142857143, "filosofian": 0.01098901098901099, "fascination": 0.1, "t\u00e4n\u00e4kin": 0.09090909090909091, "ahdistavia": 1.0, "yh\u00e4": 0.003194888178913738, "novels": 0.003289473684210526, "kirjallisuutta": 0.020833333333333332, "careful": 0.006802721088435374, "1994": 0.0013227513227513227, "vieh\u00e4tys": 0.3333333333333333, "sexual": 0.004273504273504274, "affect": 0.001447178002894356, "\u00e4\u00e4riin": 1.0, "aina": 0.0012484394506866417, "toimii": 0.003937007874015748, "seksi\u00e4": 0.5, "aims": 0.0033003300330033004, "while": 0.0002832058906825262, "romaaniin": 0.5, "teokset": 0.07142857142857142, "delany": 1.0, "with": 2.844545583842981e-05, "to": 8.024394158241052e-05, "\u00e4\u00e4rimm\u00e4isten": 0.6666666666666666, "sparking": 0.14285714285714285, "expects": 0.02702702702702703, "kiinnostus": 0.015873015873015872, "poppy": 0.6666666666666666, "large": 0.0005367686527106817, "kehitt\u00e4mist\u00e4": 0.024390243902439025, "nousivat": 0.01818181818181818, "niin": 0.00042301184433164127, "aloilta": 1.0, "easton": 1.0, "typical": 0.0016, "keskittyykin": 0.3333333333333333, "century": 0.0009319664492078285, "ne": 0.0003795066413662239, "perustuu": 0.005434782608695652, "disgust": 0.1111111111111111, "value": 0.001756440281030445, "vuosikymmenin\u00e4": 0.047619047619047616, "disturb": 0.038461538461538464, "erittelee": 0.125, "esteettisi\u00e4": 0.04, "few": 0.0009174311926605505, "lukijassa": 0.3333333333333333, "saroilla": 1.0, "drawing": 0.006578947368421052, "n\u00e4iden": 0.0018975332068311196, "l\u00e4hestyy": 0.06666666666666667, "violence": 0.0029498525073746312, "delanyn": 1.0, "keskeiseen": 0.2, "conflicting": 0.03571428571428571, "representation": 0.001303780964797914, "is": 2.9746411839071912e-05, "pahamaineinen": 0.5, "v\u00e4kivaltakuvausten": 1.0, "us": 0.0005847953216374269, "tuottamaan": 0.022222222222222223, "cooperin": 0.06666666666666667, "shokeerata": 1.0,