{"university": 0.00024449877750611245, "k\u00e4ytt\u00f6": 0.006578947368421052, "yhteis\u00f6llisyyden": 0.0196078431372549, "motivation": 0.0015822784810126582, "environment": 0.0006218905472636816, "palvelut": 0.1, "tarkastelee": 0.015873015873015872, "muuttaa": 0.010526315789473684, "individual": 0.00045558086560364467, "sidosryhmien": 0.375, "luo": 0.0047169811320754715, "multi-functioning": 1.0, "research": 0.0006687174000267487, "hy\u00f6dynt\u00e4\u00e4": 0.008771929824561403, "library": 0.005747126436781609, "kohtaavat": 0.09523809523809523, "mahdollisesti": 0.004484304932735426, "atmosphere": 0.001440922190201729, "kirjaston": 0.06666666666666667, "tavallisesta": 0.125, "julkiset": 0.2857142857142857, "metodit": 0.09523809523809523, "tunteen": 0.020833333333333332, "olla": 0.0006305170239596469, "projektin": 0.023255813953488372, "cognition": 0.005128205128205128, "j\u00e4senten": 0.011494252873563218, "ett\u00e4": 0.00043191879926573806, "also": 0.00017957620016760445, "tarkastelussa": 0.015873015873015872, "focus": 0.001702127659574468, "jatkuvia": 0.25, "center": 0.0018315018315018315, "tukivat": 0.04, "ty\u00f6ntekij\u00f6ill\u00e4": 0.25, "adapt": 0.011904761904761904, "helpful": 0.009523809523809525, "sector": 0.005952380952380952, "my\u00f6nteinen": 0.06666666666666667, "employee": 0.018518518518518517, "and": 9.361159379589162e-05, "muuttamaan": 0.043478260869565216, "public": 0.0033783783783783786, "service": 0.018134715025906734, "time": 0.00017292062943109114, "haastattelemalla": 0.047619047619047616, "influences": 0.0048543689320388345, "toimintaa": 0.0031545741324921135, "work": 0.0004363001745200698, "employees": 0.08695652173913043, "at": 6.507451031430989e-05, "voidaanko": 0.05555555555555555, "towards": 0.0007272727272727272, "tutkielma": 0.004694835680751174, "executed": 0.022727272727272728, "uudistaa": 0.07692307692307693, "business": 0.0031645569620253164, "sidosryhmill\u00e4": 1.0, "muutos": 0.013605442176870748, "yksityiset": 0.2, "master\u2019s": 0.007874015748031496, "tehokkaasti": 0.03333333333333333, "strategisessa": 1.0, "use": 0.00020403999183840033, "organisaation": 0.047619047619047616, "motivoinnin": 1.0, "osa-alueita": 0.043478260869565216, "how": 0.00019391118867558658, "reorganize": 0.4, "kommunikaatiota": 0.1, "positiivisesti": 0.02631578947368421, "uudet": 0.011235955056179775, "vaikutettaessa": 1.0, "renewal": 0.058823529411764705, "pro": 0.0027548209366391185, "eri": 0.0005861664712778429, "k\u00e4yt\u00f6ll\u00e4": 0.058823529411764705, "sek\u00e4": 0.0007477567298105683, "organizational": 0.01639344262295082, "k\u00e4ytt\u00f6\u00f6n\\n\\nt\u00e4m\u00e4": 1.0, "organisaatio": 0.07692307692307693, "these": 0.00018731853516905497, "able": 0.0006385696040868455, "tarpeen": 0.015748031496062992, "follow": 0.0016891891891891893, "co-design": 1.0, "mahdollisuus": 0.0058823529411764705, "methods": 0.0012322858903265558, "tarve": 0.010638297872340425, "role": 0.0003736920777279522, "ja": 0.0003194652642960706, "place": 0.000547945205479452, "aalto": 0.016666666666666666, "need": 0.002364066193853428, "learning": 0.00027063599458728013, "organizations": 0.04225352112676056, "mahdollisimman": 0.004672897196261682, "be": 9.628345850182938e-05, "kun": 0.0008791208791208791, "nykyp\u00e4iv\u00e4n\u00e4": 0.058823529411764705, "work\\n\\nthe": 1.0, "both": 0.00048426150121065375, "p\u00e4ivitt\u00e4in": 0.02702702702702703, "kohde": 0.014705882352941176, "that": 1.9868865487780646e-05, "k\u00e4ytt\u00e4ytymist\u00e4\u00e4n": 0.16666666666666666, "tutkimuksen": 0.0008149959250203749, "all": 0.00020633446817290828, "osallistujia": 0.06666666666666667, "palvelujen": 0.14285714285714285, "sidosryhmiin": 0.5, "tukemassa": 0.25, "kohtaa": 0.0136986301369863, "growing": 0.002421307506053269, "muutosta": 0.011764705882352941, "aspects": 0.0018214936247723133, "should": 0.0002760143527463428, "ty\u00f6ntekij\u00f6it\u00e4": 0.02857142857142857, "keskityt\u00e4\u00e4n": 0.02857142857142857, "muutoksia": 0.008333333333333333, "omasta": 0.005780346820809248, "strategisen": 0.3333333333333333, "t\u00e4m\u00e4": 0.0005934718100890207, "yhteisty\u00f6st\u00e4": 0.0625, "ty\u00f6tapoja": 0.1111111111111111, "can": 0.0002070107645597571, "kirjastosta": 0.25, "kaikkia": 0.005988023952095809, "mindset": 0.05405405405405406, "showed": 0.000851063829787234, "in": 5.338280139596026e-05, "palvelumuotoilua": 1.0, "motivating": 0.025, "stakeholders": 0.06521739130434782, "usage": 0.003937007874015748, "participants": 0.0010070493454179255, "tuottamisen": 0.2, "process": 0.0009096422073984233, "tarkastelun": 0.009259259259259259, "communication": 0.0009199632014719411, "private": 0.007317073170731708, "kokemukseen": 0.017241379310344827, "henkil\u00f6st\u00f6\u00f6n": 0.5, "vaateisiin": 1.0, "auttavat": 0.029411764705882353, "muutosprojekti": 1.0, "organisaatiot": 0.18181818181818182, "kolmesta": 0.021739130434782608, "osallistujien": 0.03225806451612903, "n\u00e4it\u00e4": 0.009433962264150943, "palvelumuotoiluprojektiin": 1.0, "palveluja": 0.125, "based": 0.00023629489603024575, "ottaa": 0.004032258064516129, "yliopiston": 0.0037313432835820895, "tukena": 0.030303030303030304, "tools": 0.0012453300124533001, "their": 0.0001548826763726477, "tutkimus": 0.0015220700152207, "it": 3.861898509307175e-05, "aikav\u00e4lill\u00e4": 0.047619047619047616, "rooli": 0.004739336492890996, "osallistuvia": 1.0, "ty\u00f6skentelytapoja": 0.3333333333333333, "metodien": 0.11764705882352941, "strateginen": 0.16666666666666666, "oppimiskeskusta": 1.0, "three": 0.00033003300330033004, "change": 0.0028011204481792717, "jopa": 0.0017543859649122807, "support": 0.0008403361344537816, "taking": 0.0016778523489932886, "palvelusuunnittelun": 1.0, "vaikutus": 0.0047169811320754715, "lyhyell\u00e4kin": 1.0, "working": 0.001892147587511826, "for": 4.17641162712997e-05, "by": 0.0001406321414759343, "keski\u00f6ss\u00e4": 0.01639344262295082, "where": 0.0001984126984126984, "luomista": 0.05263157894736842, "supporting": 0.006309148264984227, "or": 9.830908375933936e-05, "to": 4.4579967545783626e-05, "havainnoimalla": 0.09090909090909091, "vaikuttamisesta": 0.5, "observing": 0.00510204081632653, "my\u00f6s": 0.0002822466836014677, "this": 6.921373200442968e-05, "creates": 0.004975124378109453, "human": 0.00039984006397441024, "project": 0.0033707865168539327, "feeling": 0.0041841004184100415, "traditional": 0.0012239902080783353, "j\u00e4seni\u00e4": 0.03125, "toteutettu": 0.02857142857142857, "uudistamistarpeita": 1.0, "way": 0.000643293663557414, "strategic": 0.021164021164021163, "more": 8.86053517632465e-05, "period": 0.0007092198581560284, "ty\u00f6ntekij\u00f6iden": 0.024390243902439025, "offering": 0.012658227848101266, "is": 0.00010411244143675169, "many": 0.00023272050267628578, "stakeholder\u2019s": 1.0, "influencing": 0.025974025974025976, "muutoksessa": 0.09523809523809523, "t\u00e4m\u00e4n": 0.0007412898443291327, "toimintatavat": 0.038461538461538464, "on": 0.00015942288914130845, "servicesthe": 1.0, "gradu": 0.0044444444444444444, "faces": 0.011904761904761904, "kehitt\u00e4misess\u00e4": 0.02702702702702703, "when": 0.00039530899986823034, "hy\u00f6dynnet\u00e4\u00e4n": 0.02564102564102564, "design": 0.004548408057179987, "k\u00e4sin": 0.010526315789473684, "muutoksi": 1.0, "ihmisen": 0.0041841004184100415, "changes": 0.0008948545861297539, "from": 4.177982034677251e-05, "will": 0.00019171779141104295, "helposti": 0.004975124378109453, "the": 8.675801562728756e-05, "\\n\\nthis": 0.03225806451612903, "creating": 0.002544529262086514, "object": 0.0020942408376963353, "are": 8.506294658046955e-05, "palvelumuotoilun": 1.0, "short": 0.001277139208173691, "n\u00e4ytti": 0.011235955056179775, "facing": 0.04, "services": 0.01078167115902965, "siihen": 0.0008984725965858042, "together": 0.0006242197253433209, "create": 0.0017543859649122807, "of": 6.636895449934106e-05, "toteen": 0.1, "interviewing": 0.024390243902439025, "palvelumuotoilu": 1.0,