{"order": 0.0003204101249599487, "national": 0.002386634844868735, "differences": 0.0006176652254478073, "solve": 0.005128205128205128, "than": 0.0001424298532972511, "example": 0.0002099517111064455, "tavoitteet": 0.009174311926605505, "muassa": 0.001953125, "haastatelluista": 0.045454545454545456, "describe": 0.0012254901960784314, "am": 0.0005837711617046118, "pupils": 0.001310615989515072, "not": 0.00013134276082483253, "sukupuolittavia": 1.0, "mukaan": 0.0007005253940455342, "osiin": 0.0625, "taken": 0.0007127583749109052, "tasa-arvo": 0.058823529411764705, "tytt\u00f6": 0.022727272727272728, "lead": 0.0011135857461024498, "gender": 0.014124293785310734, "edist\u00e4misest\u00e4": 0.25, "on": 9.963930571331779e-05, "see": 0.00018178512997636792, "but": 0.00016307893020221786, "four": 0.0007288629737609329, "tulosten": 0.00819672131147541, "defined": 0.0016025641025641025, "opettajaa": 0.13636363636363635, "tiedostaa": 0.045454545454545456, "ensin": 0.005076142131979695, "diversity": 0.004819277108433735, "siit\u00e4": 0.0006079027355623101, "kolmannella": 0.14285714285714285, "seems": 0.000547645125958379, "lis\u00e4tietoa": 0.06666666666666667, "little": 0.001288659793814433, "sukupuolesta": 0.18181818181818182, "ollenkaan": 0.012195121951219513, "aiempaa": 0.019230769230769232, "luokanopettajaa": 0.16666666666666666, "koki": 0.010309278350515464, "silt\u00e4": 0.006896551724137931, "through": 0.0005414185165132648, "tytt\u00f6j\u00e4": 0.058823529411764705, "erilaisten": 0.006622516556291391, "worked": 0.004545454545454545, "emphasis": 0.0018975332068311196, "sukupuoli-v\u00e4hemmist\u00f6j\u00e4": 1.0, "sek\u00e4": 0.0002492522432701894, "v\u00e4lill\u00e4\\n\\nmenetelm\u00e4t": 1.0, "se": 0.00014753614635585718, "own": 0.0008507018290089324, "structured": 0.006535947712418301, "teachers": 0.008726003490401396, "only": 0.0001296512381693245, "ja": 0.00022116825989727964, "need": 0.000591016548463357, "opettajalla": 0.09090909090909091, "yhdell\u00e4": 0.022222222222222223, "mielipiteit\u00e4": 0.01818181818181818, "subject": 0.0006257822277847309, "k\u00e4ytt\u00e4ytyv\u00e4t": 0.2, "generally": 0.001088139281828074, "beginning": 0.001122334455667789, "tutkimuksen": 0.0008149959250203749, "goal": 0.0008680555555555555, "first": 0.00023342670401493932, "practices": 0.0006443298969072165, "ryhmiteltiin": 0.25, "grouped": 0.013157894736842105, "interviews": 0.0025974025974025974, "felt": 0.0034482758620689655, "voimaan": 0.022222222222222223, "ilman": 0.0016366612111292963, "teht\u00e4vien": 0.01694915254237288, "classrooms": 0.01020408163265306, "basically": 0.010416666666666666, "tilanteiseen": 1.0, "poikaoppilaiden": 1.0, "between": 0.00010150223304912708, "had": 0.0005025967498743508, "ei": 0.00013294336612603032, "around": 0.000864304235090752, "duality": 0.037037037037037035, "emphasized": 0.005847953216374269, "opinions": 0.006134969325153374, "mukaisesti": 0.0045662100456621, "analysoitiin": 0.02, "n\u00e4ytt\u00e4\u00e4": 0.0049261083743842365, "their": 0.0003097653527452954, "tutkimus": 0.0030441400304414, "previous": 0.0007496251874062968, "nostaa": 0.007936507936507936, "opetustaan": 0.25, "miehen": 0.017543859649122806, "puolistrukturoitu": 0.25, "were": 0.00012665442340573744, "good": 0.0005151983513652757, "for": 0.0001252923488138991, "years": 0.0004192872117400419, "concept": 0.0008210180623973727, "opetussuunnitelman": 0.03333333333333333, "k\u00e4sityksens\u00e4": 0.05263157894736842, "even": 0.00017777777777777779, "or": 4.915454187966968e-05, "to": 8.024394158241052e-05, "boys": 0.0044444444444444444, "yleisesti": 0.003968253968253968, "millaisia": 0.0056179775280898875, "content": 0.00046882325363338024, "p\u00e4tevyytt\u00e4": 0.125, "analyzed": 0.002457002457002457, "this": 0.00013842746400885935, "aihepiireist\u00e4": 0.3333333333333333, "koulussa": 0.012345679012345678, "olen": 0.0014326647564469914, "meant": 0.0029498525073746312, "sensitivityluokanopettajien": 1.0, "recognizes": 0.02127659574468085, "tasa-arvosta": 1.0, "data": 0.00026167735182519954, "still": 0.00048520135856380397, "careers": 0.02040816326530612, "is": 0.00010411244143675169, "sukupuolitietoisesti": 1.0, "t\u00e4m\u00e4n": 0.0007412898443291327, "mentioned": 0.0010214504596527069, "means": 0.0004662004662004662, "haastattelussa": 0.02040816326530612, "2014": 0.00046871338176704945, "will": 0.00019171779141104295, "ideas": 0.0036991368680641184, "osaa": 0.005847953216374269, "qualification": 0.03571428571428571, "miten": 0.0007513148009015778, "kaksi": 0.003289473684210526, "kuvata": 0.010101010101010102, "eiv\u00e4t": 0.0007710100231303007, "results": 0.00018747656542932134, "sukupuolen": 0.030303030303030304, "of": 3.7925116856766316e-05, "schools": 0.0009398496240601503, "thought": 0.001968503937007874, "pitk\u00e4": 0.010752688172043012, "sekaryhmill\u00e4": 1.0, "smaller": 0.001519756838905775, "equality": 0.09876543209876543, "primary": 0.0016474464579901153, "according": 0.0009615384615384616, "n\u00e4k\u00f6kulmasta": 0.002173913043478261, "enemm\u00e4n": 0.0013869625520110957, "kolme": 0.002967359050445104, "purkaa": 0.05555555555555555, "luokanopettajana": 1.0, "by": 3.515803536898358e-05, "third": 0.0008665511265164644, "gendered": 0.013157894736842105, "same": 0.0004572473708276177, "sukupuolitietoisella": 1.0, "aineisto": 0.011538461538461539, "promoting": 0.006993006993006993, "highlight": 0.007575757575757576, "more": 0.000177210703526493, "opettajilla": 0.1111111111111111, "at": 6.507451031430989e-05, "laadullinen": 0.0196078431372549, "mutta": 0.0006422607578676942, "opetuksessaan": 0.03125, "that": 0.00013908205841446454, "then": 0.0002577984016499098, "pilkottiin": 0.5, "edistet\u00e4\u00e4n": 0.2, "jokaisessa": 0.03125, "luokanopettajista": 0.5, "uuden": 0.002881844380403458, "n\u00e4kev\u00e4t": 0.0196078431372549, "ajatuksia": 0.021052631578947368, "syksyn\u00e4": 0.16666666666666666, "naisen": 0.015873015873015872, "ett\u00e4": 0.00032393909944930353, "hankittiin": 0.09090909090909091, "haastattelu": 0.011627906976744186, "ensi": 0.015625, "behave": 0.01098901098901099, "every": 0.0009784735812133072, "samoista": 0.05, "topics\\n\\nresults": 1.0, "and": 6.435797073467548e-05, "antamisella": 1.0, "sukupuolia": 0.5, "haastattelemalla": 0.047619047619047616, "tavoitellaan": 0.1, "women": 0.0005605381165919282, "they": 9.879470460383324e-05, "johtop\u00e4\u00e4t\u00f6kset": 0.010309278350515464, "promote": 0.006896551724137931, "tarkoittaa": 0.002617801047120419, "minorities": 0.0125, "opetuksella": 0.16666666666666666, "men": 0.0010030090270812437, "herhis": 0.25, "hyvin": 0.0007057163020465773, "do": 0.00016767270288397049, "applied": 0.0008968609865470852, "interview": 0.0022624434389140274, "tarkoituksena": 0.004608294930875576, "toteutumisesta": 0.08333333333333333, "v\u00e4h\u00e4n": 0.0020408163265306124, "addition": 0.00038714672861014324, "concerning": 0.0047789725209080045, "eroja": 0.006535947712418301, "how": 0.00019391118867558658, "have": 5.3556126820908315e-05, "as": 6.322977700965309e-05, "consideration": 0.00425531914893617, "ajan": 0.001692047377326565, "huonommin": 0.14285714285714285, "perspective": 0.0022727272727272726, "career": 0.007042253521126761, "vuoden": 0.0013966480446927375, "ollut": 0.0005291005291005291, "kaksijakoisen": 1.0, "olleet": 0.0025974025974025974, "able": 0.0006385696040868455, "nel-j\u00e4\u00e4": 1.0, "sit\u00e4": 0.0010330578512396695, "erilaisia": 0.002531645569620253, "separate": 0.0013458950201884253, "school": 0.00023998080153587713, "person": 0.0007710100231303007, "opettajien": 0.004784688995215311, "astuva": 1.0, "ty\u00f6skennellyt": 0.03333333333333333, "study": 0.00010544074230282581, "practises": 0.14285714285714285, "sen": 0.0002768549280177187, "did": 0.0003698224852071006, "teaching": 0.002663115845539281, "analysis": 0.00019825535289452815, "each": 0.0002549069589599796, "aiheiden": 0.06666666666666667, "based": 0.00023629489603024575, "jossa": 0.002320185614849188,