{"vars": 0.03571428571428571, "jag": 0.0034482758620689655, "circle": 0.03773584905660377, "individual": 0.00045558086560364467, "minneskv\u00e4llen\\n\\nfr\u00e5gest\u00e4llningen": 1.0, "m\u00f6jlighet": 0.09090909090909091, "lyfts": 0.16666666666666666, "these": 9.365926758452749e-05, "life": 0.0003769317753486619, "betyder": 0.027777777777777776, "togetherness": 0.08, "fallstudie": 1.0, "deras": 0.013333333333333334, "mentally": 0.027777777777777776, "efter": 0.005847953216374269, "ang\u00e5ende": 0.08333333333333333, "traditionen": 0.25, "av": 0.0025157232704402514, "that": 5.9606596463341945e-05, "handcraft": 0.08333333333333333, "sina": 0.0064516129032258064, "aim": 0.0009871668311944718, "sym\u00f6te": 1.0, "liv": 0.08333333333333333, "essential": 0.0009737098344693282, "well": 0.0009013068949977468, "lyssnare": 0.3333333333333333, "on": 1.9927861142663556e-05, "inneh\u00e5ll": 0.06666666666666667, "b\u00e5de": 0.012658227848101266, "joy": 0.011904761904761904, "\\n\\nresultatet": 1.0, "denna": 0.00625, "kvalitativ": 0.09090909090909091, "unique": 0.002257336343115124, "and": 6.435797073467548e-05, "sl\u00e4kten": 0.5, "studien": 0.034482758620689655, "med": 0.002206287920573635, "presenterar": 0.06666666666666667, "diverse": 0.002403846153846154, "bortg\u00e5ngna": 1.0, "empiriskt": 1.0, "utg\u00e5ende": 0.1111111111111111, "they": 9.879470460383324e-05, "joint": 0.004464285714285714, "show": 0.0006169031462060457, "involverar": 1.0, "generationens": 1.0, "f\u00f6ra": 0.06666666666666667, "interpreted": 0.002325581395348837, "videoband": 1.0, "interprets": 0.025, "clarified": 0.03125, "deltar": 0.16666666666666666, "towards": 0.002181818181818182, "minneskv\u00e4llen": 1.0, "minnesbilderna": 1.0, "hj\u00e4lpmedel": 0.5, "sedan": 0.014285714285714285, "tacksamhet": 1.0, "aktiva": 0.08333333333333333, "st\u00f6d": 0.07692307692307693, "interview": 0.0011312217194570137, "\\n\\nthe": 0.011235955056179775, "uttrycka": 0.027777777777777776, "inte": 0.0013333333333333333, "evening": 0.04040404040404041, "concerning": 0.0011947431302270011, "inspiration": 0.008547008547008548, "forth": 0.030612244897959183, "spelas": 0.5, "samlar": 1.0, "kan": 0.002197802197802198, "younger": 0.015306122448979591, "as": 0.00025291910803861234, "dess": 0.011904761904761904, "inneh\u00e5ller": 0.1, "theme": 0.003389830508474576, "through": 0.0002707092582566324, "deceased": 0.002386634844868735, "experience": 0.0008984725965858042, "recorded": 0.006622516556291391, "perspective": 0.0011363636363636363, "minneskv\u00e4llens": 1.0, "uppst\u00e5tt": 0.1, "already": 0.0006067961165048543, "get": 0.0010604453870625664, "k\u00e4nslom\u00e4ssiga": 1.0, "f\u00e5r": 0.009433962264150943, "hj\u00e4lp": 0.03125, "syjuntan": 1.0, "mig": 0.012987012987012988, "offers": 0.004366812227074236, "m\u00e5ngsidiga": 0.5, "minnesbilder": 0.6666666666666666, "are": 5.6708631053646363e-05, "significant": 0.0008084074373484236, "study": 0.00042176296921130323, "temaintervju": 1.0, "till": 0.002176278563656148, "den": 0.0016545334215751159, "visar": 0.015873015873015872, "be": 6.418897233455292e-05, "without": 0.0004945598417408506, "function": 0.00042158516020236085, "som": 0.003236245954692557, "both": 0.00016142050040355126, "under": 0.0016722408026755853, "lyfta": 0.25, "studie": 0.034482758620689655, "thoughts": 0.008333333333333333, "risen": 0.04, "umg\u00e4nge": 0.25, "vidare": 0.021739130434782608, "this": 3.460686600221484e-05, "\\n\\nstudien": 1.0, "physically": 0.008849557522123894, "fr\u00e5n": 0.003367003367003367, "medlemmarna": 1.0, "itself": 0.000931098696461825, "at": 6.507451031430989e-05, "visuellt": 1.0, "f\u00f6r": 0.0020554984583761563, "per": 0.0004551661356395084, "tradition": 0.01444043321299639, "fysiskt": 0.2, "community": 0.0006389776357827476, "box": 0.011976047904191617, "en": 0.0008396305625524769, "family": 0.002325581395348837, "most": 0.0001503307276007216, "generationen": 0.3333333333333333, "organiserade": 0.25, "m\u00e5l": 0.16666666666666666, "informanternas": 0.75, "och": 0.004032258064516129, "express": 0.0016313213703099511, "handmade": 0.1, "sl\u00e4ktingar": 0.3333333333333333, "erfarenhet": 1.0, "tankar": 0.12, "handarbetande": 1.0, "memory": 0.007990867579908675, "tolkar": 0.14285714285714285, "tillverkad": 1.0, "de": 0.0003204511952829584, "knowledge": 0.00039541320680110717, "active": 0.0005530973451327434, "sj\u00f6blomska": 1.0, "qualitative": 0.0012121212121212121, "based": 0.00023629489603024575, "v\u00e4rderasi": 1.0, "their": 7.744133818632385e-05, "it": 3.861898509307175e-05, "video": 0.0053475935828877, "sewing": 0.25, "goal": 0.0008680555555555555, "minnesbildernas": 1.0, "emotional": 0.0035714285714285713, "opens": 0.014925373134328358, "har": 0.0013280212483399733, "material": 0.0009398496240601503, "sl\u00e4ktens": 0.5714285714285714, "recollections": 0.5, "informants": 0.012345679012345678, "kunskap": 0.16666666666666666, "which": 0.00011456722231769491, "stor": 0.013157894736842105, "sets": 0.0012987012987012987, "utan": 0.01020408163265306, "informanterna": 0.02702702702702703, "brings": 0.006493506493506494, "involving": 0.004219409282700422, "betydelse": 0.05172413793103448, "ett": 0.000975609756097561, "imagine": 0.017543859649122806, "with": 8.533636751528944e-05, "to": 4.4579967545783626e-05, "h\u00e4ndelser": 0.16666666666666666, "teman": 0.037037037037037035, "centrala": 0.06666666666666667, "empirically": 0.018518518518518517, "present": 0.0003695491500369549, "gl\u00e4dje": 0.5, "sj\u00f6blom": 0.05, "vilka": 0.03571428571428571, "gratitude": 0.0053475935828877, "varma": 0.037037037037037035, "discusses": 0.0051813471502590676, "minnesl\u00e5da": 1.0, "value": 0.000585480093676815, "samt": 0.027649769585253458, "was": 3.961808169248445e-05, "yngre": 0.5, "om": 0.001183431952662722, "visual": 0.0013054830287206266, "betydelsen": 0.06666666666666667, "members": 0.001692047377326565, "warm": 0.004608294930875576, "information": 0.0005825808330905913, "egenh\u00e4ndigt": 1.0, "is": 5.9492823678143824e-05, "gemenskapens": 1.0, "ur": 0.012987012987012988, "themes": 0.002583979328165375, "include": 0.0007621951219512195, "genom": 0.023622047244094488, "redan": 0.008064516129032258, "t\u00e4nka": 0.14285714285714285, "fram": 0.06578947368421052, "means": 0.0004662004662004662, "collect": 0.011764705882352941, "\u00e4r": 0.005336179295624333, "significance": 0.003194888178913738, "during": 0.0006634232640424591, "listeners": 0.021739130434782608, "videoinspelat": 1.0, "analyseras": 0.5, "will": 0.0003834355828220859, "meaning": 0.002031144211238998, "the": 0.0001274258354525786, "psykiskt": 1.0, "memories": 0.007692307692307693, "v\u00e4rde": 0.6666666666666666, "results": 0.00018747656542932134, "minnesl\u00e5dorna": 1.0, "help": 0.0018726591760299626, "syftet": 0.07692307692307693, "inquiry": 0.006622516556291391, "can\u00b4t": 1.0, "interviewed": 0.003703703703703704, "participated": 0.0036363636363636364, "bring": 0.0064516129032258064, "boxes": 0.02857142857142857, "syjunta": 1.0, "who": 0.0002050440844781628, "after": 0.0002642007926023778, "event": 0.001314060446780552, "individen": 0.25, "about": 0.00016966406515100103, "traditionens": 1.0, "of": 4.26657564638621e-05, "in": 1.3345700348990065e-05, "divided": 0.001838235294117647, "att": 0.0017421602787456446, "aid": 0.005025125628140704, "kommer": 0.029411764705882353, "delas": 0.07142857142857142, "into": 0.000164257555847569, "generation": 0.0046801872074883, "case": 0.00024277737314882253, "ihop": 0.07142857142857142, "evening\\n\\nthe": 1.0, "intervjuas": 1.0, "fungerar": 0.058823529411764705, "tolkas": 0.07142857142857142, "observation": 0.003703703703703704, "analysed": 0.00411522633744856, "medf\u00f6r": 0.5, "has": 0.0001543090810894221, "\u00f6ver": 0.011764705882352941, "gemenskapen": 1.0, "det": 0.0006049606775559589, "framf\u00f6rs": 1.0}