{"identiteettiins\u00e4": 0.5, "muokkaa": 0.03571428571428571, "identiteettiosuus": 1.0, "kielen": 0.00234192037470726, "tarkastelee": 0.015873015873015872, "muuttaa": 0.010526315789473684, "paikkoja": 0.06666666666666667, "luo": 0.0047169811320754715, "historiaa": 0.01020408163265306, "hokkaidon": 1.0, "harjoittavat": 0.25, "asioita": 0.0038314176245210726, "luultavasti": 0.01098901098901099, "nimell\u00e4": 0.011764705882352941, "identiteetti\u00e4": 0.037037037037037035, "turismin": 0.5, "n\u00e4ytt\u00e4m\u00e4\u00e4n": 0.07142857142857142, "heid\u00e4n": 0.0053475935828877, "varsinkin": 0.014285714285714285, "p\u00e4iv\u00e4n\u00e4": 0.00819672131147541, "ethnic": 0.0036496350364963502, "identiteetti\u00e4\u00e4n": 0.125, "identity": 0.001218026796589525, "ja": 0.00029489101319637285, "kansallis": 1.0, "aihe": 0.010752688172043012, "tunnettiin": 0.08333333333333333, "ainuilla": 1.0, "ett\u00e4": 0.00010797969981643452, "tutkielmassani": 0.015625, "tansseja": 0.14285714285714285, "perinteisi\u00e4": 0.05, "on": 0.00021920647256929912, "j\u00e4rjest\u00f6jen": 0.030303030303030304, "ohotan-kulttuureista": 1.0, "satsumon": 1.0, "ty\u00f6t\u00e4": 0.006097560975609756, "kodeissa": 0.05263157894736842, "uusi": 0.0030581039755351682, "vuonna": 0.0016806722689075631, "ovat": 0.0005134788189987163, "jatkossakin": 0.14285714285714285, "my\u00f6s": 0.00014112334180073385, "turismia": 1.0, "identiteettiin\\n\\netninen": 1.0, "kehittyiv\u00e4t": 0.08333333333333333, "j\u00e4rjest\u00f6j\u00e4": 0.25, "perinteisen": 0.017241379310344827, "liitettiin": 0.03333333333333333, "tourism": 0.023809523809523808, "kuriilien": 1.0, "etnisen": 0.2, "artikkeleita": 0.02631578947368421, "virallisesti": 0.03333333333333333, "asti": 0.004975124378109453, "tutkittu": 0.006289308176100629, "saarien": 1.0, "kuten": 0.0011587485515643105, "identiteetille": 0.125, "nimi": 0.004291845493562232, "kasvaa": 0.011235955056179775, "etniset": 0.2, "kulttuurin": 0.0078125, "tokiosta": 0.5, "osassathe": 1.0, "2008\\n\\ntutkielman": 1.0, "tutkielmani": 0.03669724770642202, "sosiaalisia": 0.024390243902439025, "s\u00e4ilytys": 0.3333333333333333, "muokannut": 0.07142857142857142, "alkuper\u00e4iskansa": 1.0, "ajan": 0.001692047377326565, "alkuper\u00e4isv\u00e4est\u00f6n": 0.25, "ainut": 0.25, "perustettiin": 0.01098901098901099, "nykyisin": 0.016666666666666666, "japania": 0.07692307692307693, "tutkielmassa": 0.005988023952095809, "keskityn": 0.022222222222222223, "wajinit": 1.0, "1200-luvulla": 0.5, "hallituksen": 0.006756756756756757, "turismi": 1.0, "muita": 0.00202020202020202, "sit\u00e4": 0.0010330578512396695, "olemassa": 0.003861003861003861, "alueella": 0.006802721088435374, "saaren": 0.043478260869565216, "k\u00e4ytt\u00e4\u00e4": 0.002188183807439825, "monia": 0.007518796992481203, "1855": 0.045454545454545456, "kielt\u00e4m\u00e4ll\u00e4": 0.5, "sen": 0.0011074197120708748, "asukkaiden": 0.02631578947368421, "jotka": 0.0005461496450027307, "t\u00e4n\u00e4kin": 0.09090909090909091, "history": 0.0007147962830593281, "oikeuksia": 0.02127659574468085, "millainen": 0.009900990099009901, "suosio": 0.038461538461538464, "tarkastellaan": 0.006993006993006993, "jolloin": 0.001524390243902439, "osakasta": 1.0, "yhdistelm\u00e4": 0.03125, "liittyen": 0.009174311926605505, "etenkin": 0.002890173410404624, "nykyp\u00e4iv\u00e4n\u00e4": 0.058823529411764705, "edelleen": 0.003472222222222222, "tokion": 0.05263157894736842, "t\u00e4ll\u00f6in": 0.004405286343612335, "k\u00e4sittelee": 0.005847953216374269, "japanilaiseen": 0.14285714285714285, "and": 5.850724612243226e-06, "menossa": 0.1, "osaksi": 0.006666666666666667, "l\u00e4hteen\u00e4ni": 0.5, "parissa": 0.008695652173913044, "ajamaan": 0.058823529411764705, "halusivat": 0.020833333333333332, "raportteja": 0.05555555555555555, "muotoon\\n\\nhokkaidoa": 1.0, "alaisena": 0.09090909090909091, "ezo": 1.0, "sek\u00e4": 0.0012462612163509472, "ainuj\u00e4rjest\u00f6": 1.0, "toimii": 0.007874015748031496, "turismia\\n\\nainujen": 1.0, "japanilaistamalla": 1.0, "kulttuuriinsa": 0.3333333333333333, "kulttuuri": 0.011111111111111112, "k\u00e4ytt\u00e4nyt": 0.014285714285714285, "esittelen": 0.008403361344537815, "1930-luvulla": 0.1, "historia": 0.010830324909747292, "kulttuuria": 0.010752688172043012, "etnist\u00e4": 0.6, "modernin": 0.014492753623188406, "vaikutus": 0.0047169811320754715, "sijaitsevia": 0.3333333333333333, "vihdoin": 0.047619047619047616, "assimilaatio": 1.0, "useita": 0.004291845493562232, "selvitt\u00e4\u00e4": 0.005291005291005291, "ihmisin\u00e4": 0.5, "kouluttaa": 0.16666666666666666, "sosiaalipsykologiassa": 1.0, "ollut": 0.0005291005291005291, "ainujen": 1.0, "ainuja": 1.0, "omaa": 0.0033333333333333335, "esitt\u00e4v\u00e4t": 0.022222222222222223, "p\u00e4\u00e4asiassa": 0.00546448087431694, "tulee": 0.0014727540500736377, "kuitenkin": 0.0005058168942842691, "kiitt\u00e4minen": 0.5, "vaikuttanut": 0.010416666666666666, "tarkoitus": 0.005747126436781609, "alkuper\u00e4iskansaksi": 1.0, "ainu": 0.3333333333333333, "tuli": 0.001941747572815534, "kanssa": 0.0006476683937823834, "kulttuurinsa": 0.16666666666666666, "tapansa": 0.3333333333333333, "noin": 0.0033783783783783786, "seurasi": 0.0196078431372549, "olen": 0.0014326647564469914, "markkinoi": 1.0, "saari": 0.037037037037037035, "tuhoaan": 1.0, "v\u00e4hemmist\u00f6identiteetti": 0.5, "pitiv\u00e4t": 0.01818181818181818, "julistettiin": 0.2, "identiteettej\u00e4": 0.14285714285714285, "l\u00f6ytyy": 0.004405286343612335, "suurkaupungeista": 1.0, "kuuluu": 0.003875968992248062, "ilmenemismuotoja": 0.5, "muutettiin": 0.045454545454545456, "ilmenemisest\u00e4": 1.0, "hyv\u00e4kseen": 0.06666666666666667, "japanilaiset": 0.08695652173913043, "harjoittajat": 0.07692307692307693, "it\u00e4-aasian": 0.0625, "ala-arvoisina": 1.0, "tutkimukseen": 0.003937007874015748, "japanin": 0.0027472527472527475, "etniseen": 0.2, "pohjoista": 0.5, "suuressa": 0.024390243902439025, "hokkaidolla": 1.0, "kohtaloksi": 0.3333333333333333, "teoksia": 0.0136986301369863, "ainuyhteis\u00f6j\u00e4": 1.0, "alkoivat": 0.010869565217391304, "usein": 0.0009765625, "sukupolvi": 0.0625, "osakseen": 0.043478260869565216, "miten": 0.002253944402704733, "siit\u00e4": 0.0006079027355623101, "people": 0.0003589375448671931, "yhteent\u00f6rm\u00e4yksi\u00e4": 0.5, "tekem\u00e4\u00e4": 0.125, "muitakin": 0.020833333333333332, "\\n\\nainut": 1.0, "uusia": 0.003389830508474576, "lis\u00e4\u00e4ntyess\u00e4": 0.14285714285714285, "joka": 0.0015037593984962407, "turisteille": 1.0, "nykyp\u00e4iv\u00e4\u00e4n": 0.1, "t\u00e4m\u00e4n": 0.0014825796886582653, "lopulta": 0.0032679738562091504, "joissa": 0.001996007984031936, "joita": 0.0018552875695732839, "kohti": 0.009478672985781991, "virallisia": 0.06666666666666667, "ty\u00f6skentelevien": 0.1, "he": 0.00016450074025333114, "aiheisiin\\n\\ntutkielmassa": 1.0, "identiteettiin": 0.05, "honshun": 1.0, "etninen": 0.08333333333333333, "sahalinin": 1.0, "kuuluvia": 0.0625, "\\n\\nainujen": 1.0, "siirty\u00e4": 0.03225806451612903, "matkailijam\u00e4\u00e4rien": 1.0, "el\u00e4\u00e4": 0.02127659574468085, "kulttuuriin": 0.014925373134328358, "nykyiseen": 0.08333333333333333, "saarelta": 0.25, "s\u00e4ilyi": 0.0625, "lis\u00e4ksi": 0.001148105625717566}