{"levi\u00e4minen": 0.25, "p\u00e4\u00e4h\u00e4n": 0.09090909090909091, "severe": 0.004132231404958678, "used": 0.00010995052226498076, "seriously": 0.009174311926605505, "than": 0.0002848597065945022, "may": 0.00018477457501847746, "vuonna": 0.0016806722689075631, "near": 0.0017605633802816902, "muuttomatkan": 1.0, "we": 0.0005502366017387477, "tutkittiin": 0.00909090909090909, "finland": 0.0014603870025556773, "eik\u00e4": 0.0012004801920768306, "lis\u00e4\u00e4ntyy": 0.09090909090909091, "differences": 0.0006176652254478073, "voineet": 0.017857142857142856, "not": 0.0001751236810997767, "muuttivat": 0.0625, "driver": 0.025, "alemmalla": 0.3333333333333333, "havaittiin": 0.009433962264150943, "called": 0.000655307994757536, "vesilintujen": 1.0, "t\u00e4ss\u00e4": 0.0007107320540156361, "rakentamisen": 0.1388888888888889, "mahdollisiin": 0.07692307692307693, "built": 0.004, "viittaa": 0.00392156862745098, "l\u00e4heisyydess\u00e4": 0.09090909090909091, "vuosaaren": 0.75, "yksitt\u00e4isen": 0.02702702702702703, "poor": 0.0024875621890547263, "despite": 0.0014347202295552368, "on": 0.0002391343337119627, "heikko": 0.01639344262295082, "muut": 0.006349206349206349, "mahdolliset": 0.022727272727272728, "see": 0.00018178512997636792, "2000": 0.0030010003334444814, "lahden": 0.01694915254237288, "pienpetojen": 1.0, "but": 0.00016307893020221786, "linked": 0.001658374792703151, "lahtiin": 1.0, "kasvoivat": 0.1, "vuotta": 0.002840909090909091, "tapaus": 0.02, "rocky": 0.09090909090909091, "etel\u00e4-suomen": 0.14285714285714285, "positive": 0.0006858710562414266, "small": 0.00051440329218107, "monitored": 0.03278688524590164, "several": 0.0003832886163280951, "seurantaluodoilla": 1.0, "monitoring": 0.00980392156862745, "reuna-alueiden": 1.0, "ymp\u00e4rist\u00f6\u00e4": 0.030303030303030304, "vakavat": 1.0, "siit\u00e4": 0.0006079027355623101, "impact": 0.0035885167464114833, "kuitenkin": 0.0005058168942842691, "pesiviin": 1.0, "viereisell\u00e4": 1.0, "declined": 0.02631578947368421, "alle": 0.0021598272138228943, "areas": 0.0033222591362126247, "huomaamattaimpact": 1.0, "birds": 0.022727272727272728, "nestlings": 1.0, "kesti": 0.03571428571428571, "\\n\\nthe": 0.0056179775280898875, "esimerkiksi": 0.0005227391531625719, "northern": 0.0021413276231263384, "poikasm\u00e4\u00e4riin": 1.0, "vain": 0.0007267441860465116, "tilastolliseen": 0.3333333333333333, "later": 0.000550357732526142, "kannankehitykseen": 1.0, "merkitys": 0.0024752475247524753, "vaikutuksia": 0.024390243902439025, "monet": 0.003663003663003663, "boreal": 0.004032258064516129, "difference": 0.0023837902264600714, "rakentamisella": 0.6, "before": 0.0016741071428571428, "kaupungistuminen": 0.5, "arvioimme": 1.0, "any": 0.0002509410288582183, "forest": 0.004889975550122249, "aloittamista": 0.1, "habitat": 0.003134796238244514, "sek\u00e4": 0.0002492522432701894, "tasolla": 0.005050505050505051, "kannankehityst\u00e4": 1.0, "se": 0.00014753614635585718, "land": 0.0038461538461538464, "wetlands": 0.1111111111111111, "success": 0.001422475106685633, "\\n\\nkosteikkoalueilla": 1.0, "only": 0.0001296512381693245, "islets": 1.0, "ja": 0.00029489101319637285, "seurattiin": 0.058823529411764705, "tuloksemme": 0.25, "ilmaston": 0.05263157894736842, "situation": 0.0014035087719298245, "result": 0.0006591957811470006, "osoittaa": 0.003367003367003367, "paikallisesti": 0.027777777777777776, "some": 0.00013610997686130393, "merkitt\u00e4v\u00e4mpi\u00e4": 0.2, "principle": 0.0016260162601626016, "local": 0.0007698229407236335, "ty\u00f6ss\u00e4": 0.0045871559633027525, "joitakin": 0.011111111111111112, "found": 0.0008529997156667614, "rakennushankkeen": 1.0, "correlated": 0.0033333333333333335, "m\u00e4\u00e4r\u00e4\u00e4": 0.012048192771084338, "were": 0.0005066176936229498, "estimate": 0.00234192037470726, "pelkk\u00e4": 0.02631578947368421, "lintupopulaation": 1.0, "trends": 0.016666666666666666, "ten": 0.0022172949002217295, "olevan": 0.002229654403567447, "alueesta": 0.05263157894736842, "l\u00e4hell\u00e4": 0.010638297872340425, "most": 0.0001503307276007216, "populaatio": 0.5, "alueille": 0.041666666666666664, "peltoalueella": 1.0, "impacts": 0.02531645569620253, "m\u00e4\u00e4r\u00e4": 0.0056022408963585435, "between": 0.0003045066991473812, "arvioitiin": 0.02564102564102564, "whether": 0.0005078720162519045, "reduce": 0.00267379679144385, "huomasimme": 0.3333333333333333, "p\u00e4\u00e4osin": 0.022222222222222223, "succession": 0.029411764705882353, "jatkuvasti": 0.009615384615384616, "aiheutuneita": 0.3333333333333333, "toisaalta": 0.0014326647564469914, "tekij\u00e4": 0.0048543689320388345, "populations": 0.017130620985010708, "are": 2.8354315526823182e-05, "breeding": 0.021739130434782608, "mukaisesti": 0.0045662100456621, "bush": 0.018518518518518517, "is": 1.4873205919535956e-05, "other": 0.00019022256039566293, "threatened": 0.02857142857142857, "\\n\\nin": 0.017241379310344827, "general": 0.0014695077149155032, "heikentyneet": 0.2, "lajeista": 0.3333333333333333, "industrial": 0.0036101083032490976, "no": 0.000411635565312843, "grounds": 0.00909090909090909, "varovaisuusperiaatteen": 1.0, "for": 2.088205813564985e-05, "years": 0.0016771488469601676, "tulee": 0.0014727540500736377, "revealed": 0.0018867924528301887, "alueelta": 0.021739130434782608, "even": 0.00017777777777777779, "with": 0.00017067273503057888, "muutokset": 0.020833333333333332, "\\n\\nwe": 0.14285714285714285, "muutoksen": 0.014285714285714285, "osoittanut": 0.024390243902439025, "muutoksissa": 0.6666666666666666, "laivav\u00e4yl\u00e4n": 1.0, "clearly": 0.0010111223458038423, "vaikuttivat": 0.010309278350515464, "ehk\u00e4": 0.002173913043478261, "non-breeding": 1.0, "investigate": 0.002652519893899204, "project": 0.0033707865168539327, "vaikutukset": 0.029850746268656716, "merkitt\u00e4v\u00e4": 0.007042253521126761, "kuvasi": 0.03571428571428571, "havaita": 0.030303030303030304, "osalta": 0.0024813895781637717, "varrella": 0.043478260869565216, "tuhoutui": 0.1111111111111111, "caused": 0.0023923444976076554, "satamaa": 1.0, "slightly": 0.00487012987012987, "limited": 0.0011173184357541898, "mets\u00e4": 0.25, "kannanvaihteluihin": 1.0, "verrattuna": 0.008928571428571428, "channel": 0.00425531914893617, "more": 0.0004430267588162325, "kuin": 0.00034223134839151266, "important": 0.00029717682020802375, "vuosina": 0.0035587188612099642, "vertailuluodoilla": 1.0, "during": 0.0006634232640424591, "road": 0.03007518796992481, "bay": 0.014705882352941176, "lintukannat": 1.0, "laskentoja": 1.0, "rakentamisesta": 0.09090909090909091, "numbers": 0.002881844380403458, "harvalukuisista": 1.0, "rakennettiin": 0.02857142857142857, "\\n\\nthis": 0.03225806451612903, "merkitt\u00e4vi\u00e4": 0.014925373134328358, "number": 0.0005323396326856535, "reference": 0.001053740779768177, "rakennetun": 0.2, "grass": 0.015384615384615385, "eiv\u00e4t": 0.0007710100231303007, "results": 0.0003749531308586427, "porvarinlahti": 1.0, "natural": 0.0007057163020465773, "pit\u00e4isi": 0.005917159763313609, "aineistoon": 0.02040816326530612, "uusia": 0.003389830508474576, "of": 0.00010903471096320316, "hunted": 0.5, "joka": 0.00037593984962406017, "outcrops": 0.2, "olisivat": 0.013422818791946308, "muistettava": 0.047619047619047616, "tekij\u00e4t": 0.01652892561983471, "v\u00e4h\u00e4inen": 0.02564102564102564, "site": 0.002805049088359046, "comparison": 0.0008680555555555555, "2011": 0.00018057060310581438, "kielteisi\u00e4": 0.1, "new": 0.00033789491468153406, "poikastuotto": 1.0, "nearby": 0.02531645569620253, "koko": 0.001215066828675577, "according": 0.0003205128205128205, "mahdollisia": 0.0273972602739726, "negatiiviset": 0.05, "enemm\u00e4n": 0.0013869625520110957, "pesim\u00e4paikkoja": 1.0, "lasted": 0.017543859649122806, "alta": 0.023809523809523808, "reason": 0.0008525149190110827, "by": 7.031607073796716e-05, "hy\u00f6dytti": 0.5, "ennen": 0.00129366106080207, "mik\u00e4": 0.0027548209366391185, "substantial": 0.005154639175257732,