{"yht\u00e4": 0.002320185614849188, "piirteit\u00e4": 0.012121212121212121, "consisted": 0.004545454545454545, "these": 9.365926758452749e-05, "tavoitteet": 0.009174311926605505, "phenomenon": 0.0014204545454545455, "student\u2019s": 0.009523809523809525, "nelj\u00e4": 0.005555555555555556, "erilaista": 0.012345679012345678, "pupils": 0.001310615989515072, "puolustava": 1.0, "not": 8.756184054988836e-05, "luokiteltuna": 1.0, "mukaan": 0.0003502626970227671, "lohduttamisesta": 1.0, "absorb": 0.03333333333333333, "\\n": 0.18181818181818182, "occupational": 0.005208333333333333, "willingness": 0.018518518518518517, "tilanteissa": 0.0125, "on": 9.963930571331779e-05, "supervising": 0.05555555555555555, "once": 0.001669449081803005, "four": 0.0007288629737609329, "unique": 0.002257336343115124, "etnografisia": 1.0, "paljon": 0.0010570824524312897, "toteutettiin": 0.03278688524590164, "todeta": 0.01, "skills": 0.000749063670411985, "researcher": 0.0023923444976076554, "videointi": 0.3333333333333333, "show": 0.0006169031462060457, "vuorovaikutustilanteessa": 0.2857142857142857, "oppilaita": 0.010869565217391304, "2008": 0.0002190580503833516, "variety": 0.0015873015873015873, "another": 0.0004784688995215311, "one\u2019s": 0.002183406113537118, "identified": 0.0014749262536873156, "therapy": 0.002105263157894737, "viitteit\u00e4": 0.03333333333333333, "tavoin": 0.0035714285714285713, "among": 0.0005136106831022085, "use": 0.00020403999183840033, "vuorovaikutustapaa": 1.0, "perustuu": 0.005434782608695652, "havainnoimalla": 0.09090909090909091, "merkityst\u00e4": 0.0038314176245210726, "tutkimusaineiston": 0.0625, "yksin": 0.009433962264150943, "sek\u00e4": 0.0002492522432701894, "auttamista": 0.6666666666666666, "ethnographic": 0.010638297872340425, "koskevaan": 0.125, "own": 0.0008507018290089324, "kohteena": 0.00558659217877095, "\\nresults": 0.5, "only": 0.0001296512381693245, "methods": 0.0006161429451632779, "auttamisesta": 1.0, "extent": 0.00129366106080207, "ja": 0.00029489101319637285, "videotaping": 1.0, "student\u00b4s": 0.5, "situation": 0.0007017543859649122, "some": 0.00013610997686130393, "exhibited": 0.01, "comforting": 0.21428571428571427, "analyysi": 0.0048543689320388345, "that": 1.9868865487780646e-05, "resort": 0.07142857142857142, "tutkimuksen": 0.0024449877750611247, "were": 6.332721170286872e-05, "kahdella": 0.023255813953488372, "\\nmenetelm\u00e4t": 0.5, "ne": 0.0003795066413662239, "ohjatussa": 0.5, "ten": 0.0022172949002217295, "merkitt\u00e4v\u00e4sti": 0.009433962264150943, "method": 0.0007288629737609329, "peer": 0.0031446540880503146, "grades": 0.0034965034965034965, "most": 0.0001503307276007216, "prosocial": 0.6, "excluding": 0.010101010101010102, "tekij\u00f6ill\u00e4": 0.16666666666666666, "m\u00e4\u00e4r\u00e4": 0.0028011204481792717, "between": 0.00010150223304912708, "2009": 0.000217296827466319, "addition": 0.0007742934572202865, "johtop\u00e4\u00e4t\u00f6ksen\u00e4": 0.1, "school": 0.0007199424046076314, "toimintaterapian": 1.0, "tilanteista": 0.09090909090909091, "conclusions": 0.0016611295681063123, "sosiaalisten": 0.01818181818181818, "their": 0.0001548826763726477, "vastaanottokykyyn": 1.0, "asiat": 0.006369426751592357, "receptiveness": 0.3333333333333333, "havaittavissa": 0.009900990099009901, "attend": 0.010526315789473684, "first": 0.00023342670401493932, "aim": 0.0009871668311944718, "for": 2.088205813564985e-05, "years": 0.0004192872117400419, "tavalla": 0.001697792869269949, "with": 0.00011378182335371924, "to": 0.00012482390912819415, "ways": 0.0015961691939345571, "themselves": 0.0010799136069114472, "autististen": 1.0, "territory": 0.013888888888888888, "\\ntulokset": 1.0, "content": 0.00046882325363338024, "rakastava": 0.3333333333333333, "observing": 0.00510204081632653, "this": 3.460686600221484e-05, "collection": 0.001059322033898305, "ohjaavan": 0.125, "relevant": 0.0010940919037199124, "way": 0.000321646831778707, "kirjallisuuteen": 0.07692307692307693, "k\u00e4ytt\u00e4ytyminen": 0.0625, "data": 0.0003925160277377993, "toisen": 0.001763668430335097, "is": 4.4619617758607866e-05, "muodostui": 0.011235955056179775, "theoretical": 0.0007342143906020558, "dayyhdess\u00e4": 1.0, "defending": 0.03125, "aikuisen": 0.045454545454545456, "during": 0.0006634232640424591, "behaved": 0.07692307692307693, "autistic": 0.08695652173913043, "havainnointi": 0.02857142857142857, "adults": 0.01078167115902965, "doing": 0.0019157088122605363, "interaction": 0.0025493945188017845, "diary": 0.0014124293785310734, "siin\u00e4": 0.0012853470437017994, "included": 0.0006609385327164573, "number": 0.00026616981634282674, "six": 0.0014044943820224719, "carried": 0.0036036036036036037, "autismin": 0.2, "jakamista": 0.17647058823529413, "sis\u00e4ll\u00f6nanalyysin": 0.018518518518518517, "of": 5.2147035678053686e-05, "children": 0.0003843197540353574, "collecting": 0.008064516129032258, "kirjon": 0.1111111111111111, "aikuisten": 0.045454545454545456, "primary": 0.0008237232289950577, "behavior": 0.0017574692442882249, "students": 0.002053856686444546, "but": 8.153946510110893e-05, "types": 0.0006172839506172839, "the": 0.00010302514355740398, "observation": 0.001851851851851852, "quided": 1.0, "aiheena": 0.04, "ker\u00e4ystapana": 1.0, "vuorovaikutustapoja": 0.125, "observed": 0.0018407731247123793, "tutkimusjoukko": 0.5, "lohduttamista": 1.0, "and": 8.191014457140517e-05, "two": 0.00013950892857142856, "teoriaohjaavan": 0.3333333333333333, "age": 0.0008904719501335708, "koululaisilla": 1.0, "mutta": 0.0003211303789338471, "heid\u00e4n": 0.001336898395721925, "oppilaiden": 0.0022222222222222222, "koulup\u00e4iv\u00e4n": 0.5, "vapaassa": 0.25, "mill\u00e4": 0.006622516556291391, "degree": 0.0012919896640826874, "asenne": 0.02127659574468085, "autism": 0.015267175572519083, "affected": 0.002178649237472767, "k\u00e4ytt\u00e4ytymist\u00e4": 0.09090909090909091, "characteristics": 0.0011402508551881414, "ett\u00e4": 0.00021595939963286903, "vaikuttivat": 0.010309278350515464, "laadullisen": 0.019230769230769232, "reviiri\u00e4": 1.0, "spectrum": 0.004024144869215292, "n\u00e4m\u00e4": 0.0017985611510791368, "johtavat": 0.037037037037037035, "literature": 0.0005920663114268798, "kertaa": 0.004672897196261682, "social": 0.00026968716289104636, "kankaan": 0.0625, "varsinaisena": 0.09090909090909091, "oppilaan": 0.010471204188481676, "mahdollinen": 0.012048192771084338, "ovat": 0.0012836970474967907, "lapsen": 0.002881844380403458, "conclusion": 0.002109704641350211, "tutkimuksessa": 0.0014124293785310734, "also": 5.985873338920148e-05, "prososiaalista": 1.0, "johtop\u00e4\u00e4t\u00f6kset": 0.010309278350515464, "peace": 0.008547008547008548, "oppilaasta": 0.14285714285714285, "kuukauden": 0.012048192771084338, "kangas": 0.005952380952380952, "although": 0.0004952947003467063, "prososiaalisuus": 1.0, "had": 0.0003350644999162339, "6-12-vuotiaita": 1.0, "significantly": 0.0017605633802816902, "vuorovaikutustaidot": 0.2, "have": 5.3556126820908315e-05, "present": 0.0003695491500369549, "as": 4.2153184673102054e-05, "group": 0.0006777363605557439, "examples": 0.0010121457489878543, "ajan": 0.001692047377326565, "same": 0.00022862368541380886, "access": 0.001366120218579235, "month": 0.004405286343612335, "behaviour": 0.005797101449275362, "sit\u00e4": 0.0005165289256198347, "tutkijan": 0.007246376811594203, "complies": 0.3333333333333333, "studied": 0.0005711022272986865, "olivat": 0.0005711022272986865, "study": 0.000527203711514129, "aikana": 0.004366812227074236, "analysis": 0.0003965107057890563, "heill\u00e4": 0.00819672131147541, "both": 0.00016142050040355126, "lis\u00e4ksi": 0.001722158438576349, "categorized": 0.014705882352941176, "collected": 0.0018867924528301887, "\\nmethodology": 1.0, "potential": 0.0006341154090044388, "free": 0.001148105625717566, "framework": 0.0012195121951219512, "viitekehys": 0.02631578947368421, "noudattaa": 0.022222222222222223, "ilmeni": 0.07692307692307693, "koululaiset": 0.5,